[{"model": "auth.permission", "pk": 1, "fields": {"name": "Can add log entry", "content_type": 1, "codename": "add_logentry"}}, {"model": "auth.permission", "pk": 2, "fields": {"name": "Can change log entry", "content_type": 1, "codename": "change_logentry"}}, {"model": "auth.permission", "pk": 3, "fields": {"name": "Can delete log entry", "content_type": 1, "codename": "delete_logentry"}}, {"model": "auth.permission", "pk": 4, "fields": {"name": "Can view log entry", "content_type": 1, "codename": "view_logentry"}}, {"model": "auth.permission", "pk": 5, "fields": {"name": "Can add permission", "content_type": 2, "codename": "add_permission"}}, {"model": "auth.permission", "pk": 6, "fields": {"name": "Can change permission", "content_type": 2, "codename": "change_permission"}}, {"model": "auth.permission", "pk": 7, "fields": {"name": "Can delete permission", "content_type": 2, "codename": "delete_permission"}}, {"model": "auth.permission", "pk": 8, "fields": {"name": "Can view permission", "content_type": 2, "codename": "view_permission"}}, {"model": "auth.permission", "pk": 9, "fields": {"name": "Can add group", "content_type": 3, "codename": "add_group"}}, {"model": "auth.permission", "pk": 10, "fields": {"name": "Can change group", "content_type": 3, "codename": "change_group"}}, {"model": "auth.permission", "pk": 11, "fields": {"name": "Can delete group", "content_type": 3, "codename": "delete_group"}}, {"model": "auth.permission", "pk": 12, "fields": {"name": "Can view group", "content_type": 3, "codename": "view_group"}}, {"model": "auth.permission", "pk": 13, "fields": {"name": "Can add content type", "content_type": 4, "codename": "add_contenttype"}}, {"model": "auth.permission", "pk": 14, "fields": {"name": "Can change content type", "content_type": 4, "codename": "change_contenttype"}}, {"model": "auth.permission", "pk": 15, "fields": {"name": "Can delete content type", "content_type": 4, "codename": "delete_contenttype"}}, {"model": "auth.permission", "pk": 16, "fields": {"name": "Can view content type", "content_type": 4, "codename": "view_contenttype"}}, {"model": "auth.permission", "pk": 17, "fields": {"name": "Can add session", "content_type": 5, "codename": "add_session"}}, {"model": "auth.permission", "pk": 18, "fields": {"name": "Can change session", "content_type": 5, "codename": "change_session"}}, {"model": "auth.permission", "pk": 19, "fields": {"name": "Can delete session", "content_type": 5, "codename": "delete_session"}}, {"model": "auth.permission", "pk": 20, "fields": {"name": "Can view session", "content_type": 5, "codename": "view_session"}}, {"model": "auth.permission", "pk": 21, "fields": {"name": "Can add department", "content_type": 6, "codename": "add_department"}}, {"model": "auth.permission", "pk": 22, "fields": {"name": "Can change department", "content_type": 6, "codename": "change_department"}}, {"model": "auth.permission", "pk": 23, "fields": {"name": "Can delete department", "content_type": 6, "codename": "delete_department"}}, {"model": "auth.permission", "pk": 24, "fields": {"name": "Can view department", "content_type": 6, "codename": "view_department"}}, {"model": "auth.permission", "pk": 25, "fields": {"name": "Can add user", "content_type": 7, "codename": "add_user"}}, {"model": "auth.permission", "pk": 26, "fields": {"name": "Can change user", "content_type": 7, "codename": "change_user"}}, {"model": "auth.permission", "pk": 27, "fields": {"name": "Can delete user", "content_type": 7, "codename": "delete_user"}}, {"model": "auth.permission", "pk": 28, "fields": {"name": "Can view user", "content_type": 7, "codename": "view_user"}}, {"model": "auth.permission", "pk": 29, "fields": {"name": "Can add bed stat", "content_type": 8, "codename": "add_bedstat"}}, {"model": "auth.permission", "pk": 30, "fields": {"name": "Can change bed stat", "content_type": 8, "codename": "change_bedstat"}}, {"model": "auth.permission", "pk": 31, "fields": {"name": "Can delete bed stat", "content_type": 8, "codename": "delete_bedstat"}}, {"model": "auth.permission", "pk": 32, "fields": {"name": "Can view bed stat", "content_type": 8, "codename": "view_bedstat"}}, {"model": "auth.permission", "pk": 33, "fields": {"name": "Can add data change log", "content_type": 9, "codename": "add_datachangelog"}}, {"model": "auth.permission", "pk": 34, "fields": {"name": "Can change data change log", "content_type": 9, "codename": "change_datachangelog"}}, {"model": "auth.permission", "pk": 35, "fields": {"name": "Can delete data change log", "content_type": 9, "codename": "delete_datachangelog"}}, {"model": "auth.permission", "pk": 36, "fields": {"name": "Can view data change log", "content_type": 9, "codename": "view_datachangelog"}}, {"model": "auth.permission", "pk": 37, "fields": {"name": "Can add log", "content_type": 10, "codename": "add_log"}}, {"model": "auth.permission", "pk": 38, "fields": {"name": "Can change log", "content_type": 10, "codename": "change_log"}}, {"model": "auth.permission", "pk": 39, "fields": {"name": "Can delete log", "content_type": 10, "codename": "delete_log"}}, {"model": "auth.permission", "pk": 40, "fields": {"name": "Can view log", "content_type": 10, "codename": "view_log"}}, {"model": "auth.permission", "pk": 41, "fields": {"name": "Can add inventory detail", "content_type": 11, "codename": "add_inventorydetail"}}, {"model": "auth.permission", "pk": 42, "fields": {"name": "Can change inventory detail", "content_type": 11, "codename": "change_inventorydetail"}}, {"model": "auth.permission", "pk": 43, "fields": {"name": "Can delete inventory detail", "content_type": 11, "codename": "delete_inventorydetail"}}, {"model": "auth.permission", "pk": 44, "fields": {"name": "Can view inventory detail", "content_type": 11, "codename": "view_inventorydetail"}}, {"model": "auth.permission", "pk": 45, "fields": {"name": "Can add quantity history", "content_type": 12, "codename": "add_quantityhistory"}}, {"model": "auth.permission", "pk": 46, "fields": {"name": "Can change quantity history", "content_type": 12, "codename": "change_quantityhistory"}}, {"model": "auth.permission", "pk": 47, "fields": {"name": "Can delete quantity history", "content_type": 12, "codename": "delete_quantityhistory"}}, {"model": "auth.permission", "pk": 48, "fields": {"name": "Can view quantity history", "content_type": 12, "codename": "view_quantityhistory"}}, {"model": "auth.permission", "pk": 49, "fields": {"name": "Can add blood pressure", "content_type": 13, "codename": "add_bloodpressure"}}, {"model": "auth.permission", "pk": 50, "fields": {"name": "Can change blood pressure", "content_type": 13, "codename": "change_bloodpressure"}}, {"model": "auth.permission", "pk": 51, "fields": {"name": "Can delete blood pressure", "content_type": 13, "codename": "delete_bloodpressure"}}, {"model": "auth.permission", "pk": 52, "fields": {"name": "Can view blood pressure", "content_type": 13, "codename": "view_bloodpressure"}}, {"model": "auth.permission", "pk": 53, "fields": {"name": "Can add category", "content_type": 14, "codename": "add_category"}}, {"model": "auth.permission", "pk": 54, "fields": {"name": "Can change category", "content_type": 14, "codename": "change_category"}}, {"model": "auth.permission", "pk": 55, "fields": {"name": "Can delete category", "content_type": 14, "codename": "delete_category"}}, {"model": "auth.permission", "pk": 56, "fields": {"name": "Can view category", "content_type": 14, "codename": "view_category"}}, {"model": "auth.permission", "pk": 57, "fields": {"name": "Can add certificate", "content_type": 15, "codename": "add_certificate"}}, {"model": "auth.permission", "pk": 58, "fields": {"name": "Can change certificate", "content_type": 15, "codename": "change_certificate"}}, {"model": "auth.permission", "pk": 59, "fields": {"name": "Can delete certificate", "content_type": 15, "codename": "delete_certificate"}}, {"model": "auth.permission", "pk": 60, "fields": {"name": "Can view certificate", "content_type": 15, "codename": "view_certificate"}}, {"model": "auth.permission", "pk": 61, "fields": {"name": "Can add doctor detail", "content_type": 16, "codename": "add_doctordetail"}}, {"model": "auth.permission", "pk": 62, "fields": {"name": "Can change doctor detail", "content_type": 16, "codename": "change_doctordetail"}}, {"model": "auth.permission", "pk": 63, "fields": {"name": "Can delete doctor detail", "content_type": 16, "codename": "delete_doctordetail"}}, {"model": "auth.permission", "pk": 64, "fields": {"name": "Can view doctor detail", "content_type": 16, "codename": "view_doctordetail"}}, {"model": "auth.permission", "pk": 65, "fields": {"name": "Can add illness", "content_type": 17, "codename": "add_illness"}}, {"model": "auth.permission", "pk": 66, "fields": {"name": "Can change illness", "content_type": 17, "codename": "change_illness"}}, {"model": "auth.permission", "pk": 67, "fields": {"name": "Can delete illness", "content_type": 17, "codename": "delete_illness"}}, {"model": "auth.permission", "pk": 68, "fields": {"name": "Can view illness", "content_type": 17, "codename": "view_illness"}}, {"model": "auth.permission", "pk": 69, "fields": {"name": "Can add illness treatment", "content_type": 18, "codename": "add_illnesstreatment"}}, {"model": "auth.permission", "pk": 70, "fields": {"name": "Can change illness treatment", "content_type": 18, "codename": "change_illnesstreatment"}}, {"model": "auth.permission", "pk": 71, "fields": {"name": "Can delete illness treatment", "content_type": 18, "codename": "delete_illnesstreatment"}}, {"model": "auth.permission", "pk": 72, "fields": {"name": "Can view illness treatment", "content_type": 18, "codename": "view_illnesstreatment"}}, {"model": "auth.permission", "pk": 73, "fields": {"name": "Can add site", "content_type": 19, "codename": "add_site"}}, {"model": "auth.permission", "pk": 74, "fields": {"name": "Can change site", "content_type": 19, "codename": "change_site"}}, {"model": "auth.permission", "pk": 75, "fields": {"name": "Can delete site", "content_type": 19, "codename": "delete_site"}}, {"model": "auth.permission", "pk": 76, "fields": {"name": "Can view site", "content_type": 19, "codename": "view_site"}}, {"model": "auth.permission", "pk": 77, "fields": {"name": "Can add email address", "content_type": 20, "codename": "add_emailaddress"}}, {"model": "auth.permission", "pk": 78, "fields": {"name": "Can change email address", "content_type": 20, "codename": "change_emailaddress"}}, {"model": "auth.permission", "pk": 79, "fields": {"name": "Can delete email address", "content_type": 20, "codename": "delete_emailaddress"}}, {"model": "auth.permission", "pk": 80, "fields": {"name": "Can view email address", "content_type": 20, "codename": "view_emailaddress"}}, {"model": "auth.permission", "pk": 81, "fields": {"name": "Can add email confirmation", "content_type": 21, "codename": "add_emailconfirmation"}}, {"model": "auth.permission", "pk": 82, "fields": {"name": "Can change email confirmation", "content_type": 21, "codename": "change_emailconfirmation"}}, {"model": "auth.permission", "pk": 83, "fields": {"name": "Can delete email confirmation", "content_type": 21, "codename": "delete_emailconfirmation"}}, {"model": "auth.permission", "pk": 84, "fields": {"name": "Can view email confirmation", "content_type": 21, "codename": "view_emailconfirmation"}}, {"model": "auth.permission", "pk": 85, "fields": {"name": "Can add social account", "content_type": 22, "codename": "add_socialaccount"}}, {"model": "auth.permission", "pk": 86, "fields": {"name": "Can change social account", "content_type": 22, "codename": "change_socialaccount"}}, {"model": "auth.permission", "pk": 87, "fields": {"name": "Can delete social account", "content_type": 22, "codename": "delete_socialaccount"}}, {"model": "auth.permission", "pk": 88, "fields": {"name": "Can view social account", "content_type": 22, "codename": "view_socialaccount"}}, {"model": "auth.permission", "pk": 89, "fields": {"name": "Can add social application", "content_type": 23, "codename": "add_socialapp"}}, {"model": "auth.permission", "pk": 90, "fields": {"name": "Can change social application", "content_type": 23, "codename": "change_socialapp"}}, {"model": "auth.permission", "pk": 91, "fields": {"name": "Can delete social application", "content_type": 23, "codename": "delete_socialapp"}}, {"model": "auth.permission", "pk": 92, "fields": {"name": "Can view social application", "content_type": 23, "codename": "view_socialapp"}}, {"model": "auth.permission", "pk": 93, "fields": {"name": "Can add social application token", "content_type": 24, "codename": "add_socialtoken"}}, {"model": "auth.permission", "pk": 94, "fields": {"name": "Can change social application token", "content_type": 24, "codename": "change_socialtoken"}}, {"model": "auth.permission", "pk": 95, "fields": {"name": "Can delete social application token", "content_type": 24, "codename": "delete_socialtoken"}}, {"model": "auth.permission", "pk": 96, "fields": {"name": "Can view social application token", "content_type": 24, "codename": "view_socialtoken"}}, {"model": "contenttypes.contenttype", "pk": 1, "fields": {"app_label": "admin", "model": "logentry"}}, {"model": "contenttypes.contenttype", "pk": 2, "fields": {"app_label": "auth", "model": "permission"}}, {"model": "contenttypes.contenttype", "pk": 3, "fields": {"app_label": "auth", "model": "group"}}, {"model": "contenttypes.contenttype", "pk": 4, "fields": {"app_label": "contenttypes", "model": "contenttype"}}, {"model": "contenttypes.contenttype", "pk": 5, "fields": {"app_label": "sessions", "model": "session"}}, {"model": "contenttypes.contenttype", "pk": 6, "fields": {"app_label": "users", "model": "department"}}, {"model": "contenttypes.contenttype", "pk": 7, "fields": {"app_label": "users", "model": "user"}}, {"model": "contenttypes.contenttype", "pk": 8, "fields": {"app_label": "bed", "model": "bedstat"}}, {"model": "contenttypes.contenttype", "pk": 9, "fields": {"app_label": "administrator", "model": "datachangelog"}}, {"model": "contenttypes.contenttype", "pk": 10, "fields": {"app_label": "administrator", "model": "log"}}, {"model": "contenttypes.contenttype", "pk": 11, "fields": {"app_label": "inventory", "model": "inventorydetail"}}, {"model": "contenttypes.contenttype", "pk": 12, "fields": {"app_label": "inventory", "model": "quantityhistory"}}, {"model": "contenttypes.contenttype", "pk": 13, "fields": {"app_label": "blood", "model": "bloodpressure"}}, {"model": "contenttypes.contenttype", "pk": 14, "fields": {"app_label": "treatment", "model": "category"}}, {"model": "contenttypes.contenttype", "pk": 15, "fields": {"app_label": "treatment", "model": "certificate"}}, {"model": "contenttypes.contenttype", "pk": 16, "fields": {"app_label": "treatment", "model": "doctordetail"}}, {"model": "contenttypes.contenttype", "pk": 17, "fields": {"app_label": "treatment", "model": "illness"}}, {"model": "contenttypes.contenttype", "pk": 18, "fields": {"app_label": "treatment", "model": "illnesstreatment"}}, {"model": "contenttypes.contenttype", "pk": 19, "fields": {"app_label": "sites", "model": "site"}}, {"model": "contenttypes.contenttype", "pk": 20, "fields": {"app_label": "account", "model": "emailaddress"}}, {"model": "contenttypes.contenttype", "pk": 21, "fields": {"app_label": "account", "model": "emailconfirmation"}}, {"model": "contenttypes.contenttype", "pk": 22, "fields": {"app_label": "socialaccount", "model": "socialaccount"}}, {"model": "contenttypes.contenttype", "pk": 23, "fields": {"app_label": "socialaccount", "model": "socialapp"}}, {"model": "contenttypes.contenttype", "pk": 24, "fields": {"app_label": "socialaccount", "model": "socialtoken"}}, {"model": "sessions.session", "pk": "lkxzl9hn5ghi4etguc5kqw079bmdxak7", "fields": {"session_data": "e30:1sZ8eb:I_oyRtux_4RsJTasaI7x3JGoIcXAio55nBfVX44JoMc", "expire_date": "2024-08-14T12:42:05.872Z"}}, {"model": "sessions.session", "pk": "s4vynttrhsxhratwhmqia4xbk4q8j688", "fields": {"session_data": ".eJxVjMEOgyAQRP-Fc2NYdrXYW_0RsiwQTQ0mBU5N_73aeGiP82bmvZTjVmfXSny6JaibMqAuv9CzPGI-Gl7XA3cssrVcu-_mrEt331PMdRGuy5an8_WnmrnMuwejAKCkOIhButLoAxsctSZP2sYQICVCNgP2FqxAYsJkre8ZoN-Ren8A3TQ8Bg:1sZ8ed:hLD0g-8KCC-jp1bZaf53dn7i2Eui9WTnGQnP_djuzXw", "expire_date": "2024-08-14T12:42:07.153Z"}}, {"model": "users.user", "pk": 1, "fields": {"password": "Note hospital about as bag language mouth. Score instead prepare street far several push.", "last_login": "1981-06-12T10:34:12.857Z", "is_superuser": true, "is_staff": true, "is_active": true, "first_name": "First Name", "last_name": "Last Name", "email": "alexandriarusso@example.net", "contact": 6634, "profile": "user_profiles/fallback.png", "year": -2308, "section": "Congress.", "program": "Might drive wear develop mouth agent. Dark station season size everyone ability. Citizen involve power possible along Republican traditional. Play guy sing common knowledge.", "department": null, "access": 1, "DOB": "2006-12-18", "sex": "Building every.", "blood_type": "Rate for girl price.", "height": 1995, "weight": 683, "date_joined": "2016-06-01T22:53:52.684Z", "groups": [], "user_permissions": []}}, {"model": "users.user", "pk": 2, "fields": {"password": "Why foot apply bill TV. Modern Mr without point edge. Loss industry cause scene act table. Paper guess before role walk during.", "last_login": "1983-06-12T22:23:15.890Z", "is_superuser": true, "is_staff": true, "is_active": true, "first_name": "First Name", "last_name": "Last Name", "email": "samuelrobinson@example.net", "contact": -20647, "profile": "user_profiles/fallback.png", "year": -15842, "section": "Former.", "program": "International certain eight wonder. Impact popular theory political red.\nTrade exist benefit watch. One leader born decision. Show even fly reason spend indicate.", "department": null, "access": 1, "DOB": "2008-02-19", "sex": "Herself accept.", "blood_type": "Entire break.", "height": 19475, "weight": -9025, "date_joined": "1984-12-27T02:24:14.661Z", "groups": [], "user_permissions": []}}, {"model": "users.user", "pk": 3, "fields": {"password": "Never training tax may site world generation low. Start campaign beyond husband. Maybe threat follow nice contain.", "last_login": "1990-04-02T02:08:46.545Z", "is_superuser": true, "is_staff": false, "is_active": true, "first_name": "First Name", "last_name": "Last Name", "email": "weeksanita@example.com", "contact": -18044, "profile": "user_profiles/fallback.png", "year": -14539, "section": "Serve.", "program": "Nothing Mrs player first. Street score race investment energy PM teach type.\nThough think suggest however girl statement. Maybe throughout traditional ask able.", "department": null, "access": 1, "DOB": "2010-05-10", "sex": "Step beautiful sign.", "blood_type": "Think start crime.", "height": -12966, "weight": -19531, "date_joined": "2016-09-04T00:38:47.695Z", "groups": [], "user_permissions": []}}, {"model": "users.user", "pk": 4, "fields": {"password": "Recently thought address check final. Tonight finally such former market young election only.", "last_login": "1982-11-10T18:13:16.249Z", "is_superuser": true, "is_staff": true, "is_active": true, "first_name": "First Name", "last_name": "Last Name", "email": "valerie18@example.com", "contact": 11668, "profile": "user_profiles/fallback.png", "year": 32010, "section": "Certain.", "program": "Join community special practice sense. Hold never discuss it move. Fill age present form more reflect politics.", "department": null, "access": 1, "DOB": "1979-09-22", "sex": "Television fast.", "blood_type": "Camera during a.", "height": 6220, "weight": 30756, "date_joined": "1977-06-29T21:02:12.321Z", "groups": [], "user_permissions": []}}, {"model": "users.user", "pk": 5, "fields": {"password": "Military authority degree ten ground. Far leg then religious point end medical.", "last_login": "2020-10-06T18:00:35.703Z", "is_superuser": true, "is_staff": false, "is_active": true, "first_name": "First Name", "last_name": "Last Name", "email": "diazchristine@example.org", "contact": 6686, "profile": "user_profiles/fallback.png", "year": 25293, "section": "Course.", "program": "Soon ever into throughout teach book. Throw seat cause strong art woman. Professional week north push entire black study.\nOur start entire describe. Especially end soldier threat send ahead. Fund middle guess culture lose. Case as whose leg.", "department": null, "access": 1, "DOB": "1972-05-13", "sex": "Trial exist.", "blood_type": "More yes item.", "height": 21728, "weight": 25986, "date_joined": "1985-10-12T21:58:34.757Z", "groups": [], "user_permissions": []}}, {"model": "users.user", "pk": 6, "fields": {"password": "Your theory set almost make society.", "last_login": "2014-03-30T17:20:27.963Z", "is_superuser": false, "is_staff": true, "is_active": true, "first_name": "First Name", "last_name": "Last Name", "email": "nicoleparker@example.net", "contact": 8945, "profile": "user_profiles/fallback.png", "year": -19722, "section": "Late.", "program": "Tell benefit day her lot hot figure. Must main activity or table majority all indicate. Only career best produce service.\nBoy public low. Serious ball father just when town leader. Word choose ball ago human its listen money.", "department": null, "access": 1, "DOB": "1992-04-08", "sex": "Chance whole common.", "blood_type": "Him less whatever.", "height": 31448, "weight": -10274, "date_joined": "1977-08-16T13:24:41.132Z", "groups": [], "user_permissions": []}}, {"model": "users.user", "pk": 7, "fields": {"password": "Study read card age military skin better worry. Size anyone key wife type. Moment in technology establish enjoy.", "last_login": "2005-03-24T09:21:56.557Z", "is_superuser": false, "is_staff": false, "is_active": true, "first_name": "First Name", "last_name": "Last Name", "email": "reynoldscraig@example.org", "contact": -31839, "profile": "user_profiles/fallback.png", "year": -32110, "section": "Mission.", "program": "Actually everybody relate class by some red. Story clear leg bank fall focus.\nStation expert training entire son suggest subject. Standard generation floor bring.", "department": null, "access": 1, "DOB": "1993-08-28", "sex": "Edge fund notice.", "blood_type": "Success suddenly.", "height": -6445, "weight": 769, "date_joined": "1977-09-27T04:52:26.635Z", "groups": [], "user_permissions": []}}, {"model": "users.user", "pk": 8, "fields": {"password": "Economy six edge civil interview than century probably. Conference sit budget answer production security instead pass.", "last_login": "1972-12-29T11:15:25.893Z", "is_superuser": true, "is_staff": false, "is_active": true, "first_name": "First Name", "last_name": "Last Name", "email": "brenda01@example.net", "contact": 3979, "profile": "user_profiles/fallback.png", "year": 24233, "section": "Beyond.", "program": "Recent number attorney guy. Onto rock vote happy third win often. Ball law whole onto all.\nFine tend near fill age smile assume. Section form stay whole good federal. Then third answer fund until positive.", "department": null, "access": 1, "DOB": "2001-05-24", "sex": "PM news nation rest.", "blood_type": "Effort with.", "height": -25703, "weight": 6324, "date_joined": "1996-12-14T00:14:16.830Z", "groups": [], "user_permissions": []}}, {"model": "users.user", "pk": 9, "fields": {"password": "Table knowledge their operation national car. Us whether environmental respond training through Congress.", "last_login": "1979-10-04T19:25:44.269Z", "is_superuser": true, "is_staff": false, "is_active": true, "first_name": "First Name", "last_name": "Last Name", "email": "mcclainmadison@example.org", "contact": -14079, "profile": "user_profiles/fallback.png", "year": 21746, "section": "Sell big.", "program": "Camera respond what peace level opportunity him instead. Thank sign first kind skin of.\nDeal test ahead opportunity.\nRegion nearly six same maybe summer. Bar stay life travel drive public.", "department": null, "access": 1, "DOB": "2019-12-03", "sex": "Of better able.", "blood_type": "Chance full listen.", "height": 32525, "weight": 18867, "date_joined": "1976-01-10T08:11:53.211Z", "groups": [], "user_permissions": []}}, {"model": "users.user", "pk": 10, "fields": {"password": "Father either international today catch.\nForward foot stuff. Condition send pressure. Process Congress security great PM.", "last_login": "1976-12-12T09:02:28.841Z", "is_superuser": false, "is_staff": false, "is_active": true, "first_name": "First Name", "last_name": "Last Name", "email": "mperez@example.net", "contact": -23788, "profile": "user_profiles/fallback.png", "year": -24091, "section": "Music.", "program": "Fund stock church pick. Since rest Mrs spend player. Order order memory meet bad note.\nRegion short station. Thought product indeed join such through onto boy. Sister none charge economy wish remember face.", "department": null, "access": 1, "DOB": "1992-04-24", "sex": "Fast staff among.", "blood_type": "Name television.", "height": -25685, "weight": 17448, "date_joined": "2012-03-27T20:11:30.513Z", "groups": [], "user_permissions": []}}, {"model": "users.user", "pk": 11, "fields": {"password": "Charge lose yet focus sister. Employee necessary once letter make old.\nPull five leg per new head. Series own now.", "last_login": "1998-09-06T07:26:16.146Z", "is_superuser": true, "is_staff": true, "is_active": true, "first_name": "First Name", "last_name": "Last Name", "email": "reynoldscourtney@example.org", "contact": 16041, "profile": "user_profiles/fallback.png", "year": 18005, "section": "Defense.", "program": "Growth former concern machine program right company. Role performance treat.\nAgainst court various. Have situation task political assume sense. Our method family former.", "department": null, "access": 1, "DOB": "2021-01-14", "sex": "Mention food ten us.", "blood_type": "Box meeting.", "height": -10573, "weight": -12302, "date_joined": "2002-10-04T07:27:51.617Z", "groups": [], "user_permissions": []}}, {"model": "users.user", "pk": 12, "fields": {"password": "Federal seven claim wall sure level. Station summer art guess suffer moment. Wide food admit seek run above.", "last_login": "1993-12-14T14:48:48.238Z", "is_superuser": true, "is_staff": true, "is_active": true, "first_name": "First Name", "last_name": "Last Name", "email": "danieljohnson@example.com", "contact": 30511, "profile": "user_profiles/fallback.png", "year": 27688, "section": "Plan sure.", "program": "Specific feel to training prevent final together himself. Able natural office leave somebody.\nFight guess term interesting hear company. Because participant where.", "department": null, "access": 1, "DOB": "1993-03-12", "sex": "Of adult since ball.", "blood_type": "Movie discussion.", "height": -22898, "weight": 30231, "date_joined": "2020-08-22T02:52:07.126Z", "groups": [], "user_permissions": []}}, {"model": "users.user", "pk": 13, "fields": {"password": "Maintain claim room more affect. Knowledge southern imagine second.", "last_login": "1987-11-23T22:48:20.187Z", "is_superuser": true, "is_staff": true, "is_active": true, "first_name": "First Name", "last_name": "Last Name", "email": "andrewsdanielle@example.net", "contact": 31868, "profile": "user_profiles/fallback.png", "year": -24619, "section": "Remain.", "program": "Keep attorney first bed. Owner local race evening similar nearly care. Sea though quite anyone special direction.\nTreatment room sort your state question. Keep both rest fine around. Culture after both test building.", "department": null, "access": 1, "DOB": "1972-02-04", "sex": "Nor social not six.", "blood_type": "Doctor table writer.", "height": 8939, "weight": -17313, "date_joined": "1995-04-28T10:00:41.649Z", "groups": [], "user_permissions": []}}, {"model": "users.user", "pk": 14, "fields": {"password": "Walk according hear list control. Conference bed federal inside fly. No result by lawyer authority model.", "last_login": "2003-05-29T20:27:45.699Z", "is_superuser": false, "is_staff": true, "is_active": true, "first_name": "First Name", "last_name": "Last Name", "email": "ruthwatts@example.org", "contact": -32423, "profile": "user_profiles/fallback.png", "year": -29973, "section": "Class.", "program": "Beat story fear standard school possible war. Data light cell sure.\nResponsibility manage guess course. These too million you pressure reason play.\nWriter now move forget teach.", "department": null, "access": 1, "DOB": "1975-02-28", "sex": "Return ago.", "blood_type": "Citizen near become.", "height": -1601, "weight": 3555, "date_joined": "1987-10-21T01:47:35.344Z", "groups": [], "user_permissions": []}}, {"model": "users.user", "pk": 15, "fields": {"password": "Their agree resource lay include begin finish. Anyone bring still raise and.", "last_login": "2023-06-19T05:13:48.328Z", "is_superuser": false, "is_staff": true, "is_active": true, "first_name": "First Name", "last_name": "Last Name", "email": "richardsellers@example.org", "contact": 18092, "profile": "user_profiles/fallback.png", "year": 14308, "section": "Matter.", "program": "Once news modern wide late six drop. Official daughter black water nice begin.\nStuff time organization know fly newspaper out. While compare minute first. Admit anything bad.", "department": null, "access": 1, "DOB": "1975-07-10", "sex": "Line well professor.", "blood_type": "Analysis collection.", "height": 14540, "weight": 1903, "date_joined": "2006-09-07T17:06:21.577Z", "groups": [], "user_permissions": []}}, {"model": "users.user", "pk": 16, "fields": {"password": "Fly short above region. Successful business type option.\nEye people thank building as. Hair toward send accept.", "last_login": "1988-02-09T08:40:52.646Z", "is_superuser": true, "is_staff": false, "is_active": true, "first_name": "First Name", "last_name": "Last Name", "email": "normandaniel@example.com", "contact": 13948, "profile": "user_profiles/fallback.png", "year": 12313, "section": "Window.", "program": "Play help threat exist position. Street soon evening record bad. Drug to leader enough arm individual.\nForget always prepare everyone bit with. Few son easy treat heart. Lead possible boy become.\nMore whether cold model least season.", "department": null, "access": 1, "DOB": "2015-12-25", "sex": "Six of during stand.", "blood_type": "Buy option toward.", "height": -15957, "weight": 6670, "date_joined": "1985-05-05T18:12:21.957Z", "groups": [], "user_permissions": []}}, {"model": "users.user", "pk": 17, "fields": {"password": "Color require raise. Important popular almost.\nSuccessful purpose alone. Candidate book set different window.", "last_login": "1994-09-17T01:04:38.412Z", "is_superuser": false, "is_staff": false, "is_active": true, "first_name": "First Name", "last_name": "Last Name", "email": "kathleen46@example.com", "contact": 31247, "profile": "user_profiles/fallback.png", "year": 16258, "section": "Career.", "program": "Feel show interest man. Tend almost Republican finally theory.\nOf available step central situation. Those lawyer southern if space.\nCost century list time nation project personal heart. House management let behavior design.", "department": null, "access": 1, "DOB": "1983-06-13", "sex": "Focus happen why.", "blood_type": "Loss themselves.", "height": -20189, "weight": 29963, "date_joined": "2003-07-07T14:21:02.544Z", "groups": [], "user_permissions": []}}, {"model": "users.user", "pk": 18, "fields": {"password": "Attack right local me about participant thing whatever. Set suffer officer big important perhaps term.", "last_login": "1998-05-28T22:04:15.902Z", "is_superuser": true, "is_staff": false, "is_active": true, "first_name": "First Name", "last_name": "Last Name", "email": "floydkimberly@example.com", "contact": -29169, "profile": "user_profiles/fallback.png", "year": 6576, "section": "Word.", "program": "Do nearly get lot true attack budget series. Most senior cultural task certainly individual.\nBrother hotel laugh choice shake forget fund. Vote book Democrat stuff page understand also hot. Rock really us generation interesting air live.", "department": null, "access": 1, "DOB": "2007-03-24", "sex": "History line this.", "blood_type": "Seat military onto.", "height": 20302, "weight": 10586, "date_joined": "1986-11-30T18:40:33.182Z", "groups": [], "user_permissions": []}}, {"model": "users.user", "pk": 19, "fields": {"password": "Type truth stage yard consider.\nFront within hard left. National loss run scene.", "last_login": "2020-12-10T22:21:37.096Z", "is_superuser": true, "is_staff": true, "is_active": true, "first_name": "First Name", "last_name": "Last Name", "email": "silvajesse@example.net", "contact": 26836, "profile": "user_profiles/fallback.png", "year": 21107, "section": "Range.", "program": "Let southern purpose red author. Either bit husband collection bad difficult whom phone.\nClose attack loss event begin smile. Fall home fund eye shake. Positive health truth provide man.", "department": null, "access": 1, "DOB": "2006-07-28", "sex": "Usually support.", "blood_type": "Front first mission.", "height": -15123, "weight": -9017, "date_joined": "1997-08-22T19:26:00.731Z", "groups": [], "user_permissions": []}}, {"model": "users.user", "pk": 20, "fields": {"password": "Moment growth provide in seek. Can probably actually expert station.", "last_login": "1985-08-02T02:00:33.504Z", "is_superuser": true, "is_staff": false, "is_active": true, "first_name": "First Name", "last_name": "Last Name", "email": "ericgentry@example.com", "contact": 12800, "profile": "user_profiles/fallback.png", "year": 17460, "section": "Worker.", "program": "Second skill situation sing throw challenge.\nFull full wind sign popular ball. Later stop individual huge business spend. Raise church kid despite mouth commercial without.", "department": null, "access": 1, "DOB": "2019-02-09", "sex": "Party hard in.", "blood_type": "Traditional woman.", "height": -19972, "weight": 24431, "date_joined": "2015-11-04T22:17:24.906Z", "groups": [], "user_permissions": []}}, {"model": "users.user", "pk": 21, "fields": {"password": "pbkdf2_sha256$720000$sKB7ufUbjVrM4Kffj30X6v$gPCzT/Tc+LJdzRMLazwlaqapzK/VPyy6DX0uXDfXrxg=", "last_login": "2024-07-31T12:42:07.146Z", "is_superuser": true, "is_staff": true, "is_active": true, "first_name": null, "last_name": null, "email": "bercasiocharles14@gmail.com", "contact": null, "profile": "user_profiles/fallback.png", "year": null, "section": null, "program": null, "department": null, "access": 1, "DOB": null, "sex": null, "blood_type": null, "height": null, "weight": null, "date_joined": "2024-06-27T16:09:03.481Z", "groups": [], "user_permissions": []}}, {"model": "inventory.inventorydetail", "pk": 1, "fields": {"item_no": -17053, "unit": "Use real response.", "item_name": "His top article with prevent. New visit single quality western.", "category": "Medicine", "description": "Service five growth. Professional magazine person talk. Happen nothing at born various pretty.\nInclude common stage relationship grow. Alone main night. Remember miss challenge do economic.", "expiration_date": "1997-03-14", "added_by": null}}, {"model": "inventory.inventorydetail", "pk": 2, "fields": {"item_no": 15563, "unit": "No candidate night capital hand.", "item_name": "Door worry care name page throw. Kid imagine marriage few since.", "category": "Medicine", "description": "Say standard whether loss prove. Move treat listen.\nSome more authority. Hard value military citizen.", "expiration_date": "2004-11-21", "added_by": null}}, {"model": "inventory.inventorydetail", "pk": 3, "fields": {"item_no": -24124, "unit": "Deep hard our work lay everything its.", "item_name": "Simple beat bag believe look. About exactly get if crime.", "category": "Medicine", "description": "Test morning eight. Article fire like mother which space. Take cause dark option.", "expiration_date": "2014-06-22", "added_by": null}}, {"model": "inventory.inventorydetail", "pk": 4, "fields": {"item_no": -24758, "unit": "Since as manage hour occur keep.", "item_name": "Gas crime rise stop consider reach section. Claim yet network food write employee guess.", "category": "Medicine", "description": "Strong all camera bank from bad eat. Try for those develop goal know with seem.\nManager spend himself away bag. Hotel cup and image. Feeling and decision lay political style little.", "expiration_date": "1997-06-12", "added_by": null}}, {"model": "inventory.inventorydetail", "pk": 5, "fields": {"item_no": 25954, "unit": "Music positive religious require still.", "item_name": "Should weight rather serve area. Outside mind safe go head follow read.", "category": "Medicine", "description": "Many answer majority husband. International treat sing recently already range material.\nStudent cover must various age politics.\nNor total with fall after mind action trade.", "expiration_date": "1996-05-12", "added_by": null}}, {"model": "inventory.inventorydetail", "pk": 6, "fields": {"item_no": -2231, "unit": "Phone too once throw.", "item_name": "View rule girl but against.", "category": "Medicine", "description": "International radio watch reason way later director. Total member picture remain however hand director.", "expiration_date": "2016-12-03", "added_by": null}}, {"model": "inventory.inventorydetail", "pk": 7, "fields": {"item_no": -5864, "unit": "Expert law process east discover religious.", "item_name": "Lay adult movement customer history you side. Similar wife continue recent catch.", "category": "Medicine", "description": "Several trouble product member. Design gun society other degree nothing. Experience instead fly tree.\nMedical American miss little eat edge table. Hotel fear hope herself visit deal very forward.", "expiration_date": "1973-01-30", "added_by": null}}, {"model": "inventory.inventorydetail", "pk": 8, "fields": {"item_no": 21791, "unit": "Fund structure catch lose property.", "item_name": "Over individual nice Mrs. Answer expect play hospital staff.", "category": "Medicine", "description": "Agree wall under today. Way appear window modern property everyone where. Able kitchen race help language challenge buy.", "expiration_date": "2010-10-18", "added_by": null}}, {"model": "inventory.inventorydetail", "pk": 9, "fields": {"item_no": 14153, "unit": "Stay exactly little fly ahead.", "item_name": "Game father whether national his almost. Business that dinner his.", "category": "Medicine", "description": "Research approach shoulder time onto. Political some race draw.\nCold serious agree interview line interview. Voice husband draw may. Million floor carry agree eight culture too statement.", "expiration_date": "1999-12-04", "added_by": null}}, {"model": "inventory.inventorydetail", "pk": 10, "fields": {"item_no": -10839, "unit": "Mention their wrong share I.", "item_name": "Worker quite make sell. Both federal how fly she.", "category": "Medicine", "description": "Traditional boy whether point sometimes surface claim. Begin describe parent include relationship light just factor.\nRich radio reason man. Space new blue according if relate site study.", "expiration_date": "2007-08-08", "added_by": null}}, {"model": "inventory.inventorydetail", "pk": 11, "fields": {"item_no": -19529, "unit": "Both collection may resource increase book.", "item_name": "Ask hot white reality event. Few brother form chance all let have decade. Speech ahead there whose.", "category": "Medicine", "description": "Energy street say hold available throw data. Hospital sometimes speech wonder respond since. Read star final whether.\nNice better my if half. Never capital knowledge nothing.", "expiration_date": "1994-08-04", "added_by": null}}, {"model": "inventory.inventorydetail", "pk": 12, "fields": {"item_no": -11073, "unit": "Question none number.", "item_name": "Main open high me perform site marriage. Clearly recently ask campaign success.", "category": "Medicine", "description": "Knowledge strong yeah force civil account. Every leave challenge natural them create carry. Cost know same often have or statement turn.", "expiration_date": "1984-11-19", "added_by": null}}, {"model": "inventory.inventorydetail", "pk": 13, "fields": {"item_no": 10755, "unit": "Grow such opportunity wind blue reduce leg name.", "item_name": "Something process enjoy possible support early answer yet. Treatment level rather suddenly.", "category": "Medicine", "description": "Full resource model evening teacher. Local large worker pass per. General final down star may.", "expiration_date": "1994-03-21", "added_by": null}}, {"model": "inventory.inventorydetail", "pk": 14, "fields": {"item_no": 11572, "unit": "Court recognize away woman.", "item_name": "Mrs organization drug property which.", "category": "Medicine", "description": "Of president scene get song become. Product main customer morning.\nRoom away woman.\nIssue arrive including water each human.", "expiration_date": "1994-07-21", "added_by": null}}, {"model": "inventory.inventorydetail", "pk": 15, "fields": {"item_no": 29808, "unit": "Up very positive carry exist.", "item_name": "Common red mean bar toward owner want. Treatment subject image police.", "category": "Medicine", "description": "Student truth discussion ahead drop. Class require wrong law top defense provide. Care state discuss everything already choose.", "expiration_date": "2015-03-10", "added_by": null}}, {"model": "inventory.inventorydetail", "pk": 16, "fields": {"item_no": 3731, "unit": "Become member western better treat.", "item_name": "Magazine physical today style hit thus. Laugh Republican check power agent subject.", "category": "Medicine", "description": "Clear foot member speak allow. Couple recognize campaign social raise mention hold.", "expiration_date": "2012-02-26", "added_by": null}}, {"model": "inventory.inventorydetail", "pk": 17, "fields": {"item_no": -11293, "unit": "Medical behind car than.", "item_name": "Bank give share industry tell spring later south. Grow activity discover health decision play.", "category": "Medicine", "description": "Number attack research inside walk change plan. Teach green total measure fight believe. Sister understand pay past audience beat personal.\nBelieve receive when guess.", "expiration_date": "2001-03-12", "added_by": null}}, {"model": "inventory.inventorydetail", "pk": 18, "fields": {"item_no": 16023, "unit": "Wear third feel lose behind low nation.", "item_name": "Between look I management. Key however those leave however how various.", "category": "Medicine", "description": "Hit almost son. Black though indeed prepare scene.\nJoin interest manage future chair.\nCapital heart very where. Actually agent camera against adult. Consider piece yeah base she huge kind car.", "expiration_date": "2018-10-05", "added_by": null}}, {"model": "inventory.inventorydetail", "pk": 19, "fields": {"item_no": 8792, "unit": "American chair blue network person since.", "item_name": "Eye decision chair politics short. Show fast near.", "category": "Medicine", "description": "Build stock well as but various. Cold movement price determine take firm.\nPlace record keep general back wind coach. Consider apply degree continue.", "expiration_date": "2004-03-15", "added_by": null}}, {"model": "inventory.inventorydetail", "pk": 20, "fields": {"item_no": 19629, "unit": "Tree give wrong question alone over point.", "item_name": "Institution good result live road. Near able program drop. Go industry suddenly doctor under allow.", "category": "Medicine", "description": "Executive glass degree center finish. Available focus product at phone time. Detail participant morning I approach believe.", "expiration_date": "2016-06-20", "added_by": null}}, {"model": "treatment.doctordetail", "pk": 1, "fields": {"doctor": 7, "time_avail_start": "05:35:22", "time_avail_end": "10:32:17", "avail": false}}, {"model": "treatment.doctordetail", "pk": 2, "fields": {"doctor": 16, "time_avail_start": "07:06:52", "time_avail_end": "21:21:18", "avail": false}}, {"model": "treatment.doctordetail", "pk": 3, "fields": {"doctor": 2, "time_avail_start": "07:08:14", "time_avail_end": "11:29:47", "avail": false}}, {"model": "treatment.doctordetail", "pk": 4, "fields": {"doctor": 11, "time_avail_start": "11:52:46", "time_avail_end": "13:31:26", "avail": false}}, {"model": "treatment.doctordetail", "pk": 5, "fields": {"doctor": 10, "time_avail_start": "21:58:05", "time_avail_end": "02:59:08", "avail": false}}, {"model": "treatment.doctordetail", "pk": 6, "fields": {"doctor": 18, "time_avail_start": "12:05:56", "time_avail_end": "11:03:04", "avail": false}}, {"model": "treatment.doctordetail", "pk": 7, "fields": {"doctor": 13, "time_avail_start": "03:54:16", "time_avail_end": "00:38:20", "avail": true}}, {"model": "treatment.doctordetail", "pk": 8, "fields": {"doctor": 7, "time_avail_start": "07:53:26", "time_avail_end": "07:05:18", "avail": true}}, {"model": "treatment.doctordetail", "pk": 9, "fields": {"doctor": 14, "time_avail_start": "05:23:25", "time_avail_end": "15:20:08", "avail": false}}, {"model": "treatment.doctordetail", "pk": 10, "fields": {"doctor": 13, "time_avail_start": "18:34:15", "time_avail_end": "14:37:59", "avail": false}}, {"model": "treatment.doctordetail", "pk": 11, "fields": {"doctor": 17, "time_avail_start": "11:36:43", "time_avail_end": "11:18:28", "avail": false}}, {"model": "treatment.doctordetail", "pk": 12, "fields": {"doctor": 5, "time_avail_start": "02:00:20", "time_avail_end": "17:36:15", "avail": true}}, {"model": "treatment.doctordetail", "pk": 13, "fields": {"doctor": 9, "time_avail_start": "01:41:37", "time_avail_end": "07:24:05", "avail": false}}, {"model": "treatment.doctordetail", "pk": 14, "fields": {"doctor": 1, "time_avail_start": "19:06:30", "time_avail_end": "17:12:59", "avail": true}}, {"model": "treatment.doctordetail", "pk": 15, "fields": {"doctor": 13, "time_avail_start": "07:58:11", "time_avail_end": "01:12:39", "avail": true}}, {"model": "treatment.doctordetail", "pk": 16, "fields": {"doctor": 6, "time_avail_start": "01:03:26", "time_avail_end": "12:26:38", "avail": false}}, {"model": "treatment.doctordetail", "pk": 17, "fields": {"doctor": 7, "time_avail_start": "11:13:46", "time_avail_end": "13:03:39", "avail": true}}, {"model": "treatment.doctordetail", "pk": 18, "fields": {"doctor": 7, "time_avail_start": "14:56:42", "time_avail_end": "13:45:16", "avail": false}}, {"model": "treatment.doctordetail", "pk": 19, "fields": {"doctor": 5, "time_avail_start": "05:21:11", "time_avail_end": "19:26:47", "avail": true}}, {"model": "treatment.doctordetail", "pk": 20, "fields": {"doctor": 9, "time_avail_start": "17:38:16", "time_avail_end": "23:50:01", "avail": true}}, {"model": "treatment.category", "pk": 1, "fields": {"category": "Card season stay.", "added": "2006-12-25T21:37:58.511Z", "updated": "1978-11-28T02:50:32.329Z"}}, {"model": "treatment.category", "pk": 2, "fields": {"category": "Against such.", "added": "1982-10-19T16:30:30.748Z", "updated": "1983-05-28T05:45:18.007Z"}}, {"model": "treatment.category", "pk": 3, "fields": {"category": "Finish indicate.", "added": "1991-01-14T07:04:03.593Z", "updated": "1976-05-02T05:48:16.189Z"}}, {"model": "treatment.category", "pk": 4, "fields": {"category": "White growth watch.", "added": "1984-07-12T16:47:17.841Z", "updated": "2002-01-20T01:14:22.212Z"}}, {"model": "treatment.category", "pk": 5, "fields": {"category": "Adult hear sort.", "added": "2013-05-02T07:28:26.575Z", "updated": "2015-08-16T05:22:02.105Z"}}, {"model": "treatment.category", "pk": 6, "fields": {"category": "Contain wide meet.", "added": "2013-12-19T19:12:22.916Z", "updated": "2011-07-29T20:37:50.842Z"}}, {"model": "treatment.category", "pk": 7, "fields": {"category": "Car rich interview.", "added": "2008-05-15T07:04:14.316Z", "updated": "1984-01-05T06:40:08.515Z"}}, {"model": "treatment.category", "pk": 8, "fields": {"category": "Wife election law.", "added": "1982-05-02T07:19:27.028Z", "updated": "2019-07-18T10:30:44.973Z"}}, {"model": "treatment.category", "pk": 9, "fields": {"category": "Democratic politics.", "added": "2008-06-04T18:16:25.107Z", "updated": "1991-01-30T06:21:31.183Z"}}, {"model": "treatment.category", "pk": 10, "fields": {"category": "Claim member.", "added": "2015-06-18T18:35:11.232Z", "updated": "2016-01-24T07:06:01.097Z"}}, {"model": "treatment.category", "pk": 11, "fields": {"category": "Month unit want.", "added": "1971-01-11T13:51:42.755Z", "updated": "2008-06-30T00:09:11.473Z"}}, {"model": "treatment.category", "pk": 12, "fields": {"category": "Fight sense ball.", "added": "1970-10-27T18:55:26.676Z", "updated": "1995-04-06T13:08:37.703Z"}}, {"model": "treatment.category", "pk": 13, "fields": {"category": "Very forget.", "added": "2008-10-03T08:09:46.687Z", "updated": "1987-07-13T15:59:03.919Z"}}, {"model": "treatment.category", "pk": 14, "fields": {"category": "Seem minute feel.", "added": "1988-08-23T12:44:49.144Z", "updated": "2023-10-26T22:46:03.640Z"}}, {"model": "treatment.category", "pk": 15, "fields": {"category": "Price decade same.", "added": "2006-08-16T10:15:06.310Z", "updated": "1991-12-17T23:00:03.043Z"}}, {"model": "treatment.category", "pk": 16, "fields": {"category": "Arm media war.", "added": "1978-12-31T12:05:52.066Z", "updated": "2001-05-05T15:03:52.718Z"}}, {"model": "treatment.category", "pk": 17, "fields": {"category": "Green necessary.", "added": "1975-05-04T14:45:42.086Z", "updated": "1977-01-03T01:25:15.562Z"}}, {"model": "treatment.category", "pk": 18, "fields": {"category": "Stand they support.", "added": "1980-11-09T09:33:58.557Z", "updated": "2017-06-10T14:40:45.504Z"}}, {"model": "treatment.category", "pk": 19, "fields": {"category": "Result possible.", "added": "1976-11-26T12:37:55.070Z", "updated": "2001-01-24T18:15:39.506Z"}}, {"model": "treatment.category", "pk": 20, "fields": {"category": "PM property town.", "added": "2017-12-11T10:19:26.453Z", "updated": "1977-02-27T20:19:03.851Z"}}, {"model": "treatment.illness", "pk": 1, "fields": {"patient": 12, "issue": "Police drive because attorney world. Suddenly paper plan main somebody.\nThough difference clearly still situation human hot. Out sing where know sound debate seem. Stock low bring official.", "illness_category": 7, "staff": 15, "doctor": 7, "added": "2015-11-04T22:11:08.778Z", "updated": "2024-06-24T01:00:49.121Z", "diagnosis": "High job already there. Another put total religious."}}, {"model": "treatment.illness", "pk": 2, "fields": {"patient": 7, "issue": "Century term central price ever. Idea discuss effect economic. Career measure and security keep. Fine hit great south training poor white.", "illness_category": 8, "staff": 2, "doctor": 5, "added": "2007-06-30T18:24:43.611Z", "updated": "1984-01-24T20:03:52.183Z", "diagnosis": "Anyone research side score against bank. Reflect down challenge born performance.\nReason show president thousand today. Peace citizen prepare figure."}}, {"model": "treatment.illness", "pk": 3, "fields": {"patient": 4, "issue": "Worry nothing push opportunity painting. Hotel true response easy country security plan. Short peace matter break. President response often technology environment economy.", "illness_category": 13, "staff": 14, "doctor": 18, "added": "1972-01-08T03:10:32.156Z", "updated": "2021-02-09T12:48:36.716Z", "diagnosis": "Thing minute top himself response resource director. Us not economic least sound structure. Change interesting couple among woman."}}, {"model": "treatment.illness", "pk": 4, "fields": {"patient": 10, "issue": "Popular perform pressure employee write hand. Father voice edge never staff. Short cell property company article middle.\nSpring senior second. Cell result together much realize.", "illness_category": 20, "staff": 17, "doctor": 11, "added": "1987-09-20T11:12:51.951Z", "updated": "2002-07-04T00:54:56.397Z", "diagnosis": "Program expect structure staff author partner draw according. Reduce season there finally director test all. Onto picture property dark war none law."}}, {"model": "treatment.illness", "pk": 5, "fields": {"patient": 20, "issue": "Include day audience but must. Individual employee garden Congress event it piece.", "illness_category": 10, "staff": 4, "doctor": 5, "added": "1976-04-13T03:36:36.454Z", "updated": "1990-02-09T08:48:29.380Z", "diagnosis": "Between impact onto such music. Understand pay reach those detail firm.\nProperty magazine player trouble begin account station religious. Cell interest in fund."}}, {"model": "treatment.illness", "pk": 6, "fields": {"patient": 15, "issue": "Moment music president. Discover loss season address imagine part player threat. Throughout standard man economic firm lawyer outside.", "illness_category": 10, "staff": 6, "doctor": 20, "added": "1984-11-27T10:47:41.941Z", "updated": "1992-03-02T07:14:18.820Z", "diagnosis": "When process pull house president term future. Perform right pressure behind per. Consumer air although work particularly detail attack party."}}, {"model": "treatment.illness", "pk": 7, "fields": {"patient": 12, "issue": "Occur establish represent range leader others writer. At air low man. Particular poor through rule.\nFight cup who go guess. Official maybe growth big test firm.", "illness_category": 18, "staff": 19, "doctor": 20, "added": "1974-07-02T16:26:28.011Z", "updated": "1975-04-02T13:43:42.826Z", "diagnosis": "Surface beat research hold type black Mr. Huge wall hotel.\nNature other watch kind. Bag page tell reflect perhaps across office able. Major easy safe institution compare low evidence program."}}, {"model": "treatment.illness", "pk": 8, "fields": {"patient": 10, "issue": "Laugh side painting while above real. School force song add upon meeting final local. Off Mrs challenge rest view newspaper magazine.", "illness_category": 19, "staff": 8, "doctor": 6, "added": "1975-04-18T14:51:37.146Z", "updated": "2008-08-31T19:48:21.511Z", "diagnosis": "Present far rather. And too well he. Sport glass as cause want idea.\nHeavy really democratic all little unit. Necessary special major old security. Across leave vote realize reflect provide."}}, {"model": "treatment.illness", "pk": 9, "fields": {"patient": 19, "issue": "Peace third specific finally. Beat trial as fight during. Remain main fill base report.\nFront those provide crime professional spend. Push plan energy none west program.", "illness_category": 8, "staff": 11, "doctor": 19, "added": "1979-12-24T14:24:44.731Z", "updated": "2021-11-18T04:10:30.130Z", "diagnosis": "Cut civil situation goal PM.\nStore follow information step sense. Through forget analysis firm bit. Election question environmental indicate."}}, {"model": "treatment.illness", "pk": 10, "fields": {"patient": 6, "issue": "Ok Congress close huge candidate. Agency brother successful community station car at. Else glass trial individual capital necessary teach.", "illness_category": 19, "staff": 3, "doctor": 6, "added": "1983-05-30T22:57:24.547Z", "updated": "2023-04-20T02:02:34.951Z", "diagnosis": "Bit friend read play radio agent create. Travel particularly likely line generation product. Official day back us story few.\nDescribe amount financial. Six manager laugh pick modern experience."}}, {"model": "treatment.illness", "pk": 11, "fields": {"patient": 16, "issue": "Building official officer. Space interview heavy be country case suddenly. Mrs role might.", "illness_category": 6, "staff": 18, "doctor": 5, "added": "1979-07-07T20:09:19.178Z", "updated": "1986-01-06T18:06:38.372Z", "diagnosis": "Media quite music really sit admit. Central physical couple or book."}}, {"model": "treatment.illness", "pk": 12, "fields": {"patient": 17, "issue": "Student each manager. Simple knowledge across nature administration meeting. Land still center book its heart source.\nHow by adult parent gun. Gas address system protect.", "illness_category": 2, "staff": 9, "doctor": 19, "added": "2004-02-15T05:58:52.605Z", "updated": "1987-05-11T00:08:06.103Z", "diagnosis": "Those west prove religious. Tell structure cultural. Year send appear office interview politics.\nPainting now mouth buy. Look drop decide near for treat place."}}, {"model": "treatment.illness", "pk": 13, "fields": {"patient": 12, "issue": "People space million fear. Buy your happen trouble half theory office.\nArtist box fish clear say game behavior. Thank shoulder time its.", "illness_category": 11, "staff": 18, "doctor": 16, "added": "2015-09-04T04:33:07.585Z", "updated": "1978-10-05T09:51:59.944Z", "diagnosis": "Common southern shoulder land movie effect institution. Indicate push happen direction final set. Present hot bad build decision by eight. Away group force body or."}}, {"model": "treatment.illness", "pk": 14, "fields": {"patient": 8, "issue": "Eight rule north special continue. Should wear minute career however meeting child. Break discover back join every network him.", "illness_category": 8, "staff": 6, "doctor": 11, "added": "2014-02-17T06:08:36.481Z", "updated": "1980-02-25T05:48:06.687Z", "diagnosis": "Material star or follow. Majority rise phone difficult moment.\nConsumer necessary inside sense. Full to tend popular move. Themselves world tonight view wind lay."}}, {"model": "treatment.illness", "pk": 15, "fields": {"patient": 5, "issue": "Impact season create box money. Political from step away nothing. Development man skill reason change imagine.\nData present building. East music long catch perhaps community away.", "illness_category": 14, "staff": 12, "doctor": 14, "added": "1989-02-13T22:40:36.967Z", "updated": "1985-08-18T11:31:14.278Z", "diagnosis": "Relate high popular cause single foreign. Debate bank age news kitchen woman.\nAdmit sort dinner behind call people sign. Sister book myself."}}, {"model": "treatment.illness", "pk": 16, "fields": {"patient": 15, "issue": "Red write stuff agent box artist. Guy actually ok explain within weight team little.\nActually thought opportunity position base away. Expert hit material far within agree.", "illness_category": 18, "staff": 20, "doctor": 15, "added": "1985-05-02T10:15:07.419Z", "updated": "2019-02-05T22:34:29.774Z", "diagnosis": "Develop interview year over against culture.\nBetween exactly another which institution though move physical. Different mother return arm throw choose west country."}}, {"model": "treatment.illness", "pk": 17, "fields": {"patient": 11, "issue": "Sport manager sort wide. Thank two help matter wear add article.\nRoad second foreign hit guy down.", "illness_category": 2, "staff": 17, "doctor": 14, "added": "1987-08-15T02:48:28.960Z", "updated": "2016-09-04T19:38:19.782Z", "diagnosis": "Happy buy never politics fact traditional range. Subject leg important same north. Drive sell very you some night.\nWith say drug order hair. Let only majority college. Important resource school."}}, {"model": "treatment.illness", "pk": 18, "fields": {"patient": 6, "issue": "Now in bank environmental entire happen. Because character it. Adult business food life century buy use. Head yourself soldier move senior.", "illness_category": 19, "staff": 2, "doctor": 16, "added": "2014-10-12T21:41:18.815Z", "updated": "1970-02-10T02:41:27.941Z", "diagnosis": "Drug north former nice option condition could.\nForce defense analysis doctor myself. Environmental direction clearly nor any morning month. Until trade blue process soon."}}, {"model": "treatment.illness", "pk": 19, "fields": {"patient": 14, "issue": "Including spring along both add according project. Painting attention situation administration hair parent. Enjoy mother east nearly easy product itself local.", "illness_category": 1, "staff": 19, "doctor": 6, "added": "1979-08-14T18:57:23.639Z", "updated": "1997-02-10T15:25:58.888Z", "diagnosis": "Save measure we green one shake according letter. Guess many baby air hear."}}, {"model": "treatment.illness", "pk": 20, "fields": {"patient": 17, "issue": "Specific language whether with market computer alone. Off not cause recognize former structure.", "illness_category": 11, "staff": 10, "doctor": 8, "added": "1994-07-17T17:43:11.069Z", "updated": "1979-01-08T01:04:21.094Z", "diagnosis": "The moment free camera at main glass. Too series fall phone produce its.\nSomething such school physical responsibility. Opportunity society very. Wife in nearly choice chair his machine."}}, {"model": "treatment.illnesstreatment", "pk": 1, "fields": {"illness": 1, "inventory_detail": 7, "quantity": null}}, {"model": "treatment.illnesstreatment", "pk": 2, "fields": {"illness": 1, "inventory_detail": 1, "quantity": null}}, {"model": "treatment.illnesstreatment", "pk": 3, "fields": {"illness": 2, "inventory_detail": 15, "quantity": null}}, {"model": "treatment.illnesstreatment", "pk": 4, "fields": {"illness": 3, "inventory_detail": 9, "quantity": null}}, {"model": "treatment.illnesstreatment", "pk": 5, "fields": {"illness": 3, "inventory_detail": 13, "quantity": null}}, {"model": "treatment.illnesstreatment", "pk": 6, "fields": {"illness": 3, "inventory_detail": 16, "quantity": null}}, {"model": "treatment.illnesstreatment", "pk": 7, "fields": {"illness": 3, "inventory_detail": 4, "quantity": null}}, {"model": "treatment.illnesstreatment", "pk": 8, "fields": {"illness": 3, "inventory_detail": 8, "quantity": null}}, {"model": "treatment.illnesstreatment", "pk": 9, "fields": {"illness": 4, "inventory_detail": 14, "quantity": null}}, {"model": "treatment.illnesstreatment", "pk": 10, "fields": {"illness": 4, "inventory_detail": 18, "quantity": null}}, {"model": "treatment.illnesstreatment", "pk": 11, "fields": {"illness": 5, "inventory_detail": 8, "quantity": null}}, {"model": "treatment.illnesstreatment", "pk": 12, "fields": {"illness": 5, "inventory_detail": 5, "quantity": null}}, {"model": "treatment.illnesstreatment", "pk": 13, "fields": {"illness": 5, "inventory_detail": 4, "quantity": null}}, {"model": "treatment.illnesstreatment", "pk": 14, "fields": {"illness": 5, "inventory_detail": 10, "quantity": null}}, {"model": "treatment.illnesstreatment", "pk": 15, "fields": {"illness": 6, "inventory_detail": 9, "quantity": null}}, {"model": "treatment.illnesstreatment", "pk": 16, "fields": {"illness": 6, "inventory_detail": 18, "quantity": null}}, {"model": "treatment.illnesstreatment", "pk": 17, "fields": {"illness": 6, "inventory_detail": 4, "quantity": null}}, {"model": "treatment.illnesstreatment", "pk": 18, "fields": {"illness": 7, "inventory_detail": 9, "quantity": null}}, {"model": "treatment.illnesstreatment", "pk": 19, "fields": {"illness": 7, "inventory_detail": 19, "quantity": null}}, {"model": "treatment.illnesstreatment", "pk": 20, "fields": {"illness": 8, "inventory_detail": 5, "quantity": null}}, {"model": "treatment.illnesstreatment", "pk": 21, "fields": {"illness": 9, "inventory_detail": 14, "quantity": null}}, {"model": "treatment.illnesstreatment", "pk": 22, "fields": {"illness": 9, "inventory_detail": 20, "quantity": null}}, {"model": "treatment.illnesstreatment", "pk": 23, "fields": {"illness": 9, "inventory_detail": 19, "quantity": null}}, {"model": "treatment.illnesstreatment", "pk": 24, "fields": {"illness": 9, "inventory_detail": 6, "quantity": null}}, {"model": "treatment.illnesstreatment", "pk": 25, "fields": {"illness": 10, "inventory_detail": 9, "quantity": null}}, {"model": "treatment.illnesstreatment", "pk": 26, "fields": {"illness": 10, "inventory_detail": 14, "quantity": null}}, {"model": "treatment.illnesstreatment", "pk": 27, "fields": {"illness": 10, "inventory_detail": 11, "quantity": null}}, {"model": "treatment.illnesstreatment", "pk": 28, "fields": {"illness": 10, "inventory_detail": 15, "quantity": null}}, {"model": "treatment.illnesstreatment", "pk": 29, "fields": {"illness": 11, "inventory_detail": 10, "quantity": null}}, {"model": "treatment.illnesstreatment", "pk": 30, "fields": {"illness": 11, "inventory_detail": 20, "quantity": null}}, {"model": "treatment.illnesstreatment", "pk": 31, "fields": {"illness": 11, "inventory_detail": 3, "quantity": null}}, {"model": "treatment.illnesstreatment", "pk": 32, "fields": {"illness": 11, "inventory_detail": 8, "quantity": null}}, {"model": "treatment.illnesstreatment", "pk": 33, "fields": {"illness": 12, "inventory_detail": 15, "quantity": null}}, {"model": "treatment.illnesstreatment", "pk": 34, "fields": {"illness": 12, "inventory_detail": 9, "quantity": null}}, {"model": "treatment.illnesstreatment", "pk": 35, "fields": {"illness": 12, "inventory_detail": 12, "quantity": null}}, {"model": "treatment.illnesstreatment", "pk": 36, "fields": {"illness": 13, "inventory_detail": 6, "quantity": null}}, {"model": "treatment.illnesstreatment", "pk": 37, "fields": {"illness": 13, "inventory_detail": 15, "quantity": null}}, {"model": "treatment.illnesstreatment", "pk": 38, "fields": {"illness": 13, "inventory_detail": 2, "quantity": null}}, {"model": "treatment.illnesstreatment", "pk": 39, "fields": {"illness": 13, "inventory_detail": 18, "quantity": null}}, {"model": "treatment.illnesstreatment", "pk": 40, "fields": {"illness": 14, "inventory_detail": 5, "quantity": null}}, {"model": "treatment.illnesstreatment", "pk": 41, "fields": {"illness": 14, "inventory_detail": 4, "quantity": null}}, {"model": "treatment.illnesstreatment", "pk": 42, "fields": {"illness": 14, "inventory_detail": 13, "quantity": null}}, {"model": "treatment.illnesstreatment", "pk": 43, "fields": {"illness": 14, "inventory_detail": 16, "quantity": null}}, {"model": "treatment.illnesstreatment", "pk": 44, "fields": {"illness": 14, "inventory_detail": 10, "quantity": null}}, {"model": "treatment.illnesstreatment", "pk": 45, "fields": {"illness": 15, "inventory_detail": 8, "quantity": null}}, {"model": "treatment.illnesstreatment", "pk": 46, "fields": {"illness": 15, "inventory_detail": 12, "quantity": null}}, {"model": "treatment.illnesstreatment", "pk": 47, "fields": {"illness": 15, "inventory_detail": 3, "quantity": null}}, {"model": "treatment.illnesstreatment", "pk": 48, "fields": {"illness": 15, "inventory_detail": 6, "quantity": null}}, {"model": "treatment.illnesstreatment", "pk": 49, "fields": {"illness": 16, "inventory_detail": 7, "quantity": null}}, {"model": "treatment.illnesstreatment", "pk": 50, "fields": {"illness": 16, "inventory_detail": 2, "quantity": null}}, {"model": "treatment.illnesstreatment", "pk": 51, "fields": {"illness": 16, "inventory_detail": 11, "quantity": null}}, {"model": "treatment.illnesstreatment", "pk": 52, "fields": {"illness": 16, "inventory_detail": 8, "quantity": null}}, {"model": "treatment.illnesstreatment", "pk": 53, "fields": {"illness": 17, "inventory_detail": 16, "quantity": null}}, {"model": "treatment.illnesstreatment", "pk": 54, "fields": {"illness": 18, "inventory_detail": 20, "quantity": null}}, {"model": "treatment.illnesstreatment", "pk": 55, "fields": {"illness": 18, "inventory_detail": 3, "quantity": null}}, {"model": "treatment.illnesstreatment", "pk": 56, "fields": {"illness": 19, "inventory_detail": 8, "quantity": null}}, {"model": "treatment.illnesstreatment", "pk": 57, "fields": {"illness": 19, "inventory_detail": 9, "quantity": null}}, {"model": "treatment.illnesstreatment", "pk": 58, "fields": {"illness": 19, "inventory_detail": 11, "quantity": null}}, {"model": "treatment.illnesstreatment", "pk": 59, "fields": {"illness": 20, "inventory_detail": 19, "quantity": null}}, {"model": "treatment.illnesstreatment", "pk": 60, "fields": {"illness": 20, "inventory_detail": 3, "quantity": null}}, {"model": "treatment.illnesstreatment", "pk": 61, "fields": {"illness": 20, "inventory_detail": 5, "quantity": null}}, {"model": "treatment.illnesstreatment", "pk": 62, "fields": {"illness": 20, "inventory_detail": 4, "quantity": null}}, {"model": "treatment.illnesstreatment", "pk": 63, "fields": {"illness": 12, "inventory_detail": 10, "quantity": 28493}}, {"model": "treatment.illnesstreatment", "pk": 64, "fields": {"illness": 13, "inventory_detail": 20, "quantity": 4336}}, {"model": "treatment.illnesstreatment", "pk": 65, "fields": {"illness": 15, "inventory_detail": 7, "quantity": 22271}}, {"model": "treatment.illnesstreatment", "pk": 66, "fields": {"illness": 17, "inventory_detail": 4, "quantity": 27846}}, {"model": "treatment.illnesstreatment", "pk": 67, "fields": {"illness": 9, "inventory_detail": 4, "quantity": 8661}}, {"model": "treatment.illnesstreatment", "pk": 68, "fields": {"illness": 6, "inventory_detail": 1, "quantity": 13181}}, {"model": "treatment.illnesstreatment", "pk": 69, "fields": {"illness": 4, "inventory_detail": 18, "quantity": 28184}}, {"model": "treatment.illnesstreatment", "pk": 70, "fields": {"illness": 19, "inventory_detail": 12, "quantity": 4494}}, {"model": "treatment.illnesstreatment", "pk": 71, "fields": {"illness": 14, "inventory_detail": 19, "quantity": 10024}}, {"model": "treatment.illnesstreatment", "pk": 72, "fields": {"illness": 14, "inventory_detail": 14, "quantity": 14543}}, {"model": "treatment.illnesstreatment", "pk": 73, "fields": {"illness": 11, "inventory_detail": 16, "quantity": 1076}}, {"model": "treatment.illnesstreatment", "pk": 74, "fields": {"illness": 8, "inventory_detail": 6, "quantity": 28195}}, {"model": "treatment.illnesstreatment", "pk": 75, "fields": {"illness": 8, "inventory_detail": 1, "quantity": 5015}}, {"model": "treatment.illnesstreatment", "pk": 76, "fields": {"illness": 15, "inventory_detail": 18, "quantity": 1408}}, {"model": "treatment.illnesstreatment", "pk": 77, "fields": {"illness": 4, "inventory_detail": 14, "quantity": 9944}}, {"model": "treatment.illnesstreatment", "pk": 78, "fields": {"illness": 7, "inventory_detail": 13, "quantity": 5353}}, {"model": "treatment.illnesstreatment", "pk": 79, "fields": {"illness": 20, "inventory_detail": 16, "quantity": 12327}}, {"model": "treatment.illnesstreatment", "pk": 80, "fields": {"illness": 1, "inventory_detail": 5, "quantity": 16984}}, {"model": "treatment.illnesstreatment", "pk": 81, "fields": {"illness": 16, "inventory_detail": 11, "quantity": 9772}}, {"model": "treatment.illnesstreatment", "pk": 82, "fields": {"illness": 12, "inventory_detail": 3, "quantity": 31992}}, {"model": "treatment.certificate", "pk": 1, "fields": {"patient": 14, "purpose": "Skin weight foot past work catch. So world mission.\nSystem threat paper economic. Pattern opportunity less admit charge imagine. Near week offer guy notice.", "requested": "1979-05-10T04:20:09.527Z", "released": false}}, {"model": "treatment.certificate", "pk": 2, "fields": {"patient": 15, "purpose": "Easy finish really add. Plan bill report power modern. Age couple purpose wait if.\nControl ahead candidate medical heart. Positive wait help down fight.", "requested": "1987-03-24T21:59:55.645Z", "released": true}}, {"model": "treatment.certificate", "pk": 3, "fields": {"patient": 16, "purpose": "Whose structure social actually particular thousand role minute. Analysis military world allow. South drug parent crime.\nSouth plan above quite parent wear. During seek also reason run.", "requested": "2015-06-16T13:40:53.962Z", "released": true}}, {"model": "treatment.certificate", "pk": 4, "fields": {"patient": 5, "purpose": "Beat list well research understand I.\nCoach him point think. Nice enough chance leader company read.\nMethod field kitchen structure cultural.\nProperty paper change pattern. Ask fine majority school.", "requested": "2023-02-21T09:21:56.555Z", "released": true}}, {"model": "treatment.certificate", "pk": 5, "fields": {"patient": 19, "purpose": "Attention hard red service guy sound. Those what stop need forward deal. Happy technology himself positive later among.", "requested": "1994-01-02T21:25:47.414Z", "released": false}}, {"model": "treatment.certificate", "pk": 6, "fields": {"patient": 17, "purpose": "Win accept camera model. Plan just line decide join life.\nMany type stock must painting their simply. Follow but authority talk once. Always group nation partner best.", "requested": "1971-10-09T07:46:41.703Z", "released": true}}, {"model": "treatment.certificate", "pk": 7, "fields": {"patient": 6, "purpose": "East next morning true top since when grow. Recognize believe serve.\nContinue human paper affect former. Instead reality foreign skill.\nShoulder us now people could sign. Interview place song trip.", "requested": "1970-03-21T22:49:54.467Z", "released": false}}, {"model": "treatment.certificate", "pk": 8, "fields": {"patient": 13, "purpose": "Environment gun response significant student out.\nThroughout various manager human. In sort push from ok.", "requested": "1970-12-01T11:21:35.472Z", "released": true}}, {"model": "treatment.certificate", "pk": 9, "fields": {"patient": 19, "purpose": "Stay we form agency among choose effort. Summer position meeting adult. Race throw value news out result.", "requested": "2015-06-09T15:47:38.591Z", "released": true}}, {"model": "treatment.certificate", "pk": 10, "fields": {"patient": 18, "purpose": "Like bill become life live different successful. Professional worry mother effort.\nExplain task matter determine. Record both clear discuss. Ago first site contain.", "requested": "2018-08-02T13:13:18.827Z", "released": true}}, {"model": "treatment.certificate", "pk": 11, "fields": {"patient": 6, "purpose": "Series research officer common great list wife. These close buy building week ball.\nPm feeling piece wait compare leader wait. A wife shoulder open note. Break family though dark at image.", "requested": "2012-02-18T17:35:27.242Z", "released": false}}, {"model": "treatment.certificate", "pk": 12, "fields": {"patient": 4, "purpose": "Time national hundred in enough range end. Number management page light rock wind view.\nRead article writer base. Some century culture either hotel evening project.", "requested": "2002-01-05T17:40:46.413Z", "released": false}}, {"model": "treatment.certificate", "pk": 13, "fields": {"patient": 2, "purpose": "Cold good police loss either. Air everyone top factor. Arm lawyer little where media. Week his commercial property among apply.", "requested": "2004-06-09T10:40:57.965Z", "released": true}}, {"model": "treatment.certificate", "pk": 14, "fields": {"patient": 14, "purpose": "More south experience night occur condition. Financial next so room author speak as. Song green manager plant.", "requested": "2021-09-07T11:12:24.563Z", "released": false}}, {"model": "treatment.certificate", "pk": 15, "fields": {"patient": 5, "purpose": "Relate morning blue put bill. Despite feeling call charge pay. Boy push week he money go expert anyone.", "requested": "1983-03-15T23:28:00.051Z", "released": true}}, {"model": "treatment.certificate", "pk": 16, "fields": {"patient": 10, "purpose": "Likely democratic win social decade. Without or dog contain senior outside south through.", "requested": "1989-04-26T13:12:30.133Z", "released": false}}, {"model": "treatment.certificate", "pk": 17, "fields": {"patient": 12, "purpose": "Scientist but charge sure someone enjoy customer. Wrong change have clearly.\nTotal result ready movement. Type admit according of likely home.\nSix plan leave already ok fund. Inside kitchen it.", "requested": "2008-11-20T02:17:44.765Z", "released": true}}, {"model": "treatment.certificate", "pk": 18, "fields": {"patient": 9, "purpose": "Tonight seem a question whether push. As exist mention well.\nThroughout exist scientist certain. Generation around question trade. View treat write no.", "requested": "1985-12-31T09:54:44.896Z", "released": true}}, {"model": "treatment.certificate", "pk": 19, "fields": {"patient": 4, "purpose": "Figure small contain training many. Police add up news throughout front production. Your coach his low really candidate rest skill.", "requested": "1988-11-30T00:49:51.863Z", "released": true}}, {"model": "treatment.certificate", "pk": 20, "fields": {"patient": 4, "purpose": "Which run push same best. Boy room arrive tonight situation newspaper. Son you science current student.\nClaim avoid around item star. Late always east.", "requested": "1998-01-04T23:09:24.004Z", "released": true}}, {"model": "sites.site", "pk": 1, "fields": {"domain": "example.com", "name": "example.com"}}]
