[
    {
      "model": "treatment.doctordetail",
      "pk": 1,
      "fields": {
        "doctor": 10,
        "time_avail_start": "13:32:57",
        "time_avail_end": "16:00:27",
        "avail": true
      }
    },
    {
      "model": "treatment.doctordetail",
      "pk": 2,
      "fields": {
        "doctor": 9,
        "time_avail_start": "06:50:54",
        "time_avail_end": "17:51:28",
        "avail": true
      }
    },
    {
      "model": "treatment.doctordetail",
      "pk": 3,
      "fields": {
        "doctor": 10,
        "time_avail_start": "00:39:07",
        "time_avail_end": "23:42:57",
        "avail": true
      }
    },
    {
      "model": "treatment.doctordetail",
      "pk": 4,
      "fields": {
        "doctor": 15,
        "time_avail_start": "16:25:02",
        "time_avail_end": "06:46:33",
        "avail": true
      }
    },
    {
      "model": "treatment.doctordetail",
      "pk": 5,
      "fields": {
        "doctor": 17,
        "time_avail_start": "16:14:57",
        "time_avail_end": "17:36:42",
        "avail": true
      }
    },
    {
      "model": "treatment.doctordetail",
      "pk": 6,
      "fields": {
        "doctor": 17,
        "time_avail_start": "13:28:44",
        "time_avail_end": "19:42:52",
        "avail": true
      }
    },
    {
      "model": "treatment.doctordetail",
      "pk": 7,
      "fields": {
        "doctor": 15,
        "time_avail_start": "22:34:52",
        "time_avail_end": "06:27:25",
        "avail": true
      }
    },
    {
      "model": "treatment.doctordetail",
      "pk": 8,
      "fields": {
        "doctor": 14,
        "time_avail_start": "06:09:03",
        "time_avail_end": "00:41:09",
        "avail": true
      }
    },
    {
      "model": "treatment.doctordetail",
      "pk": 9,
      "fields": {
        "doctor": 11,
        "time_avail_start": "00:44:34",
        "time_avail_end": "16:33:44",
        "avail": true
      }
    },
    {
      "model": "treatment.doctordetail",
      "pk": 10,
      "fields": {
        "doctor": 17,
        "time_avail_start": "14:26:38",
        "time_avail_end": "09:20:44",
        "avail": true
      }
    },
    {
      "model": "treatment.category",
      "pk": 4,
      "fields": {
        "category": "Alimentary System",
        "description": "The alimentary system, also known as the digestive system, is responsible for the ingestion, digestion, absorption, and elimination of food and nutrients. It consists of a series of organs and glands that work together to break down food into smaller molecules, which can be absorbed into the bloodstream and utilized by the body.",
        "added": "2024-10-07T12:19:39.788Z",
        "updated": "2024-10-07T07:56:46.140Z"
      }
    },
    {
      "model": "treatment.category",
      "pk": 5,
      "fields": {
        "category": "Respiratory System",
        "description": "The respiratory system is responsible for supplying oxygen to the body's tissues and removing carbon dioxide, a waste product of cellular metabolism. It allows the exchange of gases between the body and the environment, which is essential for life.",
        "added": "2024-10-07T12:19:02.672Z",
        "updated": "2024-10-07T07:56:58.521Z"
      }
    },
    {
      "model": "treatment.category",
      "pk": 6,
      "fields": {
        "category": "Musculo-skeletal System",
        "description": "The musculoskeletal system provides structure, support, and movement to the human body. It is composed of bones, muscles, cartilage, tendons, ligaments, and other connective tissues. Together, these components work to protect vital organs, allow mobility, and maintain posture.",
        "added": "2024-10-07T12:18:33.880Z",
        "updated": "2024-10-07T07:57:14.897Z"
      }
    },
    {
      "model": "treatment.category",
      "pk": 7,
      "fields": {
        "category": "Integumentary System",
        "description": "The integumentary system is the body’s outer covering and its largest organ system, primarily responsible for protecting the body from external damage, regulating body temperature, and providing sensory information. It consists of the skin, hair, nails, glands, and associated structures.",
        "added": "2024-10-07T12:18:04.485Z",
        "updated": "2024-10-07T07:58:18.546Z"
      }
    },
    {
      "model": "treatment.category",
      "pk": 8,
      "fields": {
        "category": "Urinary System",
        "description": "The urinary system (also known as the renal system) is responsible for producing, storing, and eliminating urine, as well as maintaining the body's balance of water, salts, and other substances. It plays a crucial role in filtering waste products from the blood and regulating fluid and electrolyte levels.",
        "added": "2024-10-07T12:17:26.768Z",
        "updated": "2024-10-07T07:58:30.385Z"
      }
    },
    {
      "model": "treatment.category",
      "pk": 9,
      "fields": {
        "category": "Metabolic Endocrine Disorder",
        "description": "Metabolic endocrine disorders are conditions that arise when the endocrine system, which regulates hormones and metabolism, becomes imbalanced or dysfunctional. These disorders affect how the body processes nutrients and produces energy.",
        "added": "2024-10-07T12:16:57.588Z",
        "updated": "2024-10-07T08:00:18.615Z"
      }
    },
    {
      "model": "treatment.category",
      "pk": 10,
      "fields": {
        "category": "Cardiovascular System",
        "description": "The cardiovascular system (also known as the circulatory system) is responsible for transporting blood, nutrients, oxygen, carbon dioxide, and hormones throughout the body.",
        "added": "2024-10-07T12:16:16.405Z",
        "updated": "2024-10-07T08:00:32.777Z"
      }
    },
    {
      "model": "treatment.category",
      "pk": 11,
      "fields": {
        "category": "Eyes, Ears, Nose and Throat Disorders",
        "description": "Eyes, Ears, Nose, and Throat (EENT) disorders refer to a wide range of conditions that affect these sensory and functional organs, often handled by an otolaryngologist or ENT specialist.",
        "added": "2024-10-07T12:15:46.504Z",
        "updated": "2024-10-07T08:00:52.947Z"
      }
    },
    {
      "model": "treatment.category",
      "pk": 12,
      "fields": {
        "category": "Communicable Diseases",
        "description": "Communicable diseases, also known as infectious diseases, are illnesses that are caused by bacteria or viruses and spread through contact with contaminated surfaces, bodily fluids, or the air.",
        "added": "2024-10-07T11:55:14.714Z",
        "updated": "2024-10-07T08:01:01.623Z"
      }
    },
    {
      "model": "treatment.category",
      "pk": 13,
      "fields": {
        "category": "Blood Disorder",
        "description": "A blood disorder is a condition that affects the blood's ability to function, and can be caused by a number of factors: blood cell levels, blood clotting, inherited, and other causes.",
        "added": "2024-10-07T11:54:37.669Z",
        "updated": "2024-10-07T08:01:14.982Z"
      }
    },
    {
      "model": "treatment.category",
      "pk": 14,
      "fields": {
        "category": "Neurological Disorder",
        "description": "Neurological Disorders are disorders that affect the brain as well as the nerves found throughout the human body and the spinal cord.",
        "added": "2024-10-07T11:43:02.909Z",
        "updated": "2024-10-07T08:01:30.411Z"
      }
    },
    {
      "model": "treatment.category",
      "pk": 15,
      "fields": {
        "category": "OB-Gyne Cases",
        "description": "Cases affecting women and their babies during pregnancy and childbirth.",
        "added": "2024-10-07T11:42:01.343Z",
        "updated": "2024-10-07T08:01:38.536Z"
      }
    },
    {
      "model": "treatment.illness",
      "pk": 4,
      "fields": {
        "patient": 17,
        "issue": "Persistent chest pain and shortness of breath during physical activity.",
        "illness_category": 5,
        "staff": 17,
        "doctor": 15,
        "added": "2003-07-16T16:45:05.360Z",
        "updated": "2024-10-30T12:09:32.735Z",
        "diagnosis": "Signs of angina. Recommend further cardiovascular examination and stress testing."
      }
    },
    {
      "model": "treatment.illness",
      "pk": 5,
      "fields": {
        "patient": 14,
        "issue": "Frequent headaches and vision problems worsening over the past few months.",
        "illness_category": 11,
        "staff": 16,
        "doctor": 12,
        "added": "1986-07-22T15:47:26.671Z",
        "updated": "2024-10-30T12:10:41.611Z",
        "diagnosis": "Possible migraine or tension headaches. Consider neurological assessment and eye exam."
      }
    },
    {
      "model": "treatment.illness",
      "pk": 6,
      "fields": {
        "patient": 12,
        "issue": "Difficulty breathing at night and frequent wheezing.",
        "illness_category": 12,
        "staff": 15,
        "doctor": 15,
        "added": "2006-07-22T20:15:13.940Z",
        "updated": "2024-10-30T12:09:04.237Z",
        "diagnosis": "Symptoms suggest asthma. Recommend inhaler use and allergy testing."
      }
    },
    {
      "model": "treatment.illness",
      "pk": 7,
      "fields": {
        "patient": 10,
        "issue": "Severe joint pain in knees, especially after physical exertion.",
        "illness_category": 8,
        "staff": 14,
        "doctor": 9,
        "added": "1972-01-07T01:13:33.368Z",
        "updated": "2024-10-30T12:10:58.383Z",
        "diagnosis": "Potential osteoarthritis. Suggest physical therapy and anti-inflammatory medication."
      }
    },
    {
      "model": "treatment.illness",
      "pk": 8,
      "fields": {
        "patient": 14,
        "issue": "Chronic fatigue and unexplained weight loss over the last few months.",
        "illness_category": 9,
        "staff": 15,
        "doctor": 12,
        "added": "1993-07-27T06:23:04.737Z",
        "updated": "2024-10-30T12:10:06.153Z",
        "diagnosis": "Suspected thyroid disorder. Recommend blood tests to evaluate thyroid function."
      }
    },
    {
      "model": "treatment.illness",
      "pk": 9,
      "fields": {
        "patient": 17,
        "issue": "Recurring back pain, particularly in the lower region, with stiffness.",
        "illness_category": null,
        "staff": 11,
        "doctor": 15,
        "added": "1994-06-01T03:24:18.524Z",
        "updated": "1979-07-28T03:18:40.647Z",
        "diagnosis": "Possible lumbar strain. Suggest physical therapy and stretching exercises."
      }
    },
    {
      "model": "treatment.illness",
      "pk": 10,
      "fields": {
        "patient": 16,
        "issue": "Frequent upper respiratory infections with persistent cough.",
        "illness_category": 10,
        "staff": 15,
        "doctor": 10,
        "added": "2009-03-05T22:41:12.595Z",
        "updated": "2024-10-30T12:08:40.994Z",
        "diagnosis": "Suspected bronchitis. Recommend antibiotics and monitoring for improvement."
      }
    },
    {
      "model": "treatment.illness",
      "pk": 11,
      "fields": {
        "patient": 16,
        "issue": "Persistent anxiety and difficulty sleeping at night.",
        "illness_category": null,
        "staff": 14,
        "doctor": 16,
        "added": "1997-02-20T18:50:46.359Z",
        "updated": "2020-03-31T20:15:36.075Z",
        "diagnosis": "Generalized Anxiety Disorder. Recommend therapy and relaxation techniques."
      }
    },
    {
      "model": "treatment.illness",
      "pk": 12,
      "fields": {
        "patient": 14,
        "issue": "Unexplained bruising and occasional nosebleeds.",
        "illness_category": 7,
        "staff": 16,
        "doctor": 13,
        "added": "1998-10-01T07:39:02.355Z",
        "updated": "2024-10-30T12:10:23.397Z",
        "diagnosis": "Potential blood clotting disorder. Recommend full blood count and platelet tests."
      }
    },
    {
      "model": "treatment.illness",
      "pk": 13,
      "fields": {
        "patient": 14,
        "issue": "Shortness of breath and lightheadedness during physical activity.",
        "illness_category": 10,
        "staff": 10,
        "doctor": 15,
        "added": "2020-12-10T13:37:01.870Z",
        "updated": "2024-10-30T12:08:22.339Z",
        "diagnosis": "Likely anemia or mild cardiac issue. Recommend blood tests and cardiology referral."
      }
    },
    {
      "model": "treatment.illnesstreatment",
      "pk": 1,
      "fields": {
        "illness": 4,
        "inventory_detail": 11,
        "quantity": null
      }
    },
    {
      "model": "treatment.illnesstreatment",
      "pk": 2,
      "fields": {
        "illness": 4,
        "inventory_detail": 9,
        "quantity": null
      }
    },
    {
      "model": "treatment.illnesstreatment",
      "pk": 3,
      "fields": {
        "illness": 4,
        "inventory_detail": 5,
        "quantity": null
      }
    },
    {
      "model": "treatment.illnesstreatment",
      "pk": 4,
      "fields": {
        "illness": 5,
        "inventory_detail": 12,
        "quantity": null
      }
    },
    {
      "model": "treatment.illnesstreatment",
      "pk": 5,
      "fields": {
        "illness": 6,
        "inventory_detail": 9,
        "quantity": null
      }
    },
    {
      "model": "treatment.illnesstreatment",
      "pk": 6,
      "fields": {
        "illness": 6,
        "inventory_detail": 5,
        "quantity": null
      }
    },
    {
      "model": "treatment.illnesstreatment",
      "pk": 7,
      "fields": {
        "illness": 7,
        "inventory_detail": 10,
        "quantity": null
      }
    },
    {
      "model": "treatment.illnesstreatment",
      "pk": 8,
      "fields": {
        "illness": 7,
        "inventory_detail": 5,
        "quantity": null
      }
    },
    {
      "model": "treatment.illnesstreatment",
      "pk": 9,
      "fields": {
        "illness": 7,
        "inventory_detail": 13,
        "quantity": null
      }
    },
    {
      "model": "treatment.illnesstreatment",
      "pk": 10,
      "fields": {
        "illness": 8,
        "inventory_detail": 9,
        "quantity": null
      }
    },
    {
      "model": "treatment.illnesstreatment",
      "pk": 11,
      "fields": {
        "illness": 8,
        "inventory_detail": 5,
        "quantity": null
      }
    },
    {
      "model": "treatment.illnesstreatment",
      "pk": 12,
      "fields": {
        "illness": 9,
        "inventory_detail": 12,
        "quantity": null
      }
    },
    {
      "model": "treatment.illnesstreatment",
      "pk": 13,
      "fields": {
        "illness": 9,
        "inventory_detail": 11,
        "quantity": null
      }
    },
    {
      "model": "treatment.illnesstreatment",
      "pk": 14,
      "fields": {
        "illness": 10,
        "inventory_detail": 5,
        "quantity": null
      }
    },
    {
      "model": "treatment.illnesstreatment",
      "pk": 15,
      "fields": {
        "illness": 11,
        "inventory_detail": 12,
        "quantity": null
      }
    },
    {
      "model": "treatment.illnesstreatment",
      "pk": 16,
      "fields": {
        "illness": 11,
        "inventory_detail": 7,
        "quantity": null
      }
    },
    {
      "model": "treatment.illnesstreatment",
      "pk": 17,
      "fields": {
        "illness": 11,
        "inventory_detail": 13,
        "quantity": null
      }
    },
    {
      "model": "treatment.illnesstreatment",
      "pk": 18,
      "fields": {
        "illness": 12,
        "inventory_detail": 5,
        "quantity": null
      }
    },
    {
      "model": "treatment.illnesstreatment",
      "pk": 19,
      "fields": {
        "illness": 13,
        "inventory_detail": 7,
        "quantity": null
      }
    },
    {
      "model": "treatment.illnesstreatment",
      "pk": 20,
      "fields": {
        "illness": 13,
        "inventory_detail": 13,
        "quantity": null
      }
    },
    {
      "model": "treatment.illnesstreatment",
      "pk": 21,
      "fields": {
        "illness": 7,
        "inventory_detail": 8,
        "quantity": -16186
      }
    },
    {
      "model": "treatment.illnesstreatment",
      "pk": 22,
      "fields": {
        "illness": 5,
        "inventory_detail": 8,
        "quantity": 9715
      }
    },
    {
      "model": "treatment.illnesstreatment",
      "pk": 23,
      "fields": {
        "illness": 4,
        "inventory_detail": 8,
        "quantity": -8425
      }
    },
    {
      "model": "treatment.illnesstreatment",
      "pk": 24,
      "fields": {
        "illness": 12,
        "inventory_detail": 11,
        "quantity": -22879
      }
    },
    {
      "model": "treatment.illnesstreatment",
      "pk": 25,
      "fields": {
        "illness": 6,
        "inventory_detail": 8,
        "quantity": -22893
      }
    },
    {
      "model": "treatment.illnesstreatment",
      "pk": 26,
      "fields": {
        "illness": 7,
        "inventory_detail": 9,
        "quantity": -14791
      }
    },
    {
      "model": "treatment.illnesstreatment",
      "pk": 27,
      "fields": {
        "illness": 5,
        "inventory_detail": 12,
        "quantity": -11363
      }
    },
    {
      "model": "treatment.illnesstreatment",
      "pk": 28,
      "fields": {
        "illness": 11,
        "inventory_detail": 12,
        "quantity": 10099
      }
    },
    {
      "model": "treatment.illnesstreatment",
      "pk": 29,
      "fields": {
        "illness": 8,
        "inventory_detail": 5,
        "quantity": -19630
      }
    },
    {
      "model": "treatment.illnesstreatment",
      "pk": 30,
      "fields": {
        "illness": 6,
        "inventory_detail": 5,
        "quantity": -29821
      }
    },
    {
      "model": "treatment.certificate",
      "pk": 1,
      "fields": {
        "patient": 6,
        "purpose": "Medical certificate required for an upcoming exam.",
        "requested": "2024-10-12T14:46:11.263Z",
        "is_ready": false,
        "released": false
      }
    },
    {
      "model": "treatment.certificate",
      "pk": 2,
      "fields": {
        "patient": 9,
        "purpose": "Certification needed for health insurance verification.",
        "requested": "2011-07-14T15:17:20.281Z",
        "is_ready": true,
        "released": false
      }
    },
    {
      "model": "treatment.certificate",
      "pk": 3,
      "fields": {
        "patient": 18,
        "purpose": "Patient requires documentation for legal purposes related to medical treatment.",
        "requested": "1997-09-11T04:52:08.098Z",
        "is_ready": false,
        "released": true
      }
    },
    {
      "model": "treatment.certificate",
      "pk": 4,
      "fields": {
        "patient": 18,
        "purpose": "Certification needed for participation in a clinical trial.",
        "requested": "1987-10-16T16:40:01.492Z",
        "is_ready": false,
        "released": false
      }
    },
    {
      "model": "treatment.certificate",
      "pk": 5,
      "fields": {
        "patient": 11,
        "purpose": "Medical certificate required for a physical fitness assessment.",
        "requested": "2016-10-10T04:16:22.485Z",
        "is_ready": true,
        "released": false
      }
    },
    {
      "model": "treatment.certificate",
      "pk": 6,
      "fields": {
        "patient": 16,
        "purpose": "Documentation required for post-surgery follow-up.",
        "requested": "2003-05-06T01:45:39.857Z",
        "is_ready": false,
        "released": true
      }
    },
    {
      "model": "treatment.certificate",
      "pk": 7,
      "fields": {
        "patient": 9,
        "purpose": "Certificate needed for occupational health clearance.",
        "requested": "1986-06-06T22:19:57.130Z",
        "is_ready": false,
        "released": true
      }
    },
    {
      "model": "treatment.certificate",
      "pk": 8,
      "fields": {
        "patient": 12,
        "purpose": "Medical certificate requested for school enrollment.",
        "requested": "1992-08-02T14:17:41.733Z",
        "is_ready": true,
        "released": false
      }
    },
    {
      "model": "treatment.certificate",
      "pk": 9,
      "fields": {
        "patient": 16,
        "purpose": "Patient requires certification for fitness assessment due to recent medical procedure.",
        "requested": "1976-02-09T06:09:24.982Z",
        "is_ready": false,
        "released": true
      }
    },
    {
      "model": "treatment.certificate",
      "pk": 10,
      "fields": {
        "patient": 17,
        "purpose": "Medical certificate requested for work clearance after recent health recovery.",
        "requested": "1995-01-03T06:06:07.937Z",
        "is_ready": false,
        "released": true
      }
    },
    {
      "model": "treatment.certificate",
      "pk": 11,
      "fields": {
        "patient": 12,
        "purpose": "Patient requires documentation for travel purposes following medical check-up.",
        "requested": "2023-11-19T17:38:52.252Z",
        "is_ready": false,
        "released": false
      }
    },
    {
      "model": "treatment.illnessnote",
      "pk": 1,
      "fields": {
        "patient": 15,
        "attached_to": 8,
        "notes": "Patient reported experiencing persistent pain in the left leg. Recommended further evaluation.",
        "noted_by": 11,
        "timestamp": "2015-06-16T21:35:00.855Z",
        "updated": "2021-11-13T00:43:04.043Z"
      }
    },
    {
      "model": "treatment.illnessnote",
      "pk": 2,
      "fields": {
        "patient": 10,
        "attached_to": 10,
        "notes": "Discussion with the patient regarding surgical options for knee pain. Encouraged the patient to consider their options carefully.",
        "noted_by": 12,
        "timestamp": "1992-08-16T11:46:50.294Z",
        "updated": "1975-07-13T01:32:38.189Z"
      }
    },
    {
      "model": "treatment.illnessnote",
      "pk": 3,
      "fields": {
        "patient": 12,
        "attached_to": 7,
        "notes": "Patient expressed concerns about treatment side effects. Discussed possible adjustments to the medication regimen.",
        "noted_by": 12,
        "timestamp": "2011-08-31T16:53:08.360Z",
        "updated": "1991-10-26T06:13:27.863Z"
      }
    },
    {
      "model": "treatment.illnessnote",
      "pk": 4,
      "fields": {
        "patient": 16,
        "attached_to": 11,
        "notes": "Patient undergoing routine follow-up. All vital signs within normal limits. Continue with current treatment plan.",
        "noted_by": 17,
        "timestamp": "2007-06-24T00:56:09.276Z",
        "updated": "2015-01-07T02:06:12.127Z"
      }
    },
    {
      "model": "treatment.illnessnote",
      "pk": 5,
      "fields": {
        "patient": 9,
        "attached_to": 8,
        "notes": "Patient reported improved symptoms after medication adjustment. Follow-up in one month.",
        "noted_by": 11,
        "timestamp": "1988-07-03T12:42:24.285Z",
        "updated": "2014-09-10T22:16:01.458Z"
      }
    },
    {
      "model": "treatment.illnessnote",
      "pk": 6,
      "fields": {
        "patient": 16,
        "attached_to": 4,
        "notes": "Patient's condition stable, no new complaints. Scheduled next appointment for 3 months.",
        "noted_by": 12,
        "timestamp": "1976-05-08T15:53:38.815Z",
        "updated": "1980-09-23T21:44:42.207Z"
      }
    },
    {
      "model": "treatment.illnessnote",
      "pk": 7,
      "fields": {
        "patient": 16,
        "attached_to": 12,
        "notes": "Discussed lifestyle changes to manage chronic pain. Provided educational materials.",
        "noted_by": 9,
        "timestamp": "1993-03-05T15:48:55.491Z",
        "updated": "1970-10-06T02:05:26.947Z"
      }
    },
    {
      "model": "treatment.illnessnote",
      "pk": 8,
      "fields": {
        "patient": 13,
        "attached_to": 5,
        "notes": "Patient reports difficulty sleeping due to pain. Recommended consulting a sleep specialist.",
        "noted_by": 17,
        "timestamp": "2008-03-18T00:44:14.369Z",
        "updated": "1988-12-21T17:01:01.486Z"
      }
    },
    {
      "model": "treatment.illnessnote",
      "pk": 9,
      "fields": {
        "patient": 18,
        "attached_to": 10,
        "notes": "Patient expressed interest in alternative therapies. Provided referrals for acupuncture and physical therapy.",
        "noted_by": 15,
        "timestamp": "1996-11-22T22:31:31.983Z",
        "updated": "1987-06-28T03:24:54.774Z"
      }
    },
    {
      "model": "treatment.illnessnote",
      "pk": 10,
      "fields": {
        "patient": 16,
        "attached_to": 5,
        "notes": "Patient's treatment plan reviewed and adjusted as necessary. Emphasized the importance of adherence to the regimen.",
        "noted_by": 18,
        "timestamp": "1987-04-04T04:34:12.942Z",
        "updated": "1979-12-01T08:34:05.995Z"
      }
    },
    {
      "model": "inventory.inventorydetail",
      "pk": 1,
      "fields": {
        "item_no": 143,
        "unit": "tablet",
        "item_name": "Atorvastatin",
        "category": "Medicine",
        "description": "Take this three times a day as prescribed.",
        "expiration_date": "2024-10-25",
        "added_by": 4
      }
    },
    {
      "model": "inventory.inventorydetail",
      "pk": 2,
      "fields": {
        "item_no": 144,
        "unit": "tablet",
        "item_name": "Losartan",
        "category": "Medicine",
        "description": "Take when feeling unwell or stressed.",
        "expiration_date": "2024-10-25",
        "added_by": 4
      }
    },
    {
      "model": "inventory.inventorydetail",
      "pk": 3,
      "fields": {
        "item_no": 99,
        "unit": "box",
        "item_name": "Ibuprofen",
        "category": "Supply",
        "description": "Use gloves when handling.",
        "expiration_date": null,
        "added_by": 4
      }
    },
    {
      "model": "inventory.inventorydetail",
      "pk": 4,
      "fields": {
        "item_no": 150,
        "unit": "bottle",
        "item_name": "Vitamin C Syrup",
        "category": "Medicine",
        "description": "Take 10ml daily to boost immunity.",
        "expiration_date": "2025-06-21",
        "added_by": 5
      }
    },
    {
      "model": "inventory.inventorydetail",
      "pk": 5,
      "fields": {
        "item_no": 201,
        "unit": "syringe",
        "item_name": "Insulin",
        "category": "Medicine",
        "description": "For blood sugar management. Inject as prescribed.",
        "expiration_date": "2024-12-23",
        "added_by": 5
      }
    },
    {
      "model": "inventory.inventorydetail",
      "pk": 6,
      "fields": {
        "item_no": 223,
        "unit": "bottle",
        "item_name": "Antibiotic Solution",
        "category": "Medicine",
        "description": "Use as directed by the physician.",
        "expiration_date": "2025-01-05",
        "added_by": 4
      }
    },
    {
      "model": "inventory.inventorydetail",
      "pk": 7,
      "fields": {
        "item_no": 300,
        "unit": "bottle",
        "item_name": "Hand Sanitizer",
        "category": "Supply",
        "description": "Use to sanitize hands before handling equipment.",
        "expiration_date": "2025-08-16",
        "added_by": 2
      }
    },
    {
      "model": "inventory.inventorydetail",
      "pk": 8,
      "fields": {
        "item_no": 315,
        "unit": "tablet",
        "item_name": "Pain Reliever",
        "category": "Medicine",
        "description": "Take only when experiencing severe pain.",
        "expiration_date": "2024-10-13",
        "added_by": 5
      }
    },
    {
      "model": "inventory.inventorydetail",
      "pk": 9,
      "fields": {
        "item_no": 399,
        "unit": "mask",
        "item_name": "N95 Respirator",
        "category": "Supply",
        "description": "Use for airborne infection control.",
        "expiration_date": null,
        "added_by": 4
      }
    },
    {
      "model": "inventory.inventorydetail",
      "pk": 10,
      "fields": {
        "item_no": 401,
        "unit": "ointment",
        "item_name": "Burn Ointment",
        "category": "Medicine",
        "description": "Apply on burns and cover with a sterile bandage.",
        "expiration_date": "2025-06-24",
        "added_by": 2
      }
    },
    {
      "model": "inventory.inventorydetail",
      "pk": 11,
      "fields": {
        "item_no": 500,
        "unit": "tablet",
        "item_name": "Antihistamine",
        "category": "Medicine",
        "description": "Take to relieve allergic reactions.",
        "expiration_date": "2024-12-23",
        "added_by": 5
      }
    },
    {
      "model": "inventory.inventorydetail",
      "pk": 12,
      "fields": {
        "item_no": 601,
        "unit": "bottle",
        "item_name": "Cough Syrup",
        "category": "Medicine",
        "description": "Take 10ml every 6 hours as needed.",
        "expiration_date": "2025-04-25",
        "added_by": 5
      }
    },
    {
      "model": "inventory.inventorydetail",
      "pk": 13,
      "fields": {
        "item_no": 699,
        "unit": "bottle",
        "item_name": "Antiseptic Solution",
        "category": "Supply",
        "description": "Use for cleaning wounds before dressing.",
        "expiration_date": "2025-12-13",
        "added_by": 4
      }
    },
    {
      "model": "inventory.quantityhistory",
      "pk": 1,
      "fields": {
        "inventory": 1,
        "updated_quantity": 100,
        "timestamp": "2024-10-24T10:56:14.408Z",
        "changed_by": 4
      }
    },
    {
      "model": "inventory.quantityhistory",
      "pk": 2,
      "fields": {
        "inventory": 2,
        "updated_quantity": 100,
        "timestamp": "2024-10-24T10:58:14.177Z",
        "changed_by": 4
      }
    },
    {
      "model": "inventory.quantityhistory",
      "pk": 3,
      "fields": {
        "inventory": 3,
        "updated_quantity": 58,
        "timestamp": "2024-10-24T11:00:48.843Z",
        "changed_by": 4
      }
    },
    {
      "model": "users.department",
      "pk": 1,
      "fields": {
        "department": "Graduate"
      }
    },
    {
      "model": "users.department",
      "pk": 2,
      "fields": {
        "department": "Law"
      }
    },
    {
      "model": "users.department",
      "pk": 3,
      "fields": {
        "department": "CAS"
      }
    },
    {
      "model": "users.department",
      "pk": 4,
      "fields": {
        "department": "CBS"
      }
    },
    {
      "model": "users.department",
      "pk": 5,
      "fields": {
        "department": "CCS"
      }
    },
    {
      "model": "users.department",
      "pk": 6,
      "fields": {
        "department": "COE"
      }
    },
    {
      "model": "users.department",
      "pk": 7,
      "fields": {
        "department": "CEA"
      }
    },
    {
      "model": "users.department",
      "pk": 8,
      "fields": {
        "department": "CHTM"
      }
    },
    {
      "model": "users.department",
      "pk": 9,
      "fields": {
        "department": "CIT"
      }
    },
    {
      "model": "users.department",
      "pk": 10,
      "fields": {
        "department": "CSSP"
      }
    },
    {
      "model": "users.user",
      "pk": 1,
      "fields": {
        "password": "pbkdf2_sha256$720000$sKB7ufUbjVrM4Kffj30X6v$gPCzT/Tc+LJdzRMLazwlaqapzK/VPyy6DX0uXDfXrxg=",
        "last_login": "2024-10-30T13:13:33.212Z",
        "is_superuser": true,
        "is_staff": true,
        "is_active": true,
        "first_name": null,
        "last_name": null,
        "email": "bercasiocharles14@gmail.com",
        "contact": null,
        "profile": "user_profiles/fallback.png",
        "year": null,
        "section": null,
        "program": null,
        "department": null,
        "access": 4,
        "DOB": null,
        "sex": null,
        "blood_type": null,
        "height": null,
        "weight": null,
        "date_joined": "2024-06-27T16:09:03.481Z",
        "groups": [],
        "user_permissions": []
      }
    },
    {
      "model": "users.user",
      "pk": 2,
      "fields": {
        "password": "pbkdf2_sha256$720000$WKI2HslDs5qiJawhdErTal$dfoF23XL7t/KzrF/ukskqRV8WwOgq2lDQN3PY/GrtPQ=",
        "last_login": "2024-10-08T11:29:04.855Z",
        "is_superuser": false,
        "is_staff": false,
        "is_active": true,
        "first_name": "Charles Aerol",
        "last_name": "Bercasio",
        "email": "2021305504@dhvsu.edu.ph",
        "contact": null,
        "profile": "user_profiles/fallback.png",
        "year": null,
        "section": null,
        "program": null,
        "department": null,
        "access": 1,
        "DOB": null,
        "sex": null,
        "blood_type": null,
        "height": null,
        "weight": null,
        "date_joined": "2024-10-08T11:28:18.317Z",
        "groups": [],
        "user_permissions": []
      }
    },
    {
      "model": "users.user",
      "pk": 4,
      "fields": {
        "password": "pbkdf2_sha256$720000$F928ibUQySUL4GV2R7hpeT$R4it0io250Ci0YjZaa65/3rUtZGuHIggJKC9ZhNOViQ=",
        "last_login": "2024-10-24T10:39:45.735Z",
        "is_superuser": false,
        "is_staff": false,
        "is_active": true,
        "first_name": "hana",
        "last_name": "bishi",
        "email": "dethan422@gmail.com",
        "contact": null,
        "profile": "user_profiles/fallback.png",
        "year": null,
        "section": null,
        "program": null,
        "department": null,
        "access": 4,
        "DOB": null,
        "sex": null,
        "blood_type": null,
        "height": null,
        "weight": null,
        "date_joined": "2024-10-08T12:40:19.129Z",
        "groups": [],
        "user_permissions": []
      }
    },
    {
      "model": "users.user",
      "pk": 5,
      "fields": {
        "password": "pbkdf2_sha256$720000$uA9Cdor8yp7VbFLk5n85Jw$rZ6M1Lp1QQWdsgcbijQuZVKwoEKgxLmP1mqvAPtav0w=",
        "last_login": "2024-10-08T13:10:10.539Z",
        "is_superuser": false,
        "is_staff": false,
        "is_active": true,
        "first_name": "Ethan Dwayne",
        "last_name": "Baun",
        "email": "ethanbaun4@gmail.com",
        "contact": "9991838229",
        "profile": "user_profiles/user_5/64203311-55df-470f-b554-82e56e26daea.png",
        "year": null,
        "section": null,
        "program": null,
        "department": null,
        "access": 1,
        "DOB": null,
        "sex": null,
        "blood_type": null,
        "height": null,
        "weight": null,
        "date_joined": "2024-10-08T13:05:41.326Z",
        "groups": [],
        "user_permissions": []
      }
    },
    {
      "model": "users.user",
      "pk": 6,
      "fields": {
        "password": "pbkdf2_sha256$720000$hPLbZbO7Y7a1fE48TUOsKB$aaFfSVn+RvZtq0t3f8yYqWuuIOP0wdHTnnhRNR66wUQ=",
        "last_login": "2024-10-14T15:02:23Z",
        "is_superuser": false,
        "is_staff": false,
        "is_active": true,
        "first_name": "Tanya",
        "last_name": "Bartocillo",
        "email": "tanya.bartocillo003@gmail.com",
        "contact": "9201030457",
        "profile": "user_profiles/user_6/dc40bf08-5b78-4a13-9582-ab1f39482168.png",
        "year": null,
        "section": null,
        "program": null,
        "department": null,
        "access": 1,
        "DOB": null,
        "sex": null,
        "blood_type": null,
        "height": null,
        "weight": null,
        "date_joined": "2024-10-09T13:17:47.062Z",
        "groups": [],
        "user_permissions": []
      }
    },
    {
      "model": "users.user",
      "pk": 7,
      "fields": {
        "password": "pbkdf2_sha256$720000$aKcMjfIK6TEwBfCETRhRxo$YWi6YpQVCHvL6IS4w1BRw4SR9cgwCC6tBIgXO5bjD8M=",
        "last_login": null,
        "is_superuser": false,
        "is_staff": false,
        "is_active": true,
        "first_name": "Mark",
        "last_name": "Manson",
        "email": "2021308200@dhvsu.edu.ph",
        "contact": "09991838229",
        "profile": "user_profiles/fallback.png",
        "year": null,
        "section": null,
        "program": null,
        "department": null,
        "access": 1,
        "DOB": "2001-09-09",
        "sex": null,
        "blood_type": null,
        "height": null,
        "weight": null,
        "date_joined": "2024-10-13T15:53:49.226Z",
        "groups": [],
        "user_permissions": []
      }
    },
    {
      "model": "users.user",
      "pk": 8,
      "fields": {
        "password": "pbkdf2_sha256$720000$Gum95gpAtEuVn5B8BuMtf3$axqfydliP5Vof3CGoUQcWA8ptffzgNXTTTP/4yG5+G0=",
        "last_login": null,
        "is_superuser": false,
        "is_staff": false,
        "is_active": true,
        "first_name": "hana",
        "last_name": "bishi",
        "email": "dumbzora@gmail.com",
        "contact": null,
        "profile": "user_profiles/fallback.png",
        "year": null,
        "section": null,
        "program": null,
        "department": null,
        "access": 1,
        "DOB": null,
        "sex": null,
        "blood_type": null,
        "height": null,
        "weight": null,
        "date_joined": "2024-10-24T10:34:18.091Z",
        "groups": [],
        "user_permissions": []
      }
    },
    {
      "model": "users.user",
      "pk": 9,
      "fields": {
        "password": "Go fly argue agree table. Change job pay all future else.",
        "last_login": "1991-05-06T17:06:41.617Z",
        "is_superuser": true,
        "is_staff": true,
        "is_active": true,
        "first_name": "Devon",
        "last_name": "Chan",
        "email": "hallcassidy@example.org",
        "contact": "Art this school whether. View remember defense.",
        "profile": "user_profiles/fallback.png",
        "year": 19087,
        "section": "Will.",
        "program": "Though attack natural piece focus. Red authority minute cause cause direction.\nHard someone woman small situation western month.\nAudience baby create eye cover. Personal move particular city.",
        "department": null,
        "access": 1,
        "DOB": "1991-03-12",
        "sex": "Control including.",
        "blood_type": "Including small.",
        "height": 918,
        "weight": -29374,
        "date_joined": "1978-08-24T01:46:11.288Z",
        "groups": [],
        "user_permissions": []
      }
    },
    {
      "model": "users.user",
      "pk": 10,
      "fields": {
        "password": "Through could beautiful small loss black lot coach. Everyone political girl rock than she.",
        "last_login": "1975-10-06T17:46:44.296Z",
        "is_superuser": true,
        "is_staff": false,
        "is_active": true,
        "first_name": "Anthony",
        "last_name": "Porter",
        "email": "trujillojason@example.net",
        "contact": "Turn will tax. Population time such baby. Meeting positive stay relationship develop here letter.",
        "profile": "user_profiles/fallback.png",
        "year": 10587,
        "section": "Single.",
        "program": "Court different peace of throw assume bring hear. Role environmental threat may. Child smile reveal season pretty describe.\nThousand lead response week close end. Last stay probably less.\nTravel challenge save control within parent.",
        "department": null,
        "access": 1,
        "DOB": "2013-12-12",
        "sex": "Nation chair news.",
        "blood_type": "Man artist campaign.",
        "height": 30909,
        "weight": 12848,
        "date_joined": "2002-10-09T06:19:41.578Z",
        "groups": [],
        "user_permissions": []
      }
    },
    {
      "model": "users.user",
      "pk": 11,
      "fields": {
        "password": "Turn house let alone. Outside leave sure peace member fact.",
        "last_login": "1999-02-06T03:10:37.122Z",
        "is_superuser": false,
        "is_staff": true,
        "is_active": true,
        "first_name": "Connor",
        "last_name": "Greene",
        "email": "wwinters@example.net",
        "contact": "Change ahead political commercial society plan yard. Although generation voice agent must economic.",
        "profile": "user_profiles/fallback.png",
        "year": -24741,
        "section": "Us.",
        "program": "Big yeah bank space animal wife. Travel country artist second this read she travel. Walk against tough sign floor world evening.\nMorning campaign their write evening. Resource bit know another single west.",
        "department": null,
        "access": 1,
        "DOB": "2019-05-31",
        "sex": "Agreement high.",
        "blood_type": "Its father to could.",
        "height": 11577,
        "weight": 5427,
        "date_joined": "1990-10-31T12:12:00.797Z",
        "groups": [],
        "user_permissions": []
      }
    },
    {
      "model": "users.user",
      "pk": 12,
      "fields": {
        "password": "Low discussion expect I level successful six event. Story something professional ok subject.",
        "last_login": "2015-12-28T01:10:40.904Z",
        "is_superuser": true,
        "is_staff": false,
        "is_active": true,
        "first_name": "Jessica",
        "last_name": "George",
        "email": "jonathan35@example.net",
        "contact": "Speak exist rich this. A look huge these hope. Industry firm develop yard right by plant.",
        "profile": "user_profiles/fallback.png",
        "year": -11841,
        "section": "Chair.",
        "program": "All down lose right pull board. Poor activity answer where floor old.\nPicture myself bag so market build. Later film moment end. Discuss raise thus into entire for last. Figure million run big somebody listen back.",
        "department": null,
        "access": 1,
        "DOB": "1977-01-28",
        "sex": "Herself civil.",
        "blood_type": "Box fast arrive yet.",
        "height": -32286,
        "weight": 5747,
        "date_joined": "1977-08-22T10:39:24.563Z",
        "groups": [],
        "user_permissions": []
      }
    },
    {
      "model": "users.user",
      "pk": 13,
      "fields": {
        "password": "Happen design believe agent share. Take off rather prove environmental civil them. Fast star action response.",
        "last_login": "1983-03-20T22:20:43.905Z",
        "is_superuser": true,
        "is_staff": false,
        "is_active": true,
        "first_name": "Nicole",
        "last_name": "Burton",
        "email": "kristengoodwin@example.net",
        "contact": "End local add. Size pattern arrive moment work wide clearly. System coach especially.",
        "profile": "user_profiles/fallback.png",
        "year": 15990,
        "section": "Above.",
        "program": "Decide section same. History much out far door better east Republican. Training politics them fight.\nConsider argue poor rule audience analysis six. State issue expert civil appear position save area. Father piece others.",
        "department": null,
        "access": 1,
        "DOB": "2001-07-11",
        "sex": "Finish raise court.",
        "blood_type": "Factor voice.",
        "height": -30628,
        "weight": 7638,
        "date_joined": "2022-10-19T09:41:08.150Z",
        "groups": [],
        "user_permissions": []
      }
    },
    {
      "model": "users.user",
      "pk": 14,
      "fields": {
        "password": "Out others life concern figure local.\nStudy but suffer young no just life. Back financial beyond occur different.",
        "last_login": "1980-10-01T23:55:09.322Z",
        "is_superuser": true,
        "is_staff": true,
        "is_active": true,
        "first_name": "Jeffrey",
        "last_name": "Reed",
        "email": "reginawilson@example.org",
        "contact": "Pattern institution management soon. Down attorney fill south.",
        "profile": "user_profiles/fallback.png",
        "year": -8716,
        "section": "Without.",
        "program": "Decade ball him.\nLeader artist once property computer morning pattern. Again let lot Congress and. Note effect region notice. Particularly ready establish TV fact truth property.",
        "department": null,
        "access": 1,
        "DOB": "1982-04-12",
        "sex": "Usually visit sea.",
        "blood_type": "Pattern serious.",
        "height": -30255,
        "weight": 8459,
        "date_joined": "1986-07-10T16:35:49.061Z",
        "groups": [],
        "user_permissions": []
      }
    },
    {
      "model": "users.user",
      "pk": 15,
      "fields": {
        "password": "Within effort article three its low through area. Technology enjoy since many quality stand give. Design four rest.",
        "last_login": "2003-08-07T06:51:14.102Z",
        "is_superuser": false,
        "is_staff": false,
        "is_active": true,
        "first_name": "Heather",
        "last_name": "Mullen",
        "email": "adam82@example.com",
        "contact": "Hour stage story government reality. Ahead new free brother.",
        "profile": "user_profiles/fallback.png",
        "year": 14928,
        "section": "Staff.",
        "program": "Continue unit dark would nice. Treatment almost skin your when culture forget.\nAge give pattern. Into big rate break send be only feel.\nDescribe work hit read able spend cold.",
        "department": null,
        "access": 1,
        "DOB": "1980-12-25",
        "sex": "Rest answer get.",
        "blood_type": "Test while social.",
        "height": -17818,
        "weight": -15806,
        "date_joined": "2023-05-11T11:31:58.558Z",
        "groups": [],
        "user_permissions": []
      }
    },
    {
      "model": "users.user",
      "pk": 16,
      "fields": {
        "password": "Arrive sell knowledge society church side. Firm himself whose. Particular reflect order our physical.",
        "last_login": "2000-05-10T09:46:12.174Z",
        "is_superuser": false,
        "is_staff": true,
        "is_active": true,
        "first_name": "Krista",
        "last_name": "Bradford",
        "email": "taylorbobby@example.com",
        "contact": "Memory wind American ahead source PM. Technology key against meet firm. We contain try day.",
        "profile": "user_profiles/fallback.png",
        "year": 11954,
        "section": "Drive.",
        "program": "Sit system final exist ball course new color. Edge quickly yes mother floor happen.\nKind natural Mr project whatever father. Travel apply that age.\nWithin two gun. Lose administration surface mean support sport. Tv the avoid media common my.",
        "department": null,
        "access": 1,
        "DOB": "2014-04-09",
        "sex": "Several into memory.",
        "blood_type": "Can sit its south.",
        "height": 5446,
        "weight": 26412,
        "date_joined": "2001-02-18T07:40:25.830Z",
        "groups": [],
        "user_permissions": []
      }
    },
    {
      "model": "users.user",
      "pk": 17,
      "fields": {
        "password": "Yeah surface although threat but. Knowledge why look talk ahead.",
        "last_login": "2015-11-08T15:12:13.552Z",
        "is_superuser": true,
        "is_staff": true,
        "is_active": true,
        "first_name": "Lisa",
        "last_name": "Valenzuela",
        "email": "charles21@example.net",
        "contact": "Great give bit dark window her agree address. Either against history property determine.",
        "profile": "user_profiles/fallback.png",
        "year": 17945,
        "section": "He occur.",
        "program": "Believe herself relationship scientist. Add present city air result. Beautiful reflect try boy and job.\nHold remain treat really firm road choice. Protect according off ask beautiful.",
        "department": null,
        "access": 1,
        "DOB": "1983-04-10",
        "sex": "Campaign.",
        "blood_type": "Key beyond trip.",
        "height": 11978,
        "weight": 2132,
        "date_joined": "2005-05-16T15:17:51.550Z",
        "groups": [],
        "user_permissions": []
      }
    },
    {
      "model": "users.user",
      "pk": 18,
      "fields": {
        "password": "Feeling price keep through defense friend. Day require avoid speech price laugh man.",
        "last_login": "1995-11-09T09:39:28.993Z",
        "is_superuser": true,
        "is_staff": true,
        "is_active": true,
        "first_name": "Mark",
        "last_name": "Russo",
        "email": "petersonstacy@example.com",
        "contact": "Color group debate on him nation street. Report television camera couple.",
        "profile": "user_profiles/fallback.png",
        "year": 31374,
        "section": "Million.",
        "program": "Something reduce work chair edge area. Kitchen future court mean.\nBenefit war take protect.\nHistory age by forget move including. Religious security sure usually throw help. Air structure hold argue. Sometimes worry military set share because.",
        "department": null,
        "access": 1,
        "DOB": "2017-02-13",
        "sex": "See yeah police.",
        "blood_type": "Treat probably.",
        "height": -21329,
        "weight": -22277,
        "date_joined": "2004-01-05T17:18:57.574Z",
        "groups": [],
        "user_permissions": []
      }
    }
  ]
