[{"model": "treatment.category", "pk": 1, "fields": {"category": "Alimentary System", "description": "The alimentary system, also known as the digestive system, is responsible for the ingestion, digestion, absorption, and elimination of food and nutrients. It consists of a series of organs and glands that work together to break down food into smaller molecules, which can be absorbed into the bloodstream and utilized by the body.", "added": "2024-10-07T12:19:39.788Z", "updated": "2024-10-07T07:56:46.140Z"}}, {"model": "treatment.category", "pk": 2, "fields": {"category": "Respiratory System", "description": "The respiratory system is responsible for supplying oxygen to the body's tissues and removing carbon dioxide, a waste product of cellular metabolism. It allows the exchange of gases between the body and the environment, which is essential for life.", "added": "2024-10-07T12:19:02.672Z", "updated": "2024-10-07T07:56:58.521Z"}}, {"model": "treatment.category", "pk": 3, "fields": {"category": "Musculo-skeletal System", "description": "The musculoskeletal system provides structure, support, and movement to the human body. It is composed of bones, muscles, cartilage, tendons, ligaments, and other connective tissues. Together, these components work to protect vital organs, allow mobility, and maintain posture.", "added": "2024-10-07T12:18:33.880Z", "updated": "2024-10-07T07:57:14.897Z"}}, {"model": "treatment.category", "pk": 4, "fields": {"category": "Integumentary System", "description": "The integumentary system is the body’s outer covering and its largest organ system, primarily responsible for protecting the body from external damage, regulating body temperature, and providing sensory information. It consists of the skin, hair, nails, glands, and associated structures.", "added": "2024-10-07T12:18:04.485Z", "updated": "2024-10-07T07:58:18.546Z"}}, {"model": "treatment.category", "pk": 5, "fields": {"category": "Urinary System", "description": "The urinary system (also known as the renal system) is responsible for producing, storing, and eliminating urine, as well as maintaining the body's balance of water, salts, and other substances. It plays a crucial role in filtering waste products from the blood and regulating fluid and electrolyte levels.", "added": "2024-10-07T12:17:26.768Z", "updated": "2024-10-07T07:58:30.385Z"}}, {"model": "treatment.category", "pk": 6, "fields": {"category": "Metabolic Endocrine Disorder", "description": "Metabolic endocrine disorders are conditions that arise when the endocrine system, which regulates hormones and metabolism, becomes imbalanced or dysfunctional. These disorders affect how the body processes nutrients and produces energy.", "added": "2024-10-07T12:16:57.588Z", "updated": "2024-10-07T08:00:18.615Z"}}, {"model": "treatment.category", "pk": 7, "fields": {"category": "Cardiovascular System", "description": "The cardiovascular system (also known as the circulatory system) is responsible for transporting blood, nutrients, oxygen, carbon dioxide, and hormones throughout the body.", "added": "2024-10-07T12:16:16.405Z", "updated": "2024-10-07T08:00:32.777Z"}}, {"model": "treatment.category", "pk": 8, "fields": {"category": "Eyes, Ears, Nose and Throat Disorders", "description": "Eyes, Ears, Nose, and Throat (EENT) disorders refer to a wide range of conditions that affect these sensory and functional organs, often handled by an otolaryngologist or ENT specialist.", "added": "2024-10-07T12:15:46.504Z", "updated": "2024-10-07T08:00:52.947Z"}}, {"model": "treatment.category", "pk": 9, "fields": {"category": "Communicable Diseases", "description": "Communicable diseases, also known as infectious diseases, are illnesses that are caused by bacteria or viruses and spread through contact with contaminated surfaces, bodily fluids, or the air.", "added": "2024-10-07T11:55:14.714Z", "updated": "2024-10-07T08:01:01.623Z"}}, {"model": "treatment.category", "pk": 10, "fields": {"category": "Blood Disorder", "description": "A blood disorder is a condition that affects the blood's ability to function, and can be caused by a number of factors: blood cell levels, blood clotting, inherited, and other causes.", "added": "2024-10-07T11:54:37.669Z", "updated": "2024-10-07T08:01:14.982Z"}}, {"model": "treatment.category", "pk": 11, "fields": {"category": "Neurological Disorder", "description": "Neurological Disorders are disorders that affect the brain as well as the nerves found throughout the human body and the spinal cord.", "added": "2024-10-07T11:43:02.909Z", "updated": "2024-10-07T08:01:30.411Z"}}, {"model": "treatment.category", "pk": 12, "fields": {"category": "OB-Gyne Cases", "description": "Cases affecting women and their babies during pregnancy and childbirth.", "added": "2024-10-07T11:42:01.343Z", "updated": "2024-10-07T08:01:38.536Z"}}, {"model": "treatment.illness", "pk": 4, "fields": {"patient": 17, "issue": "Persistent chest pain and shortness of breath during physical activity.", "illness_category": 5, "staff": 6, "doctor": 15, "added": "2024-03-12T16:45:05.360Z", "updated": "2024-10-30T12:09:32.735Z", "diagnosis": "Signs of angina. Recommend further cardiovascular examination and stress testing."}}, {"model": "treatment.illness", "pk": 5, "fields": {"patient": 14, "issue": "Frequent headaches and vision problems worsening over the past few months.", "illness_category": 11, "staff": 6, "doctor": 12, "added": "2024-07-22T15:47:26.671Z", "updated": "2024-10-30T12:10:41.611Z", "diagnosis": "Possible migraine or tension headaches. Consider neurological assessment and eye exam."}}, {"model": "treatment.illness", "pk": 6, "fields": {"patient": 12, "issue": "Difficulty breathing at night and frequent wheezing.", "illness_category": 11, "staff": 6, "doctor": 5, "added": "2024-07-22T20:15:13.940Z", "updated": "2024-10-30T12:09:04.237Z", "diagnosis": "Symptoms suggest asthma. Recommend inhaler use and allergy testing."}}, {"model": "treatment.illness", "pk": 7, "fields": {"patient": 10, "issue": "Severe joint pain in knees, especially after physical exertion.", "illness_category": 8, "staff": 6, "doctor": 5, "added": "2024-01-07T01:13:33.368Z", "updated": "2024-10-30T12:10:58.383Z", "diagnosis": "Potential osteoarthritis. Suggest physical therapy and anti-inflammatory medication."}}, {"model": "treatment.illness", "pk": 8, "fields": {"patient": 14, "issue": "Chronic fatigue and unexplained weight loss over the last few months.", "illness_category": 9, "staff": 6, "doctor": 5, "added": "2024-07-27T06:23:04.737Z", "updated": "2024-10-30T12:10:06.153Z", "diagnosis": "Suspected thyroid disorder. Recommend blood tests to evaluate thyroid function."}}, {"model": "treatment.illness", "pk": 9, "fields": {"patient": 17, "issue": "Recurring back pain, particularly in the lower region, with stiffness.", "illness_category": 3, "staff": 6, "doctor": 5, "added": "2024-06-01T03:24:18.524Z", "updated": "2024-07-28T03:18:40.647Z", "diagnosis": "Possible lumbar strain. Suggest physical therapy and stretching exercises."}}, {"model": "treatment.illness", "pk": 10, "fields": {"patient": 16, "issue": "Frequent upper respiratory infections with persistent cough.", "illness_category": 10, "staff": 6, "doctor": 5, "added": "2024-03-05T22:41:12.595Z", "updated": "2024-10-30T12:08:40.994Z", "diagnosis": "Suspected bronchitis. Recommend antibiotics and monitoring for improvement."}}, {"model": "treatment.illness", "pk": 11, "fields": {"patient": 16, "issue": "Persistent anxiety and difficulty sleeping at night.", "illness_category": 3, "staff": 6, "doctor": 5, "added": "2024-02-20T18:50:46.359Z", "updated": "2024-03-31T20:15:36.075Z", "diagnosis": "Generalized Anxiety Disorder. Recommend therapy and relaxation techniques."}}, {"model": "treatment.illness", "pk": 12, "fields": {"patient": 14, "issue": "Unexplained bruising and occasional nosebleeds.", "illness_category": 7, "staff": 6, "doctor": 5, "added": "2024-10-01T07:39:02.355Z", "updated": "2024-10-30T12:10:23.397Z", "diagnosis": "Potential blood clotting disorder. Recommend full blood count and platelet tests."}}, {"model": "treatment.illness", "pk": 13, "fields": {"patient": 14, "issue": "Shortness of breath and lightheadedness during physical activity.", "illness_category": 10, "staff": 6, "doctor": 5, "added": "2024-10-10T13:37:01.870Z", "updated": "2024-10-30T12:08:22.339Z", "diagnosis": "Likely anemia or mild cardiac issue. Recommend blood tests and cardiology referral."}}, {"model": "treatment.illness", "pk": 14, "fields": {"patient": 20, "issue": "Persistent headache and blurred vision following head trauma.", "illness_category": 11, "staff": 6, "doctor": 5, "added": "2024-02-04T00:12:04.296Z", "updated": "2024-03-01T21:07:34.779Z", "diagnosis": "Concussion with mild cognitive impairment. Recommend rest and gradual return to activity."}}, {"model": "treatment.illness", "pk": 15, "fields": {"patient": 21, "issue": "Chest pain during exercise, accompanied by shortness of breath.", "illness_category": 4, "staff": 6, "doctor": 5, "added": "2024-10-17T02:35:43.914Z", "updated": "2024-10-24T14:07:41.560Z", "diagnosis": "Possible angina. Recommend ECG and stress test to assess heart health."}}, {"model": "treatment.illness", "pk": 16, "fields": {"patient": 21, "issue": "Persistent dry cough and fatigue over the last three weeks.", "illness_category": 6, "staff": 6, "doctor": 5, "added": "2024-12-27T08:31:41.681Z", "updated": "2024-12-30T07:03:00.791Z", "diagnosis": "Suspected bronchitis. Prescribe cough suppressant and monitor respiratory health."}}, {"model": "treatment.illness", "pk": 17, "fields": {"patient": 20, "issue": "Sharp abdominal pain localized to the lower right quadrant.", "illness_category": 8, "staff": 6, "doctor": 5, "added": "2024-07-05T09:15:13.125Z", "updated": "2024-09-21T04:06:51.234Z", "diagnosis": "Potential appendicitis. Recommend immediate imaging and surgical consultation."}}, {"model": "treatment.illness", "pk": 18, "fields": {"patient": 20, "issue": "Recurring fever and chills, accompanied by muscle pain.", "illness_category": 2, "staff": 6, "doctor": 5, "added": "2024-03-21T01:47:13.279Z", "updated": "2024-04-10T08:07:12.578Z", "diagnosis": "Suspected viral infection. Advise rest, fluids, and antipyretics."}}, {"model": "treatment.illness", "pk": 19, "fields": {"patient": 24, "issue": "Patient reports persistent joint pain and limited mobility in the knees. Symptoms worsen with physical activity.", "illness_category": 5, "staff": 6, "doctor": 5, "added": "2024-01-04T18:11:08.048Z", "updated": "2024-01-10T14:51:42.239Z", "diagnosis": "Diagnosed with osteoarthritis in the knees. Recommended physical therapy and anti-inflammatory medication."}}, {"model": "treatment.illness", "pk": 20, "fields": {"patient": 26, "issue": "Patient complains of frequent headaches and blurred vision, particularly in the morning.", "illness_category": 11, "staff": 6, "doctor": 5, "added": "2024-08-30T13:47:58.159Z", "updated": "2024-09-05T10:36:55.879Z", "diagnosis": "Diagnosed with migraines. Advised to avoid triggers, prescribed pain relief, and suggested lifestyle modifications."}}, {"model": "treatment.illness", "pk": 21, "fields": {"patient": 27, "issue": "Reports shortness of breath and persistent cough lasting over three weeks. No history of smoking.", "illness_category": 12, "staff": 6, "doctor": 5, "added": "2024-07-17T23:41:00.822Z", "updated": "2024-07-20T02:16:20.413Z", "diagnosis": "Potential diagnosis of chronic bronchitis. Scheduled follow-up for pulmonary function tests and prescribed bronchodilator."}}, {"model": "treatment.illness", "pk": 22, "fields": {"patient": 28, "issue": "Patient has high fever, chills, and severe fatigue for over four days. Recent travel history to a tropical region.", "illness_category": 1, "staff": 6, "doctor": 5, "added": "2024-09-17T20:48:46.752Z", "updated": "2024-09-18T08:11:13.661Z", "diagnosis": "Suspected malaria. Advised immediate blood tests. Provided antimalarial treatment pending confirmation."}}, {"model": "treatment.illness", "pk": 23, "fields": {"patient": 26, "issue": "Experiencing persistent lower back pain, especially in the mornings and after long periods of sitting.", "illness_category": 1, "staff": 6, "doctor": 5, "added": "2024-06-25T02:21:22.439Z", "updated": "2024-06-30T04:35:15.428Z", "diagnosis": "Diagnosed with lumbar strain. Advised on posture improvement, recommended physical therapy, and prescribed muscle relaxants."}}, {"model": "treatment.illness", "pk": 24, "fields": {"patient": 29, "issue": "Chronic headaches and vision disturbances over the past month.", "illness_category": 12, "staff": 6, "doctor": 5, "added": "2024-07-22T23:04:03.910Z", "updated": "2024-09-19T11:12:34.043Z", "diagnosis": "Migraines diagnosed, with potential triggers identified as stress and screen exposure. Recommend lifestyle modifications and prescribed preventive medication."}}, {"model": "treatment.illness", "pk": 25, "fields": {"patient": 29, "issue": "Persistent cough and intermittent fever lasting over two weeks.", "illness_category": 9, "staff": 6, "doctor": 5, "added": "2024-02-08T03:33:29.323Z", "updated": "2024-06-15T09:34:26.048Z", "diagnosis": "Bronchitis suspected, confirmed with chest X-ray. Prescribed antibiotics and recommended increased hydration. Follow-up in two weeks."}}, {"model": "treatment.illness", "pk": 26, "fields": {"patient": 32, "issue": "Pain and swelling in the lower back after lifting heavy objects.", "illness_category": 7, "staff": 6, "doctor": 5, "added": "2024-07-09T02:09:18.521Z", "updated": "2024-12-05T03:21:42.644Z", "diagnosis": "Diagnosed with lumbar strain. Recommended rest, hot/cold compress, and physical therapy if symptoms persist."}}, {"model": "treatment.illness", "pk": 27, "fields": {"patient": 29, "issue": "Sudden onset of high fever and severe muscle pain.", "illness_category": 6, "staff": 6, "doctor": 5, "added": "2024-01-05T07:04:41.055Z", "updated": "2024-07-19T09:07:40.828Z", "diagnosis": "Suspected viral infection. Bed rest and hydration advised, with monitoring for worsening symptoms."}}, {"model": "treatment.illness", "pk": 28, "fields": {"patient": 30, "issue": "Joint pain and stiffness, primarily in the knees and hands, worsening over the past year.", "illness_category": 8, "staff": 6, "doctor": 5, "added": "2024-05-20T21:08:51.209Z", "updated": "2024-06-06T18:39:40.510Z", "diagnosis": "Rheumatoid arthritis suspected, confirmed through blood tests. Anti-inflammatory medication prescribed, with recommended follow-up in three months."}}, {"model": "treatment.illness", "pk": 29, "fields": {"patient": 35, "issue": "Patient reports persistent cough and difficulty breathing, especially during physical activity. Symptoms have worsened over the past week.", "illness_category": 2, "staff": 6, "doctor": 5, "added": "2024-03-02T18:31:51.301Z", "updated": "2024-04-09T19:09:48.227Z", "diagnosis": "Suspected asthma exacerbation. Recommend spirometry and consider bronchodilator therapy."}}, {"model": "treatment.illness", "pk": 30, "fields": {"patient": 34, "issue": "Patient experiences intermittent headaches and blurred vision. Symptoms occur mainly in the evenings.", "illness_category": 11, "staff": 6, "doctor": 5, "added": "2024-10-13T10:51:57.530Z", "updated": "2024-10-15T00:52:31.890Z", "diagnosis": "Possible migraine disorder. Advise maintaining a headache diary and considering preventive therapy."}}, {"model": "treatment.illness", "pk": 31, "fields": {"patient": 35, "issue": "Patient reports joint pain and stiffness in the morning, improving throughout the day.", "illness_category": 9, "staff": 6, "doctor": 5, "added": "2024-07-11T14:53:07.281Z", "updated": "2024-08-24T01:10:59.740Z", "diagnosis": "Signs of early rheumatoid arthritis. Recommend further evaluation including serology and imaging studies."}}, {"model": "treatment.illness", "pk": 32, "fields": {"patient": 35, "issue": "Patient presents with fatigue, weight loss, and increased thirst.", "illness_category": 5, "staff": 6, "doctor": 5, "added": "2024-10-14T16:20:44.420Z", "updated": "2024-10-25T13:23:16.037Z", "diagnosis": "Possible diabetes mellitus. Recommend blood glucose monitoring and lifestyle modifications."}}, {"model": "treatment.illness", "pk": 33, "fields": {"patient": 37, "issue": "Patient experiences frequent heartburn and regurgitation after meals.", "illness_category": 2, "staff": 6, "doctor": 5, "added": "2024-02-05T16:24:23.552Z", "updated": "2024-03-25T22:28:58.801Z", "diagnosis": "Suspected gastroesophageal reflux disease (GERD). Recommend dietary modifications and consider PPI therapy."}}, {"model": "treatment.illness", "pk": 34, "fields": {"patient": 40, "issue": "Patient experiencing severe anxiety and mood swings. Notable changes in sleep patterns and appetite.", "illness_category": 11, "staff": 6, "doctor": 5, "added": "2024-09-02T20:54:08.428Z", "updated": "2024-10-16T01:35:48.863Z", "diagnosis": "Patient shows signs of generalized anxiety disorder. Recommended therapy sessions and possible medication."}}, {"model": "treatment.illness", "pk": 35, "fields": {"patient": 41, "issue": "Patient has reported ongoing headaches and vision disturbances. Increased sensitivity to light noted.", "illness_category": 11, "staff": 6, "doctor": 5, "added": "2024-01-31T10:55:18.809Z", "updated": "2024-02-18T02:13:51.950Z", "diagnosis": "Symptoms suggest possible migraine disorder. Recommend further testing and preventative measures."}}, {"model": "treatment.illness", "pk": 36, "fields": {"patient": 41, "issue": "Patient exhibits frequent fatigue and weight loss. Family history of thyroid issues.", "illness_category": 10, "staff": 6, "doctor": 5, "added": "2024-05-03T06:55:20.076Z", "updated": "2024-09-29T20:13:57.111Z", "diagnosis": "Concern for hyperthyroidism. Suggest blood tests for hormone levels."}}, {"model": "treatment.illness", "pk": 37, "fields": {"patient": 40, "issue": "Patient reports persistent cough and difficulty breathing. History of asthma exacerbations.", "illness_category": 7, "staff": 6, "doctor": 5, "added": "2024-07-09T05:23:54.709Z", "updated": "2024-10-11T12:09:26.169Z", "diagnosis": "Asthma management required. Update inhaler prescription and schedule follow-up appointment."}}, {"model": "treatment.illness", "pk": 38, "fields": {"patient": 41, "issue": "Patient is experiencing severe joint pain and swelling, particularly in hands and knees.", "illness_category": 11, "staff": 6, "doctor": 5, "added": "2024-07-11T06:24:01.910Z", "updated": "2024-09-03T03:02:39.469Z", "diagnosis": "Rheumatoid arthritis suspected. Further imaging and lab tests recommended for confirmation."}}, {"model": "treatment.illness", "pk": 39, "fields": {"patient": 44, "issue": "Patient shows signs of anxiety and stress, often feeling overwhelmed by daily tasks. Needs assistance with coping strategies.", "illness_category": 3, "staff": 6, "doctor": 5, "added": "2024-04-17T12:30:14.629Z", "updated": "2024-10-23T04:42:06.052Z", "diagnosis": "Diagnosis indicates generalized anxiety disorder with episodes of panic attacks. Recommend therapy and medication review."}}, {"model": "treatment.illness", "pk": 40, "fields": {"patient": 44, "issue": "Patient presents with symptoms of depression, including persistent sadness and lack of interest in previously enjoyable activities.", "illness_category": 4, "staff": 6, "doctor": 5, "added": "2024-03-23T10:20:10.576Z", "updated": "2024-10-30T20:53:52.975Z", "diagnosis": "Major depressive disorder diagnosed. Recommended counseling sessions and consideration of antidepressant therapy."}}, {"model": "treatment.illness", "pk": 41, "fields": {"patient": 48, "issue": "Patient has been experiencing frequent headaches and fatigue, impacting daily activities and concentration.", "illness_category": 6, "staff": 6, "doctor": 5, "added": "2024-03-26T18:30:26.291Z", "updated": "2024-04-16T22:35:20.635Z", "diagnosis": "Diagnosis of tension-type headaches with underlying fatigue. Suggested lifestyle changes and possible medication for pain management."}}, {"model": "treatment.illness", "pk": 42, "fields": {"patient": 45, "issue": "Patient reports gastrointestinal discomfort and irregular bowel movements, indicating possible dietary issues.", "illness_category": 8, "staff": 6, "doctor": 5, "added": "2024-02-05T10:22:59.189Z", "updated": "2024-04-13T04:26:09.868Z", "diagnosis": "Potential irritable bowel syndrome (IBS). Recommended dietary adjustments and follow-up for further evaluation."}}, {"model": "treatment.illness", "pk": 43, "fields": {"patient": 44, "issue": "Patient is experiencing symptoms of insomnia, affecting overall health and daily functioning.", "illness_category": 9, "staff": 6, "doctor": 5, "added": "2024-06-17T05:38:09.786Z", "updated": "2024-07-13T08:22:20.438Z", "diagnosis": "Diagnosis of chronic insomnia. Recommend sleep hygiene education and potential sleep aids if necessary."}}, {"model": "treatment.illness", "pk": 44, "fields": {"patient": 51, "issue": "Patient exhibits signs of anxiety related to social interactions, expressing discomfort in group settings.", "illness_category": 1, "staff": 6, "doctor": 5, "added": "2024-02-21T18:45:36.193Z", "updated": "2024-03-12T23:11:58.960Z", "diagnosis": "Social anxiety disorder diagnosed. Recommended cognitive behavioral therapy (CBT) and gradual exposure techniques."}}, {"model": "treatment.illness", "pk": 45, "fields": {"patient": 53, "issue": "Patient reports feeling overwhelmed by responsibilities at work and home, leading to stress and fatigue.", "illness_category": 12, "staff": 6, "doctor": 5, "added": "2024-05-27T02:57:56.171Z", "updated": "2024-06-05T15:17:44.557Z", "diagnosis": "Adjustment disorder with anxiety diagnosed. Suggested stress management techniques and support resources."}}, {"model": "treatment.illness", "pk": 46, "fields": {"patient": 51, "issue": "Patient is experiencing depressive symptoms, including low energy and feelings of hopelessness.", "illness_category": 8, "staff": 6, "doctor": 5, "added": "2024-09-14T00:32:24.751Z", "updated": "2024-10-13T17:43:19.733Z", "diagnosis": "Major depressive disorder diagnosed. Recommend psychotherapy and potential medication evaluation."}}, {"model": "treatment.illness", "pk": 47, "fields": {"patient": 52, "issue": "Patient has difficulty managing stress related to academic pressures, impacting overall well-being.", "illness_category": 3, "staff": 6, "doctor": 5, "added": "2024-08-21T23:48:38.102Z", "updated": "2024-10-24T13:20:01.862Z", "diagnosis": "Diagnosis of stress-related disorders. Suggested counseling and stress-reduction techniques."}}, {"model": "treatment.illness", "pk": 48, "fields": {"patient": 49, "issue": "Patient struggles with sleep disturbances, reporting difficulty falling and staying asleep.", "illness_category": 5, "staff": 6, "doctor": 5, "added": "2024-01-20T13:30:25.728Z", "updated": "2024-02-17T04:21:32.619Z", "diagnosis": "Insomnia diagnosed. Recommended sleep hygiene practices and cognitive behavioral therapy for insomnia (CBT-I)."}}, {"model": "treatment.illness", "pk": 49, "fields": {"patient": 58, "issue": "Sudden changes in career dynamics have caused significant stress and uncertainty. Employees are feeling overwhelmed in their roles and facing challenges that affect workplace morale.", "illness_category": 6, "staff": 6, "doctor": 5, "added": "2024-02-05T12:39:40.544Z", "updated": "2024-03-09T14:14:38.607Z", "diagnosis": "The patient is experiencing anxiety related to career instability. Symptoms include restlessness and difficulty concentrating."}}, {"model": "treatment.illness", "pk": 50, "fields": {"patient": 58, "issue": "Chronic fatigue and stress stemming from financial pressures and job insecurity. The patient reports a lack of motivation and persistent worry about future job prospects.", "illness_category": 2, "staff": 6, "doctor": 5, "added": "2024-04-12T03:01:25.082Z", "updated": "2024-09-18T07:04:02.343Z", "diagnosis": "Diagnosis indicates depressive symptoms due to ongoing stress. The patient exhibits signs of low energy and diminished interest in daily activities."}}, {"model": "treatment.illness", "pk": 51, "fields": {"patient": 54, "issue": "Difficulty managing personal responsibilities and maintaining relationships due to overwhelming emotional stress. The patient feels isolated and struggles to cope with daily tasks.", "illness_category": 11, "staff": 6, "doctor": 5, "added": "2024-01-23T16:04:08.036Z", "updated": "2024-02-10T23:28:52.344Z", "diagnosis": "The patient shows signs of adjustment disorder with anxiety. Treatment will focus on coping strategies and emotional support."}}, {"model": "treatment.illness", "pk": 52, "fields": {"patient": 56, "issue": "Feelings of inadequacy and pressure to meet societal expectations are contributing to the patient's mental health struggles. They express a sense of being overwhelmed by their environment.", "illness_category": 3, "staff": 6, "doctor": 5, "added": "2024-04-03T04:21:33.206Z", "updated": "2024-10-26T03:28:16.685Z", "diagnosis": "Patient exhibits symptoms of generalized anxiety disorder. The focus will be on mindfulness and cognitive-behavioral techniques."}}, {"model": "treatment.illness", "pk": 53, "fields": {"patient": 58, "issue": "Struggles with self-identity and personal growth are impacting the patient's overall well-being. There are concerns about motivation and self-acceptance.", "illness_category": 8, "staff": 6, "doctor": 5, "added": "2024-10-23T22:02:50.898Z", "updated": "2024-11-01T15:49:31.569Z", "diagnosis": "Signs of existential anxiety present. Therapeutic approaches will include exploring personal values and enhancing self-awareness."}}, {"model": "treatment.illness", "pk": 54, "fields": {"patient": 67, "issue": "Patient experiences sudden mood changes and anxiety attacks. Recommending further observation and therapy.", "illness_category": 4, "staff": 6, "doctor": 5, "added": "2024-07-06T22:23:28.687Z", "updated": "2024-08-01T23:30:41.659Z", "diagnosis": "Initial assessments indicate possible anxiety disorder. Further tests and evaluations are needed."}}, {"model": "treatment.illness", "pk": 55, "fields": {"patient": 63, "issue": "Patient reports persistent fatigue and difficulty concentrating. Recommendation for blood tests to check for underlying issues.", "illness_category": 4, "staff": 6, "doctor": 5, "added": "2024-07-02T17:38:59.416Z", "updated": "2024-07-17T03:03:44.266Z", "diagnosis": "Suspected iron deficiency anemia. Further investigation required to confirm."}}, {"model": "treatment.illness", "pk": 56, "fields": {"patient": 65, "issue": "Patient is experiencing chronic pain in the lower back and limited mobility. Suggest physical therapy.", "illness_category": 1, "staff": 6, "doctor": 5, "added": "2024-03-21T05:11:04.735Z", "updated": "2024-04-06T07:47:20.050Z", "diagnosis": "Diagnosis of chronic lower back pain. Recommend a multidisciplinary approach to treatment."}}, {"model": "treatment.illness", "pk": 57, "fields": {"patient": 60, "issue": "Patient shows symptoms of a respiratory infection, including cough and fever. Immediate care recommended.", "illness_category": 3, "staff": 6, "doctor": 5, "added": "2024-02-21T00:14:42.330Z", "updated": "2024-03-21T14:57:16.858Z", "diagnosis": "Acute respiratory infection suspected. Monitoring and treatment necessary."}}, {"model": "treatment.illness", "pk": 58, "fields": {"patient": 63, "issue": "Patient reports increased heart rate and episodes of dizziness. Recommend cardiac evaluation.", "illness_category": 2, "staff": 6, "doctor": 5, "added": "2024-07-16T17:52:40.672Z", "updated": "2024-10-06T02:50:05.721Z", "diagnosis": "Possible arrhythmia. Further diagnostic tests required."}}, {"model": "treatment.illness", "pk": 59, "fields": {"patient": 59, "issue": "Patient experiences joint pain and swelling. Recommend rheumatology consult.", "illness_category": 1, "staff": 6, "doctor": 5, "added": "2024-08-31T17:13:07.909Z", "updated": "2024-10-23T21:18:10.475Z", "diagnosis": "Symptoms suggestive of rheumatoid arthritis. Further evaluation needed."}}, {"model": "treatment.illness", "pk": 60, "fields": {"patient": 59, "issue": "Patient presents with gastrointestinal discomfort and weight loss. Gastroenterology referral recommended.", "illness_category": 7, "staff": 6, "doctor": 5, "added": "2024-09-28T20:45:34.029Z", "updated": "2024-10-12T09:56:18.937Z", "diagnosis": "Evaluation needed for potential gastrointestinal disorders."}}, {"model": "treatment.illness", "pk": 61, "fields": {"patient": 67, "issue": "Patient shows signs of depression and withdrawal from social activities. Immediate psychological support recommended.", "illness_category": 11, "staff": 6, "doctor": 5, "added": "2024-07-01T05:44:59.925Z", "updated": "2024-10-27T01:53:47.777Z", "diagnosis": "Major depressive disorder suspected. Recommend therapy and monitoring."}}, {"model": "treatment.illness", "pk": 62, "fields": {"patient": 60, "issue": "Patient experiences anxiety during social situations. Cognitive behavioral therapy recommended.", "illness_category": 3, "staff": 6, "doctor": 5, "added": "2024-03-21T21:19:54.904Z", "updated": "2024-04-02T12:06:46.508Z", "diagnosis": "Social anxiety disorder. Behavioral interventions needed."}}, {"model": "treatment.illness", "pk": 63, "fields": {"patient": 67, "issue": "Patient complains of insomnia and fatigue. Sleep study recommended.", "illness_category": 5, "staff": 6, "doctor": 5, "added": "2024-02-20T16:15:52.089Z", "updated": "2024-08-30T15:20:43.674Z", "diagnosis": "Insomnia suspected. Evaluation and treatment plan required."}}, {"model": "treatment.illness", "pk": 64, "fields": {"patient": 69, "issue": "I've been experiencing persistent headaches that seem to get worse in the afternoons. They often come with nausea and sensitivity to light.", "illness_category": 7, "staff": 6, "doctor": null, "added": "2024-07-27T20:10:43.956Z", "updated": "2024-08-23T10:28:41.111Z", "diagnosis": ""}}, {"model": "treatment.illness", "pk": 65, "fields": {"patient": 69, "issue": "I've been feeling unusually anxious lately. My heart races, and I have trouble sleeping because of it.", "illness_category": 2, "staff": 6, "doctor": null, "added": "2024-06-01T22:17:13.138Z", "updated": "2024-06-14T02:15:42.060Z", "diagnosis": ""}}, {"model": "treatment.illness", "pk": 66, "fields": {"patient": 78, "issue": "I've noticed a persistent cough that has lasted for over two weeks. It gets worse at night and sometimes makes it hard to breathe.", "illness_category": 3, "staff": 6, "doctor": null, "added": "2024-07-02T12:22:46.468Z", "updated": "2024-08-02T10:35:06.514Z", "diagnosis": ""}}, {"model": "treatment.illness", "pk": 67, "fields": {"patient": 72, "issue": "I’ve been feeling fatigued and weak, even after getting plenty of rest. It's affecting my daily activities.", "illness_category": 3, "staff": 6, "doctor": null, "added": "2024-05-02T06:06:13.316Z", "updated": "2024-06-26T09:07:24.579Z", "diagnosis": ""}}, {"model": "treatment.illness", "pk": 68, "fields": {"patient": 74, "issue": "I've been experiencing sharp pain in my lower back, especially when sitting for long periods. It radiates down my leg sometimes.", "illness_category": 6, "staff": 6, "doctor": null, "added": "2024-06-26T01:21:23.052Z", "updated": "2024-07-10T20:11:56.033Z", "diagnosis": ""}}, {"model": "treatment.illness", "pk": 69, "fields": {"patient": 73, "issue": "I've been experiencing stomach pain after meals and frequent bloating. I'm also having trouble with my digestion.", "illness_category": 9, "staff": 77, "doctor": null, "added": "2024-01-12T16:38:13.219Z", "updated": "2024-02-27T21:26:31.543Z", "diagnosis": ""}}, {"model": "treatment.illness", "pk": 70, "fields": {"patient": 73, "issue": "I often feel dizzy and lightheaded, especially when standing up quickly. I’m worried it might be something serious.", "illness_category": 1, "staff": 6, "doctor": null, "added": "2024-05-07T15:02:54.205Z", "updated": "2024-06-11T22:22:42.669Z", "diagnosis": ""}}, {"model": "treatment.illness", "pk": 71, "fields": {"patient": 78, "issue": "I've been feeling a tightness in my chest, especially during exercise. I also have a persistent cough.", "illness_category": 10, "staff": 6, "doctor": null, "added": "2204-09-29T04:53:49.904Z", "updated": "2024-10-17T16:45:28.731Z", "diagnosis": ""}}, {"model": "treatment.illness", "pk": 72, "fields": {"patient": 70, "issue": "I've been experiencing unusual weight loss without trying, and I feel constantly thirsty. It's concerning me.", "illness_category": 12, "staff": 6, "doctor": null, "added": "2024-04-08T12:20:13.826Z", "updated": "2024-05-20T22:15:49.422Z", "diagnosis": ""}}, {"model": "treatment.illness", "pk": 73, "fields": {"patient": 75, "issue": "I’ve been having mood swings and feeling more irritable than usual. I think I might need to talk to someone about it.", "illness_category": 11, "staff": 6, "doctor": null, "added": "2024-06-19T05:51:40.765Z", "updated": "2024-06-29T08:13:47.970Z", "diagnosis": ""}}, {"model": "treatment.illness", "pk": 74, "fields": {"patient": 86, "issue": "I've been experiencing severe headaches, especially in the morning, and my vision seems a bit blurry.", "illness_category": 11, "staff": 6, "doctor": null, "added": "2024-09-05T08:23:05.144Z", "updated": "2024-10-17T04:42:11.110Z", "diagnosis": ""}}, {"model": "treatment.illness", "pk": 75, "fields": {"patient": 88, "issue": "I've had persistent chest pain and shortness of breath for the past few days.", "illness_category": 10, "staff": 6, "doctor": null, "added": "2024-03-31T22:50:37.578Z", "updated": "2024-02-11T05:11:24.553Z", "diagnosis": ""}}, {"model": "treatment.illness", "pk": 76, "fields": {"patient": 88, "issue": "Lately, I've felt dizzy and have been losing my balance occasionally.", "illness_category": 5, "staff": 6, "doctor": null, "added": "2024-04-10T16:24:01.332Z", "updated": "2024-05-09T16:51:18.962Z", "diagnosis": ""}}, {"model": "treatment.illness", "pk": 77, "fields": {"patient": 83, "issue": "I'm having consistent joint pain, especially in my knees and elbows, making movement difficult.", "illness_category": 9, "staff": 6, "doctor": null, "added": "2024-08-10T02:24:15.811Z", "updated": "2024-09-28T02:40:54.005Z", "diagnosis": ""}}, {"model": "treatment.illness", "pk": 78, "fields": {"patient": 81, "issue": "I've had a sore throat and persistent cough that hasn't improved over the past week.", "illness_category": 6, "staff": 6, "doctor": null, "added": "2024-10-11T00:02:25.589Z", "updated": "2024-11-06T19:53:11.023Z", "diagnosis": ""}}, {"model": "treatment.illness", "pk": 79, "fields": {"patient": 85, "issue": "I feel tired all the time, no matter how much I sleep, and I've lost some weight recently.", "illness_category": 9, "staff": 6, "doctor": null, "added": "2024-01-12T15:26:51.804Z", "updated": "2024-02-10T20:31:09.907Z", "diagnosis": ""}}, {"model": "treatment.illness", "pk": 80, "fields": {"patient": 84, "issue": "I've noticed a rash on my arms and back that gets itchy, especially at night.", "illness_category": 2, "staff": 6, "doctor": null, "added": "2024-01-01T02:35:08.638Z", "updated": "2024-01-03T07:54:16.505Z", "diagnosis": ""}}, {"model": "treatment.illness", "pk": 81, "fields": {"patient": 88, "issue": "My appetite has decreased, and I've been feeling queasy after meals.", "illness_category": 2, "staff": 6, "doctor": null, "added": "2024-02-12T10:06:53.944Z", "updated": "2024-03-01T03:19:02.266Z", "diagnosis": ""}}, {"model": "treatment.illness", "pk": 82, "fields": {"patient": 87, "issue": "I’ve been dealing with constant lower back pain that worsens when I sit for long periods.", "illness_category": 1, "staff": 6, "doctor": null, "added": "2024-09-05T10:18:31.146Z", "updated": "2024-10-04T16:23:19.748Z", "diagnosis": ""}}, {"model": "treatment.illness", "pk": 83, "fields": {"patient": 85, "issue": "I have difficulty breathing at night and often wake up feeling short of breath.", "illness_category": 5, "staff": 6, "doctor": null, "added": "2024-09-27T17:14:34.518Z", "updated": "2024-10-20T09:59:37.624Z", "diagnosis": ""}}, {"model": "treatment.illnesstreatment", "pk": 1, "fields": {"illness": 4, "inventory_detail": 11, "quantity": 12}}, {"model": "treatment.illnesstreatment", "pk": 2, "fields": {"illness": 4, "inventory_detail": 9, "quantity": 12}}, {"model": "treatment.illnesstreatment", "pk": 3, "fields": {"illness": 4, "inventory_detail": 5, "quantity": 12}}, {"model": "treatment.illnesstreatment", "pk": 4, "fields": {"illness": 5, "inventory_detail": 12, "quantity": 12}}, {"model": "treatment.illnesstreatment", "pk": 5, "fields": {"illness": 6, "inventory_detail": 9, "quantity": 12}}, {"model": "treatment.illnesstreatment", "pk": 6, "fields": {"illness": 6, "inventory_detail": 5, "quantity": 12}}, {"model": "treatment.illnesstreatment", "pk": 7, "fields": {"illness": 7, "inventory_detail": 10, "quantity": 12}}, {"model": "treatment.illnesstreatment", "pk": 8, "fields": {"illness": 7, "inventory_detail": 5, "quantity": 12}}, {"model": "treatment.illnesstreatment", "pk": 9, "fields": {"illness": 7, "inventory_detail": 13, "quantity": 12}}, {"model": "treatment.illnesstreatment", "pk": 10, "fields": {"illness": 8, "inventory_detail": 9, "quantity": 12}}, {"model": "treatment.illnesstreatment", "pk": 11, "fields": {"illness": 8, "inventory_detail": 5, "quantity": 12}}, {"model": "treatment.illnesstreatment", "pk": 12, "fields": {"illness": 9, "inventory_detail": 12, "quantity": 12}}, {"model": "treatment.illnesstreatment", "pk": 13, "fields": {"illness": 9, "inventory_detail": 11, "quantity": 12}}, {"model": "treatment.illnesstreatment", "pk": 14, "fields": {"illness": 10, "inventory_detail": 5, "quantity": 12}}, {"model": "treatment.illnesstreatment", "pk": 15, "fields": {"illness": 11, "inventory_detail": 12, "quantity": 12}}, {"model": "treatment.illnesstreatment", "pk": 16, "fields": {"illness": 11, "inventory_detail": 7, "quantity": 12}}, {"model": "treatment.illnesstreatment", "pk": 17, "fields": {"illness": 11, "inventory_detail": 13, "quantity": 12}}, {"model": "treatment.illnesstreatment", "pk": 18, "fields": {"illness": 12, "inventory_detail": 5, "quantity": 12}}, {"model": "treatment.illnesstreatment", "pk": 19, "fields": {"illness": 13, "inventory_detail": 7, "quantity": 12}}, {"model": "treatment.illnesstreatment", "pk": 20, "fields": {"illness": 13, "inventory_detail": 13, "quantity": 12}}, {"model": "treatment.illnesstreatment", "pk": 21, "fields": {"illness": 7, "inventory_detail": 8, "quantity": -16186}}, {"model": "treatment.illnesstreatment", "pk": 22, "fields": {"illness": 5, "inventory_detail": 8, "quantity": 9715}}, {"model": "treatment.illnesstreatment", "pk": 23, "fields": {"illness": 4, "inventory_detail": 8, "quantity": -8425}}, {"model": "treatment.illnesstreatment", "pk": 24, "fields": {"illness": 12, "inventory_detail": 11, "quantity": -22879}}, {"model": "treatment.illnesstreatment", "pk": 25, "fields": {"illness": 6, "inventory_detail": 8, "quantity": -22893}}, {"model": "treatment.illnesstreatment", "pk": 26, "fields": {"illness": 7, "inventory_detail": 9, "quantity": -14791}}, {"model": "treatment.illnesstreatment", "pk": 27, "fields": {"illness": 5, "inventory_detail": 12, "quantity": -11363}}, {"model": "treatment.illnesstreatment", "pk": 28, "fields": {"illness": 11, "inventory_detail": 12, "quantity": 12}}, {"model": "treatment.illnesstreatment", "pk": 29, "fields": {"illness": 8, "inventory_detail": 5, "quantity": 10}}, {"model": "treatment.illnesstreatment", "pk": 30, "fields": {"illness": 6, "inventory_detail": 5, "quantity": -29821}}, {"model": "treatment.illnesstreatment", "pk": 31, "fields": {"illness": 14, "inventory_detail": 14, "quantity": 12}}, {"model": "treatment.illnesstreatment", "pk": 32, "fields": {"illness": 15, "inventory_detail": 14, "quantity": 12}}, {"model": "treatment.illnesstreatment", "pk": 33, "fields": {"illness": 16, "inventory_detail": 16, "quantity": 12}}, {"model": "treatment.illnesstreatment", "pk": 34, "fields": {"illness": 17, "inventory_detail": 16, "quantity": 12}}, {"model": "treatment.illnesstreatment", "pk": 35, "fields": {"illness": 17, "inventory_detail": 14, "quantity": 12}}, {"model": "treatment.illnesstreatment", "pk": 36, "fields": {"illness": 18, "inventory_detail": 18, "quantity": 12}}, {"model": "treatment.illnesstreatment", "pk": 37, "fields": {"illness": 18, "inventory_detail": 15, "quantity": 12}}, {"model": "treatment.illnesstreatment", "pk": 38, "fields": {"illness": 17, "inventory_detail": 18, "quantity": 23484}}, {"model": "treatment.illnesstreatment", "pk": 39, "fields": {"illness": 18, "inventory_detail": 15, "quantity": 14022}}, {"model": "treatment.illnesstreatment", "pk": 40, "fields": {"illness": 18, "inventory_detail": 18, "quantity": -20892}}, {"model": "treatment.illnesstreatment", "pk": 41, "fields": {"illness": 16, "inventory_detail": 16, "quantity": 24269}}, {"model": "treatment.illnesstreatment", "pk": 42, "fields": {"illness": 18, "inventory_detail": 15, "quantity": 28609}}, {"model": "treatment.illnesstreatment", "pk": 43, "fields": {"illness": 19, "inventory_detail": 22, "quantity": 12}}, {"model": "treatment.illnesstreatment", "pk": 44, "fields": {"illness": 20, "inventory_detail": 22, "quantity": 12}}, {"model": "treatment.illnesstreatment", "pk": 45, "fields": {"illness": 21, "inventory_detail": 20, "quantity": 12}}, {"model": "treatment.illnesstreatment", "pk": 46, "fields": {"illness": 22, "inventory_detail": 21, "quantity": 12}}, {"model": "treatment.illnesstreatment", "pk": 47, "fields": {"illness": 22, "inventory_detail": 19, "quantity": 12}}, {"model": "treatment.illnesstreatment", "pk": 48, "fields": {"illness": 23, "inventory_detail": 19, "quantity": 12}}, {"model": "treatment.illnesstreatment", "pk": 49, "fields": {"illness": 23, "inventory_detail": 21, "quantity": 12}}, {"model": "treatment.illnesstreatment", "pk": 50, "fields": {"illness": 20, "inventory_detail": 21, "quantity": 22043}}, {"model": "treatment.illnesstreatment", "pk": 51, "fields": {"illness": 23, "inventory_detail": 23, "quantity": 1270}}, {"model": "treatment.illnesstreatment", "pk": 52, "fields": {"illness": 20, "inventory_detail": 22, "quantity": -13882}}, {"model": "treatment.illnesstreatment", "pk": 53, "fields": {"illness": 21, "inventory_detail": 23, "quantity": -28854}}, {"model": "treatment.illnesstreatment", "pk": 54, "fields": {"illness": 23, "inventory_detail": 19, "quantity": 21629}}, {"model": "treatment.illnesstreatment", "pk": 55, "fields": {"illness": 24, "inventory_detail": 28, "quantity": 12}}, {"model": "treatment.illnesstreatment", "pk": 56, "fields": {"illness": 25, "inventory_detail": 26, "quantity": 12}}, {"model": "treatment.illnesstreatment", "pk": 57, "fields": {"illness": 25, "inventory_detail": 27, "quantity": 12}}, {"model": "treatment.illnesstreatment", "pk": 58, "fields": {"illness": 26, "inventory_detail": 25, "quantity": 12}}, {"model": "treatment.illnesstreatment", "pk": 59, "fields": {"illness": 27, "inventory_detail": 24, "quantity": 12}}, {"model": "treatment.illnesstreatment", "pk": 60, "fields": {"illness": 28, "inventory_detail": 25, "quantity": 12}}, {"model": "treatment.illnesstreatment", "pk": 61, "fields": {"illness": 28, "inventory_detail": 24, "quantity": 14809}}, {"model": "treatment.illnesstreatment", "pk": 62, "fields": {"illness": 27, "inventory_detail": 25, "quantity": -2719}}, {"model": "treatment.illnesstreatment", "pk": 63, "fields": {"illness": 25, "inventory_detail": 26, "quantity": 18102}}, {"model": "treatment.illnesstreatment", "pk": 64, "fields": {"illness": 28, "inventory_detail": 24, "quantity": -23795}}, {"model": "treatment.illnesstreatment", "pk": 65, "fields": {"illness": 27, "inventory_detail": 27, "quantity": 18340}}, {"model": "treatment.illnesstreatment", "pk": 66, "fields": {"illness": 29, "inventory_detail": 29, "quantity": 10}}, {"model": "treatment.illnesstreatment", "pk": 67, "fields": {"illness": 29, "inventory_detail": 31, "quantity": 10}}, {"model": "treatment.illnesstreatment", "pk": 68, "fields": {"illness": 30, "inventory_detail": 33, "quantity": 10}}, {"model": "treatment.illnesstreatment", "pk": 69, "fields": {"illness": 30, "inventory_detail": 32, "quantity": 10}}, {"model": "treatment.illnesstreatment", "pk": 70, "fields": {"illness": 31, "inventory_detail": 31, "quantity": 12}}, {"model": "treatment.illnesstreatment", "pk": 71, "fields": {"illness": 32, "inventory_detail": 30, "quantity": 10}}, {"model": "treatment.illnesstreatment", "pk": 72, "fields": {"illness": 32, "inventory_detail": 32, "quantity": 23}}, {"model": "treatment.illnesstreatment", "pk": 73, "fields": {"illness": 33, "inventory_detail": 33, "quantity": 12}}, {"model": "treatment.illnesstreatment", "pk": 74, "fields": {"illness": 33, "inventory_detail": 29, "quantity": 12}}, {"model": "treatment.illnesstreatment", "pk": 75, "fields": {"illness": 29, "inventory_detail": 32, "quantity": 23}}, {"model": "treatment.illnesstreatment", "pk": 76, "fields": {"illness": 29, "inventory_detail": 32, "quantity": 5}}, {"model": "treatment.illnesstreatment", "pk": 77, "fields": {"illness": 31, "inventory_detail": 32, "quantity": 2}}, {"model": "treatment.illnesstreatment", "pk": 78, "fields": {"illness": 29, "inventory_detail": 31, "quantity": 2}}, {"model": "treatment.illnesstreatment", "pk": 79, "fields": {"illness": 32, "inventory_detail": 30, "quantity": 2}}, {"model": "treatment.illnesstreatment", "pk": 80, "fields": {"illness": 34, "inventory_detail": 35, "quantity": 30}}, {"model": "treatment.illnesstreatment", "pk": 81, "fields": {"illness": 35, "inventory_detail": 35, "quantity": 30}}, {"model": "treatment.illnesstreatment", "pk": 82, "fields": {"illness": 36, "inventory_detail": 36, "quantity": 30}}, {"model": "treatment.illnesstreatment", "pk": 83, "fields": {"illness": 37, "inventory_detail": 36, "quantity": 30}}, {"model": "treatment.illnesstreatment", "pk": 84, "fields": {"illness": 37, "inventory_detail": 35, "quantity": 30}}, {"model": "treatment.illnesstreatment", "pk": 85, "fields": {"illness": 38, "inventory_detail": 36, "quantity": 30}}, {"model": "treatment.illnesstreatment", "pk": 86, "fields": {"illness": 38, "inventory_detail": 38, "quantity": 30}}, {"model": "treatment.illnesstreatment", "pk": 87, "fields": {"illness": 37, "inventory_detail": 38, "quantity": -29836}}, {"model": "treatment.illnesstreatment", "pk": 88, "fields": {"illness": 34, "inventory_detail": 37, "quantity": 5781}}, {"model": "treatment.illnesstreatment", "pk": 89, "fields": {"illness": 36, "inventory_detail": 37, "quantity": 13978}}, {"model": "treatment.illnesstreatment", "pk": 90, "fields": {"illness": 35, "inventory_detail": 34, "quantity": 16003}}, {"model": "treatment.illnesstreatment", "pk": 91, "fields": {"illness": 35, "inventory_detail": 34, "quantity": 24209}}, {"model": "treatment.illnesstreatment", "pk": 92, "fields": {"illness": 39, "inventory_detail": 41, "quantity": 1}}, {"model": "treatment.illnesstreatment", "pk": 93, "fields": {"illness": 40, "inventory_detail": 41, "quantity": 2}}, {"model": "treatment.illnesstreatment", "pk": 94, "fields": {"illness": 40, "inventory_detail": 40, "quantity": 3}}, {"model": "treatment.illnesstreatment", "pk": 95, "fields": {"illness": 41, "inventory_detail": 43, "quantity": 4}}, {"model": "treatment.illnesstreatment", "pk": 96, "fields": {"illness": 42, "inventory_detail": 43, "quantity": 4}}, {"model": "treatment.illnesstreatment", "pk": 97, "fields": {"illness": 43, "inventory_detail": 39, "quantity": 5}}, {"model": "treatment.illnesstreatment", "pk": 98, "fields": {"illness": 41, "inventory_detail": 42, "quantity": 123}}, {"model": "treatment.illnesstreatment", "pk": 99, "fields": {"illness": 41, "inventory_detail": 43, "quantity": 4}}, {"model": "treatment.illnesstreatment", "pk": 100, "fields": {"illness": 39, "inventory_detail": 39, "quantity": 5}}, {"model": "treatment.illnesstreatment", "pk": 101, "fields": {"illness": 43, "inventory_detail": 39, "quantity": 4}}, {"model": "treatment.illnesstreatment", "pk": 102, "fields": {"illness": 41, "inventory_detail": 42, "quantity": 16736}}, {"model": "treatment.illnesstreatment", "pk": 103, "fields": {"illness": 44, "inventory_detail": 47, "quantity": 5}}, {"model": "treatment.illnesstreatment", "pk": 104, "fields": {"illness": 45, "inventory_detail": 47, "quantity": 3}}, {"model": "treatment.illnesstreatment", "pk": 105, "fields": {"illness": 45, "inventory_detail": 46, "quantity": 3}}, {"model": "treatment.illnesstreatment", "pk": 106, "fields": {"illness": 46, "inventory_detail": 47, "quantity": 3}}, {"model": "treatment.illnesstreatment", "pk": 107, "fields": {"illness": 47, "inventory_detail": 46, "quantity": 3}}, {"model": "treatment.illnesstreatment", "pk": 108, "fields": {"illness": 48, "inventory_detail": 48, "quantity": 3}}, {"model": "treatment.illnesstreatment", "pk": 109, "fields": {"illness": 44, "inventory_detail": 46, "quantity": 2}}, {"model": "treatment.illnesstreatment", "pk": 110, "fields": {"illness": 44, "inventory_detail": 48, "quantity": 2}}, {"model": "treatment.illnesstreatment", "pk": 111, "fields": {"illness": 48, "inventory_detail": 48, "quantity": 2}}, {"model": "treatment.illnesstreatment", "pk": 112, "fields": {"illness": 45, "inventory_detail": 45, "quantity": 12}}, {"model": "treatment.illnesstreatment", "pk": 113, "fields": {"illness": 44, "inventory_detail": 48, "quantity": 3}}, {"model": "treatment.illnesstreatment", "pk": 114, "fields": {"illness": 49, "inventory_detail": 50, "quantity": 9}}, {"model": "treatment.illnesstreatment", "pk": 115, "fields": {"illness": 49, "inventory_detail": 49, "quantity": 9}}, {"model": "treatment.illnesstreatment", "pk": 116, "fields": {"illness": 50, "inventory_detail": 49, "quantity": 9}}, {"model": "treatment.illnesstreatment", "pk": 117, "fields": {"illness": 50, "inventory_detail": 51, "quantity": 9}}, {"model": "treatment.illnesstreatment", "pk": 118, "fields": {"illness": 51, "inventory_detail": 52, "quantity": 9}}, {"model": "treatment.illnesstreatment", "pk": 119, "fields": {"illness": 52, "inventory_detail": 49, "quantity": 9}}, {"model": "treatment.illnesstreatment", "pk": 120, "fields": {"illness": 53, "inventory_detail": 50, "quantity": 9}}, {"model": "treatment.illnesstreatment", "pk": 121, "fields": {"illness": 52, "inventory_detail": 49, "quantity": 7}}, {"model": "treatment.illnesstreatment", "pk": 122, "fields": {"illness": 53, "inventory_detail": 51, "quantity": 1}}, {"model": "treatment.illnesstreatment", "pk": 123, "fields": {"illness": 49, "inventory_detail": 49, "quantity": 1}}, {"model": "treatment.illnesstreatment", "pk": 124, "fields": {"illness": 49, "inventory_detail": 50, "quantity": 1}}, {"model": "treatment.illnesstreatment", "pk": 125, "fields": {"illness": 50, "inventory_detail": 51, "quantity": 1}}, {"model": "treatment.illnesstreatment", "pk": 126, "fields": {"illness": 54, "inventory_detail": 57, "quantity": 1}}, {"model": "treatment.illnesstreatment", "pk": 127, "fields": {"illness": 55, "inventory_detail": 59, "quantity": 1}}, {"model": "treatment.illnesstreatment", "pk": 128, "fields": {"illness": 56, "inventory_detail": 60, "quantity": 1}}, {"model": "treatment.illnesstreatment", "pk": 129, "fields": {"illness": 56, "inventory_detail": 61, "quantity": 1}}, {"model": "treatment.illnesstreatment", "pk": 130, "fields": {"illness": 57, "inventory_detail": 57, "quantity": 1}}, {"model": "treatment.illnesstreatment", "pk": 131, "fields": {"illness": 58, "inventory_detail": 60, "quantity": 1}}, {"model": "treatment.illnesstreatment", "pk": 132, "fields": {"illness": 58, "inventory_detail": 63, "quantity": 1}}, {"model": "treatment.illnesstreatment", "pk": 133, "fields": {"illness": 59, "inventory_detail": 61, "quantity": 1}}, {"model": "treatment.illnesstreatment", "pk": 134, "fields": {"illness": 60, "inventory_detail": 55, "quantity": 1}}, {"model": "treatment.illnesstreatment", "pk": 135, "fields": {"illness": 60, "inventory_detail": 54, "quantity": 1}}, {"model": "treatment.illnesstreatment", "pk": 136, "fields": {"illness": 61, "inventory_detail": 54, "quantity": 1}}, {"model": "treatment.illnesstreatment", "pk": 137, "fields": {"illness": 61, "inventory_detail": 57, "quantity": 1}}, {"model": "treatment.illnesstreatment", "pk": 138, "fields": {"illness": 62, "inventory_detail": 63, "quantity": 1}}, {"model": "treatment.illnesstreatment", "pk": 139, "fields": {"illness": 63, "inventory_detail": 54, "quantity": 1}}, {"model": "treatment.illnesstreatment", "pk": 140, "fields": {"illness": 63, "inventory_detail": 61, "quantity": 1}}, {"model": "treatment.illnesstreatment", "pk": 141, "fields": {"illness": 56, "inventory_detail": 59, "quantity": 1}}, {"model": "treatment.illnesstreatment", "pk": 142, "fields": {"illness": 60, "inventory_detail": 59, "quantity": 1}}, {"model": "treatment.illnesstreatment", "pk": 143, "fields": {"illness": 55, "inventory_detail": 61, "quantity": 1}}, {"model": "treatment.illnesstreatment", "pk": 144, "fields": {"illness": 58, "inventory_detail": 55, "quantity": 1}}, {"model": "treatment.illnesstreatment", "pk": 145, "fields": {"illness": 60, "inventory_detail": 56, "quantity": 4860}}, {"model": "treatment.illnesstreatment", "pk": 146, "fields": {"illness": 63, "inventory_detail": 61, "quantity": -7009}}, {"model": "treatment.illnesstreatment", "pk": 147, "fields": {"illness": 57, "inventory_detail": 57, "quantity": 1}}, {"model": "treatment.illnesstreatment", "pk": 148, "fields": {"illness": 63, "inventory_detail": 61, "quantity": 1}}, {"model": "treatment.illnesstreatment", "pk": 149, "fields": {"illness": 59, "inventory_detail": 62, "quantity": 1}}, {"model": "treatment.illnesstreatment", "pk": 150, "fields": {"illness": 55, "inventory_detail": 63, "quantity": 1}}, {"model": "treatment.certificate", "pk": 1, "fields": {"patient": 6, "purpose": "Medical certificate required for an upcoming exam.", "requested": "2024-10-12T14:46:11.263Z", "is_ready": true, "released": true}}, {"model": "treatment.certificate", "pk": 2, "fields": {"patient": 9, "purpose": "Certification needed for health insurance verification.", "requested": "2024-07-14T15:17:20.281Z", "is_ready": true, "released": true}}, {"model": "treatment.certificate", "pk": 3, "fields": {"patient": 18, "purpose": "Patient requires documentation for legal purposes related to medical treatment.", "requested": "2024-09-11T04:52:08.098Z", "is_ready": false, "released": false}}, {"model": "treatment.certificate", "pk": 4, "fields": {"patient": 18, "purpose": "Certification needed for participation in a clinical trial.", "requested": "2024-10-16T16:40:01.492Z", "is_ready": false, "released": false}}, {"model": "treatment.certificate", "pk": 5, "fields": {"patient": 11, "purpose": "Medical certificate required for a physical fitness assessment.", "requested": "2024-10-10T04:16:22.485Z", "is_ready": true, "released": false}}, {"model": "treatment.certificate", "pk": 6, "fields": {"patient": 16, "purpose": "Documentation required for post-surgery follow-up.", "requested": "2024-05-06T01:45:39.857Z", "is_ready": true, "released": true}}, {"model": "treatment.certificate", "pk": 7, "fields": {"patient": 9, "purpose": "Certificate needed for occupational health clearance.", "requested": "2024-06-06T22:19:57.130Z", "is_ready": true, "released": true}}, {"model": "treatment.certificate", "pk": 8, "fields": {"patient": 12, "purpose": "Medical certificate requested for school enrollment.", "requested": "2024-08-02T14:17:41.733Z", "is_ready": true, "released": false}}, {"model": "treatment.certificate", "pk": 9, "fields": {"patient": 16, "purpose": "Patient requires certification for fitness assessment due to recent medical procedure.", "requested": "2024-02-09T06:09:24.982Z", "is_ready": true, "released": true}}, {"model": "treatment.certificate", "pk": 10, "fields": {"patient": 17, "purpose": "Medical certificate requested for work clearance after recent health recovery.", "requested": "2024-01-03T06:06:07.937Z", "is_ready": true, "released": true}}, {"model": "treatment.certificate", "pk": 11, "fields": {"patient": 12, "purpose": "Patient requires documentation for travel purposes following medical check-up.", "requested": "2024-11-19T17:38:52.252Z", "is_ready": false, "released": false}}, {"model": "treatment.certificate", "pk": 12, "fields": {"patient": 20, "purpose": "Requested for school attendance waiver due to recent medical treatment. Doctor's approval and clearance required for school reentry.", "requested": "2024-03-30T20:57:12.936Z", "is_ready": true, "released": true}}, {"model": "treatment.certificate", "pk": 13, "fields": {"patient": 23, "purpose": "Certificate required for workplace injury leave. Valid for two weeks pending evaluation.", "requested": "2024-08-22T02:39:18.094Z", "is_ready": true, "released": true}}, {"model": "treatment.certificate", "pk": 14, "fields": {"patient": 22, "purpose": "Clearance certificate for physical activity in sports following recovery from illness.", "requested": "2024-10-09T13:34:46.044Z", "is_ready": true, "released": false}}, {"model": "treatment.certificate", "pk": 15, "fields": {"patient": 19, "purpose": "Medical certificate for travel allowance, to ensure health stability during travel.", "requested": "2024-04-17T04:56:15.011Z", "is_ready": true, "released": true}}, {"model": "treatment.certificate", "pk": 16, "fields": {"patient": 21, "purpose": "Employment requirement for annual health check clearance. Document pending final health assessment.", "requested": "2024-05-04T08:06:51.785Z", "is_ready": true, "released": false}}, {"model": "treatment.certificate", "pk": 17, "fields": {"patient": 28, "purpose": "Certificate required for immigration medical examination clearance.", "requested": "2024-03-07T04:54:02.905Z", "is_ready": true, "released": true}}, {"model": "treatment.certificate", "pk": 18, "fields": {"patient": 27, "purpose": "Medical approval for return to work after a period of illness. Clearance pending supervisor's signature.", "requested": "2024-10-14T01:26:01.311Z", "is_ready": true, "released": true}}, {"model": "treatment.certificate", "pk": 19, "fields": {"patient": 26, "purpose": "Certificate needed to exempt patient from physical education activities due to temporary injury.", "requested": "2024-05-29T03:27:24.370Z", "is_ready": true, "released": false}}, {"model": "treatment.certificate", "pk": 20, "fields": {"patient": 26, "purpose": "Medical examination clearance required for driver's license renewal.", "requested": "2024-07-19T23:20:56.102Z", "is_ready": true, "released": true}}, {"model": "treatment.certificate", "pk": 21, "fields": {"patient": 24, "purpose": "Clearance for participation in competitive sports following injury recovery.", "requested": "2024-09-14T20:55:42.026Z", "is_ready": true, "released": false}}, {"model": "treatment.illnessnote", "pk": 1, "fields": {"patient": 15, "attached_to": 8, "notes": "Patient reported experiencing persistent pain in the left leg. Recommended further evaluation.", "noted_by": 5, "timestamp": "2024-06-16T21:35:00.855Z", "updated": "2024-11-13T00:43:04.043Z"}}, {"model": "treatment.illnessnote", "pk": 2, "fields": {"patient": 10, "attached_to": 10, "notes": "Discussion with the patient regarding surgical options for knee pain. Encouraged the patient to consider their options carefully.", "noted_by": 5, "timestamp": "2024-06-16T11:46:50.294Z", "updated": "2024-07-13T01:32:38.189Z"}}, {"model": "treatment.illnessnote", "pk": 3, "fields": {"patient": 12, "attached_to": 7, "notes": "Patient expressed concerns about treatment side effects. Discussed possible adjustments to the medication regimen.", "noted_by": 5, "timestamp": "2024-08-31T16:53:08.360Z", "updated": "2024-10-26T06:13:27.863Z"}}, {"model": "treatment.illnessnote", "pk": 4, "fields": {"patient": 16, "attached_to": 11, "notes": "Patient undergoing routine follow-up. All vital signs within normal limits. Continue with current treatment plan.", "noted_by": 5, "timestamp": "2024-06-24T00:56:09.276Z", "updated": "2024-07-07T02:06:12.127Z"}}, {"model": "treatment.illnessnote", "pk": 5, "fields": {"patient": 9, "attached_to": 8, "notes": "Patient reported improved symptoms after medication adjustment. Follow-up in one month.", "noted_by": 5, "timestamp": "2024-07-03T12:42:24.285Z", "updated": "2024-09-10T22:16:01.458Z"}}, {"model": "treatment.illnessnote", "pk": 6, "fields": {"patient": 16, "attached_to": 4, "notes": "Patient's condition stable, no new complaints. Scheduled next appointment for 3 months.", "noted_by": 5, "timestamp": "2024-05-08T15:53:38.815Z", "updated": "2024-09-23T21:44:42.207Z"}}, {"model": "treatment.illnessnote", "pk": 7, "fields": {"patient": 16, "attached_to": 12, "notes": "Discussed lifestyle changes to manage chronic pain. Provided educational materials.", "noted_by": 5, "timestamp": "2024-03-05T15:48:55.491Z", "updated": "2024-10-06T02:05:26.947Z"}}, {"model": "treatment.illnessnote", "pk": 8, "fields": {"patient": 13, "attached_to": 5, "notes": "Patient reports difficulty sleeping due to pain. Recommended consulting a sleep specialist.", "noted_by": 5, "timestamp": "2024-03-18T00:44:14.369Z", "updated": "2024-12-21T17:01:01.486Z"}}, {"model": "treatment.illnessnote", "pk": 9, "fields": {"patient": 18, "attached_to": 10, "notes": "Patient expressed interest in alternative therapies. Provided referrals for acupuncture and physical therapy.", "noted_by": 5, "timestamp": "2024-10-22T22:31:31.983Z", "updated": "2024-10-28T03:24:54.774Z"}}, {"model": "treatment.illnessnote", "pk": 10, "fields": {"patient": 16, "attached_to": 5, "notes": "Patient's treatment plan reviewed and adjusted as necessary. Emphasized the importance of adherence to the regimen.", "noted_by": 5, "timestamp": "2024-04-04T04:34:12.942Z", "updated": "2024-11-01T08:34:05.995Z"}}, {"model": "treatment.illnessnote", "pk": 11, "fields": {"patient": 21, "attached_to": 17, "notes": "Patient reported mild improvement in symptoms. Monitoring for any recurrence of pain or discomfort.", "noted_by": 5, "timestamp": "2024-01-02T18:05:25.938Z", "updated": "2024-07-22T20:53:11.193Z"}}, {"model": "treatment.illnessnote", "pk": 12, "fields": {"patient": 23, "attached_to": 17, "notes": "Follow-up indicates increased mobility and reduced pain. Physical therapy recommended to continue progress.", "noted_by": 5, "timestamp": "2024-03-24T04:14:47.159Z", "updated": "2024-05-29T03:46:43.398Z"}}, {"model": "treatment.illnessnote", "pk": 13, "fields": {"patient": 20, "attached_to": 16, "notes": "Patient experiencing mild dizziness post-medication. Adjusted dosage to monitor response.", "noted_by": 5, "timestamp": "2024-10-11T19:37:29.632Z", "updated": "2024-10-18T20:59:31.017Z"}}, {"model": "treatment.illnessnote", "pk": 14, "fields": {"patient": 21, "attached_to": 14, "notes": "Initial consultation notes: Patient presents with severe headaches. Further tests ordered.", "noted_by": 5, "timestamp": "2024-01-11T14:00:09.955Z", "updated": "2024-01-12T09:42:27.406Z"}}, {"model": "treatment.illnessnote", "pk": 15, "fields": {"patient": 21, "attached_to": 17, "notes": "Observed signs of recovery, though patient reports occasional discomfort. Suggested light exercise and rest.", "noted_by": 5, "timestamp": "2024-04-06T01:42:12.744Z", "updated": "2024-06-06T16:14:46.085Z"}}, {"model": "treatment.illnessnote", "pk": 16, "fields": {"patient": 24, "attached_to": 22, "notes": "Patient exhibits high protective responses. Observed steady improvement in seasonal allergies, though additional weight monitoring is recommended. Security measures have been effective.", "noted_by": 5, "timestamp": "2024-03-22T01:58:04.292Z", "updated": "2024-07-12T06:14:15.402Z"}}, {"model": "treatment.illnessnote", "pk": 17, "fields": {"patient": 28, "attached_to": 19, "notes": "Patient maintains good physical activity. No recent major symptoms, but recommended to monitor stress levels. Coordination with family for additional support suggested.", "noted_by": 5, "timestamp": "2024-08-10T08:21:11.869Z", "updated": "2024-01-30T03:21:38.310Z"}}, {"model": "treatment.illnessnote", "pk": 18, "fields": {"patient": 28, "attached_to": 22, "notes": "Discussed social support and regular check-ins to address mild stress symptoms. No major medical issues noted recently.", "noted_by": 5, "timestamp": "2024-08-09T03:28:14.164Z", "updated": "2024-10-26T13:02:11.092Z"}}, {"model": "treatment.illnessnote", "pk": 19, "fields": {"patient": 27, "attached_to": 22, "notes": "Physical check-up showed stable health with no significant changes. Recommended to continue routine physical activity. Mental health support if necessary.", "noted_by": 5, "timestamp": "2024-07-02T12:30:25.901Z", "updated": "2024-09-11T06:49:24.653Z"}}, {"model": "treatment.illnessnote", "pk": 20, "fields": {"patient": 26, "attached_to": 21, "notes": "General improvement observed in mobility and overall strength. Discussed setting new health goals to sustain motivation.", "noted_by": 5, "timestamp": "2024-09-14T18:19:50.617Z", "updated": "2024-10-09T11:37:54.702Z"}}, {"model": "inventory.inventorydetail", "pk": 1, "fields": {"item_no": 143, "unit": "tablet", "item_name": "Atorvastatin", "category": "Medicine", "description": "Take this three times a day as prescribed.", "expiration_date": "2024-10-25", "added_by": 4}}, {"model": "inventory.inventorydetail", "pk": 2, "fields": {"item_no": 144, "unit": "tablet", "item_name": "Losartan", "category": "Medicine", "description": "Take when feeling unwell or stressed.", "expiration_date": "2024-10-25", "added_by": 4}}, {"model": "inventory.inventorydetail", "pk": 3, "fields": {"item_no": 99, "unit": "box", "item_name": "Ibuprofen", "category": "Supply", "description": "Use gloves when handling.", "expiration_date": null, "added_by": 4}}, {"model": "inventory.inventorydetail", "pk": 4, "fields": {"item_no": 150, "unit": "bottle", "item_name": "Vitamin C Syrup", "category": "Medicine", "description": "Take 10ml daily to boost immunity.", "expiration_date": "2025-06-21", "added_by": 5}}, {"model": "inventory.inventorydetail", "pk": 5, "fields": {"item_no": 201, "unit": "syringe", "item_name": "Insulin", "category": "Medicine", "description": "For blood sugar management. Inject as prescribed.", "expiration_date": "2024-12-23", "added_by": 5}}, {"model": "inventory.inventorydetail", "pk": 6, "fields": {"item_no": 223, "unit": "bottle", "item_name": "Antibiotic Solution", "category": "Medicine", "description": "Use as directed by the physician.", "expiration_date": "2025-01-05", "added_by": 4}}, {"model": "inventory.inventorydetail", "pk": 7, "fields": {"item_no": 300, "unit": "bottle", "item_name": "Hand Sanitizer", "category": "Supply", "description": "Use to sanitize hands before handling equipment.", "expiration_date": "2025-08-16", "added_by": 2}}, {"model": "inventory.inventorydetail", "pk": 8, "fields": {"item_no": 315, "unit": "tablet", "item_name": "Pain Reliever", "category": "Medicine", "description": "Take only when experiencing severe pain.", "expiration_date": "2024-10-13", "added_by": 5}}, {"model": "inventory.inventorydetail", "pk": 9, "fields": {"item_no": 399, "unit": "mask", "item_name": "N95 Respirator", "category": "Supply", "description": "Use for airborne infection control.", "expiration_date": null, "added_by": 4}}, {"model": "inventory.inventorydetail", "pk": 10, "fields": {"item_no": 401, "unit": "ointment", "item_name": "Burn Ointment", "category": "Medicine", "description": "Apply on burns and cover with a sterile bandage.", "expiration_date": "2025-06-24", "added_by": 2}}, {"model": "inventory.inventorydetail", "pk": 11, "fields": {"item_no": 500, "unit": "tablet", "item_name": "Antihistamine", "category": "Medicine", "description": "Take to relieve allergic reactions.", "expiration_date": "2024-12-23", "added_by": 5}}, {"model": "inventory.inventorydetail", "pk": 12, "fields": {"item_no": 601, "unit": "bottle", "item_name": "Cough Syrup", "category": "Medicine", "description": "Take 10ml every 6 hours as needed.", "expiration_date": "2025-04-25", "added_by": 5}}, {"model": "inventory.inventorydetail", "pk": 13, "fields": {"item_no": 699, "unit": "bottle", "item_name": "Antiseptic Solution", "category": "Supply", "description": "Use for cleaning wounds before dressing.", "expiration_date": "2025-12-13", "added_by": 4}}, {"model": "inventory.inventorydetail", "pk": 14, "fields": {"item_no": 8105, "unit": "box", "item_name": "Sterile Bandages", "category": "Supply", "description": "Used for wound dressing and infection prevention.", "expiration_date": "2024-10-25", "added_by": null}}, {"model": "inventory.inventorydetail", "pk": 15, "fields": {"item_no": 7027, "unit": "pack", "item_name": "Pain Relief Tablets", "category": "Medicine", "description": "Oral tablets for temporary pain relief.", "expiration_date": "2023-06-02", "added_by": null}}, {"model": "inventory.inventorydetail", "pk": 16, "fields": {"item_no": 11031, "unit": "tube", "item_name": "Antibiotic Ointment", "category": "Medicine", "description": "Topical ointment for treating minor cuts and infections.", "expiration_date": "2025-02-04", "added_by": null}}, {"model": "inventory.inventorydetail", "pk": 17, "fields": {"item_no": 28905, "unit": "bottle", "item_name": "Cough Syrup", "category": "Medicine", "description": "Syrup to relieve cough and soothe throat irritation.", "expiration_date": "2023-06-16", "added_by": null}}, {"model": "inventory.inventorydetail", "pk": 18, "fields": {"item_no": 14698, "unit": "packet", "item_name": "Electrolyte Powder", "category": "Medicine", "description": "Oral rehydration salts for electrolyte replenishment.", "expiration_date": "2023-01-10", "added_by": null}}, {"model": "inventory.inventorydetail", "pk": 19, "fields": {"item_no": 4243, "unit": "Box", "item_name": "Antacid Tablets", "category": "Medicine", "description": "Used to relieve indigestion, heartburn, and acid reflux. Store in a cool, dry place.", "expiration_date": "2025-05-11", "added_by": null}}, {"model": "inventory.inventorydetail", "pk": 20, "fields": {"item_no": 26552, "unit": "Bottle", "item_name": "Multivitamin Syrup", "category": "Medicine", "description": "Provides essential vitamins and minerals. Recommended for daily use to support overall health.", "expiration_date": "2019-11-29", "added_by": null}}, {"model": "inventory.inventorydetail", "pk": 21, "fields": {"item_no": 22, "unit": "Packet", "item_name": "Oral Rehydration Salts (ORS)", "category": "Medicine", "description": "Used for dehydration treatment by replenishing fluids and electrolytes lost due to diarrhea.", "expiration_date": "2004-12-05", "added_by": null}}, {"model": "inventory.inventorydetail", "pk": 22, "fields": {"item_no": 9072, "unit": "Box", "item_name": "Sterile Gauze Pads", "category": "Supply", "description": "Used for wound dressing and protection. Sterile, single-use pads to prevent infection.", "expiration_date": "2025-01-13", "added_by": null}}, {"model": "inventory.inventorydetail", "pk": 23, "fields": {"item_no": 8670, "unit": "Bottle", "item_name": "Cough Syrup", "category": "Medicine", "description": "Relieves symptoms of cough and sore throat. Shake well before use.", "expiration_date": "2021-10-26", "added_by": null}}, {"model": "inventory.inventorydetail", "pk": 24, "fields": {"item_no": 28309, "unit": "bottle", "item_name": "Paracetamol 500mg Tablets", "category": "Medicine", "description": "Used to relieve pain and reduce fever. Store at room temperature, away from light and moisture.", "expiration_date": "2025-02-28", "added_by": null}}, {"model": "inventory.inventorydetail", "pk": 25, "fields": {"item_no": 526, "unit": "box", "item_name": "Antiseptic Wipes", "category": "Supply", "description": "Individually packed antiseptic wipes for external use only. Helps to disinfect and clean wounds or minor injuries.", "expiration_date": "2025-10-14", "added_by": null}}, {"model": "inventory.inventorydetail", "pk": 26, "fields": {"item_no": 17455, "unit": "tube", "item_name": "Antibiotic Ointment", "category": "Medicine", "description": "Topical antibiotic ointment for preventing infections in minor cuts, scrapes, and burns.", "expiration_date": "2024-09-18", "added_by": null}}, {"model": "inventory.inventorydetail", "pk": 27, "fields": {"item_no": 9946, "unit": "pack", "item_name": "Sterile Gauze Pads", "category": "Supply", "description": "Sterile gauze pads for wound care. Suitable for dressing open wounds and controlling bleeding.", "expiration_date": "2026-10-05", "added_by": null}}, {"model": "inventory.inventorydetail", "pk": 28, "fields": {"item_no": 14159, "unit": "bottle", "item_name": "Ibuprofen 200mg Tablets", "category": "Medicine", "description": "Nonsteroidal anti-inflammatory drug (NSAID) used to reduce fever and relieve pain or inflammation.", "expiration_date": "2024-03-28", "added_by": null}}, {"model": "inventory.inventorydetail", "pk": 29, "fields": {"item_no": -17012, "unit": "Tablets", "item_name": "Pain Reliever Extra Strength", "category": "Medicine", "description": "A powerful pain reliever effective for various types of pain. Suitable for adults and children over 12 years old. Take as directed.", "expiration_date": "2025-07-13", "added_by": null}}, {"model": "inventory.inventorydetail", "pk": 30, "fields": {"item_no": -26079, "unit": "Syringe", "item_name": "Insulin Syringe 1ml", "category": "Medicine", "description": "Disposable insulin syringes for easy and safe insulin injection. Each syringe has a clear barrel for accurate dosing.", "expiration_date": "2026-05-09", "added_by": null}}, {"model": "inventory.inventorydetail", "pk": 31, "fields": {"item_no": -12424, "unit": "Vial", "item_name": "Antibiotic Injection", "category": "Medicine", "description": "Broad-spectrum antibiotic used to treat various infections. Administer under the supervision of a healthcare professional.", "expiration_date": "2024-01-18", "added_by": null}}, {"model": "inventory.inventorydetail", "pk": 32, "fields": {"item_no": 11255, "unit": "Box", "item_name": "Cold and Flu Relief", "category": "Medicine", "description": "Combination of medications to relieve cold and flu symptoms. Provides temporary relief from nasal congestion, cough, and sore throat.", "expiration_date": "2026-10-21", "added_by": null}}, {"model": "inventory.inventorydetail", "pk": 33, "fields": {"item_no": 20217, "unit": "Bottle", "item_name": "Antacid Liquid", "category": "Medicine", "description": "Liquid antacid for fast relief from heartburn and indigestion. Effective for both adults and children.", "expiration_date": "2025-06-29", "added_by": null}}, {"model": "inventory.inventorydetail", "pk": 34, "fields": {"item_no": 18143, "unit": "Box", "item_name": "Pain Relief Tablets", "category": "Medicine", "description": "Over-the-counter pain relief tablets effective for headaches and muscle aches. Provides quick relief with minimal side effects.", "expiration_date": "2025-05-04", "added_by": null}}, {"model": "inventory.inventorydetail", "pk": 35, "fields": {"item_no": 5730, "unit": "Bottle", "item_name": "Cough Syrup", "category": "Medicine", "description": "Syrup designed to relieve cough symptoms and soothe the throat. Suitable for both adults and children.", "expiration_date": "2024-09-18", "added_by": null}}, {"model": "inventory.inventorydetail", "pk": 36, "fields": {"item_no": 21668, "unit": "Pack", "item_name": "Antibiotic Ointment", "category": "Medicine", "description": "Topical antibiotic ointment for minor cuts and scrapes. Helps prevent infection and promotes healing.", "expiration_date": "2026-06-18", "added_by": null}}, {"model": "inventory.inventorydetail", "pk": 37, "fields": {"item_no": 14851, "unit": "Tube", "item_name": "Hydrocortisone Cream", "category": "Medicine", "description": "Cream for the relief of skin irritations and rashes. Provides anti-inflammatory effects to reduce itching and swelling.", "expiration_date": "2023-02-11", "added_by": null}}, {"model": "inventory.inventorydetail", "pk": 38, "fields": {"item_no": 18796, "unit": "Bottle", "item_name": "Allergy Relief Drops", "category": "Medicine", "description": "Liquid drops designed to relieve allergy symptoms, including sneezing, runny nose, and itchy eyes.", "expiration_date": "2025-08-05", "added_by": null}}, {"model": "inventory.inventorydetail", "pk": 39, "fields": {"item_no": 101, "unit": "bottle", "item_name": "Aspirin 500mg", "category": "Medicine", "description": "Commonly used to relieve pain, reduce inflammation, and lower fever.", "expiration_date": "2025-05-14", "added_by": null}}, {"model": "inventory.inventorydetail", "pk": 40, "fields": {"item_no": 102, "unit": "box", "item_name": "Ibuprofen 200mg", "category": "Medicine", "description": "Used for treating pain, fever, and inflammation.", "expiration_date": "2024-06-21", "added_by": null}}, {"model": "inventory.inventorydetail", "pk": 41, "fields": {"item_no": 103, "unit": "pack", "item_name": "Paracetamol 500mg", "category": "Medicine", "description": "Effective pain reliever and fever reducer.", "expiration_date": "2026-06-01", "added_by": null}}, {"model": "inventory.inventorydetail", "pk": 42, "fields": {"item_no": 104, "unit": "vial", "item_name": "Amoxicillin 250mg", "category": "Medicine", "description": "Antibiotic used to treat a variety of infections.", "expiration_date": "2023-09-04", "added_by": null}}, {"model": "inventory.inventorydetail", "pk": 43, "fields": {"item_no": 105, "unit": "tablet", "item_name": "Metformin 500mg", "category": "Medicine", "description": "Used for managing type 2 diabetes.", "expiration_date": "2027-11-07", "added_by": null}}, {"model": "inventory.inventorydetail", "pk": 44, "fields": {"item_no": 106, "unit": "bottle", "item_name": "Simvastatin 20mg", "category": "Medicine", "description": "Medication used to control high cholesterol levels.", "expiration_date": "2028-10-07", "added_by": null}}, {"model": "inventory.inventorydetail", "pk": 45, "fields": {"item_no": 107, "unit": "pack", "item_name": "Cetirizine 10mg", "category": "Medicine", "description": "Antihistamine used to relieve allergy symptoms.", "expiration_date": "2025-12-26", "added_by": null}}, {"model": "inventory.inventorydetail", "pk": 46, "fields": {"item_no": 108, "unit": "tube", "item_name": "Hydrocortisone Cream", "category": "Medicine", "description": "Used to relieve inflammation and itching from various skin conditions.", "expiration_date": "2024-05-10", "added_by": null}}, {"model": "inventory.inventorydetail", "pk": 47, "fields": {"item_no": 109, "unit": "injection", "item_name": "Flu Vaccine", "category": "Medicine", "description": "Vaccination to prevent influenza.", "expiration_date": "2023-02-12", "added_by": null}}, {"model": "inventory.inventorydetail", "pk": 48, "fields": {"item_no": 110, "unit": "box", "item_name": "Furosemide 40mg", "category": "Medicine", "description": "Diuretic used to reduce fluid retention and swelling.", "expiration_date": "2026-04-11", "added_by": null}}, {"model": "inventory.inventorydetail", "pk": 49, "fields": {"item_no": -7513, "unit": "Bottle", "item_name": "Antibiotic Ointment", "category": "Medicine", "description": "Topical antibiotic ointment for preventing infections in minor cuts, scrapes, and burns. Promotes healing and protects the skin.", "expiration_date": "2025-08-10", "added_by": null}}, {"model": "inventory.inventorydetail", "pk": 50, "fields": {"item_no": 1124, "unit": "Tube", "item_name": "Moisturizing Cream", "category": "Medicine", "description": "Rich in nutrients and vitamins, this moisturizing cream enhances skin health and appearance, providing hydration and elasticity.", "expiration_date": "1974-04-07", "added_by": null}}, {"model": "inventory.inventorydetail", "pk": 51, "fields": {"item_no": 32682, "unit": "Bottle", "item_name": "Vitamin C Tablets", "category": "Medicine", "description": "Essential vitamin for boosting immunity and overall health, promoting skin health, and aiding in iron absorption.", "expiration_date": "1992-04-08", "added_by": null}}, {"model": "inventory.inventorydetail", "pk": 52, "fields": {"item_no": -22325, "unit": "Tube", "item_name": "Pain Relief Gel", "category": "Medicine", "description": "Fast-acting pain relief gel for sore muscles and joints, providing quick relief from pain and inflammation, ideal for athletes and active individuals.", "expiration_date": "1985-06-15", "added_by": null}}, {"model": "inventory.inventorydetail", "pk": 53, "fields": {"item_no": -433, "unit": "Bottle", "item_name": "Multivitamin Capsules", "category": "Medicine", "description": "Comprehensive blend of essential vitamins and minerals to fill dietary gaps and promote overall wellness.", "expiration_date": "1989-04-01", "added_by": null}}, {"model": "inventory.inventorydetail", "pk": 54, "fields": {"item_no": 26215, "unit": "Bottle", "item_name": "Antiseptic Solution", "category": "Medicine", "description": "A powerful antiseptic solution used for cleaning wounds and preventing infections. Suitable for both clinical and home use.", "expiration_date": "2004-03-18", "added_by": null}}, {"model": "inventory.inventorydetail", "pk": 55, "fields": {"item_no": -9552, "unit": "Box", "item_name": "Disposable Masks", "category": "Supplies", "description": "A box of disposable face masks designed to protect against airborne pathogens and pollutants. Ideal for medical environments and public use.", "expiration_date": "2018-03-08", "added_by": null}}, {"model": "inventory.inventorydetail", "pk": 56, "fields": {"item_no": -15491, "unit": "Box", "item_name": "Pain Relief Medication", "category": "Medicine", "description": "A comprehensive pain relief medication effective for managing chronic and acute pain. Ideal for patients with various pain conditions.", "expiration_date": "2000-08-27", "added_by": null}}, {"model": "inventory.inventorydetail", "pk": 57, "fields": {"item_no": -2361, "unit": "Bottle", "item_name": "Antibiotic Suspension", "category": "Medicine", "description": "An antibiotic suspension for treating bacterial infections in children. Recommended dosage must be followed as per physician's advice.", "expiration_date": "1982-04-26", "added_by": null}}, {"model": "inventory.inventorydetail", "pk": 58, "fields": {"item_no": -11250, "unit": "Pack", "item_name": "Vitamins and Minerals", "category": "Medicine", "description": "A daily supplement pack containing essential vitamins and minerals to support overall health and wellness.", "expiration_date": "1977-05-30", "added_by": null}}, {"model": "inventory.inventorydetail", "pk": 59, "fields": {"item_no": -12796, "unit": "Unit", "item_name": "Surgical Gloves", "category": "Supplies", "description": "Sterile surgical gloves for use in medical procedures to ensure safety and hygiene.", "expiration_date": "1974-01-25", "added_by": null}}, {"model": "inventory.inventorydetail", "pk": 60, "fields": {"item_no": 10897, "unit": "Unit", "item_name": "Syringe Set", "category": "Supplies", "description": "A set of disposable syringes for administering injections and drawing blood. Each set includes various sizes for different needs.", "expiration_date": "1988-07-23", "added_by": null}}, {"model": "inventory.inventorydetail", "pk": 61, "fields": {"item_no": 27334, "unit": "Bottle", "item_name": "Cough Syrup", "category": "Medicine", "description": "A soothing cough syrup designed to relieve cough and throat irritation. Contains natural ingredients.", "expiration_date": "1995-07-29", "added_by": null}}, {"model": "inventory.inventorydetail", "pk": 62, "fields": {"item_no": 30153, "unit": "Box", "item_name": "Bandage Pack", "category": "Supplies", "description": "A pack of assorted bandages for treating minor cuts and scrapes. Includes adhesive and sterile options.", "expiration_date": "1991-05-17", "added_by": null}}, {"model": "inventory.inventorydetail", "pk": 63, "fields": {"item_no": -1924, "unit": "Unit", "item_name": "Thermometer", "category": "Supplies", "description": "Digital thermometer for accurate temperature measurement. Ideal for both clinical and home use.", "expiration_date": "2015-05-29", "added_by": null}}, {"model": "users.department", "pk": 1, "fields": {"department": "Graduate"}}, {"model": "users.department", "pk": 2, "fields": {"department": "Law"}}, {"model": "users.department", "pk": 3, "fields": {"department": "CAS"}}, {"model": "users.department", "pk": 4, "fields": {"department": "CBS"}}, {"model": "users.department", "pk": 5, "fields": {"department": "CCS"}}, {"model": "users.department", "pk": 6, "fields": {"department": "COE"}}, {"model": "users.department", "pk": 7, "fields": {"department": "CEA"}}, {"model": "users.department", "pk": 8, "fields": {"department": "CHTM"}}, {"model": "users.department", "pk": 9, "fields": {"department": "CIT"}}, {"model": "users.department", "pk": 10, "fields": {"department": "CSSP"}}, {"model": "users.user", "pk": 1, "fields": {"password": "pbkdf2_sha256$720000$sKB7ufUbjVrM4Kffj30X6v$gPCzT/Tc+LJdzRMLazwlaqapzK/VPyy6DX0uXDfXrxg=", "last_login": "2024-11-01T13:09:24.794Z", "is_superuser": true, "is_staff": true, "is_active": true, "first_name": null, "last_name": null, "email": "bercasiocharles14@gmail.com", "contact": null, "profile": "user_profiles/fallback.png", "year": null, "section": null, "program": null, "department": null, "access": 4, "DOB": null, "sex": null, "blood_type": null, "height": null, "weight": null, "date_joined": "2024-06-27T16:09:03.481Z", "groups": [], "user_permissions": []}}, {"model": "users.user", "pk": 2, "fields": {"password": "pbkdf2_sha256$720000$WKI2HslDs5qiJawhdErTal$dfoF23XL7t/KzrF/ukskqRV8WwOgq2lDQN3PY/GrtPQ=", "last_login": "2024-10-08T11:29:04.855Z", "is_superuser": false, "is_staff": false, "is_active": true, "first_name": "Charles Aerol", "last_name": "Bercasio", "email": "2021305504@dhvsu.edu.ph", "contact": null, "profile": "user_profiles/fallback.png", "year": null, "section": null, "program": null, "department": null, "access": 1, "DOB": null, "sex": null, "blood_type": null, "height": null, "weight": null, "date_joined": "2024-10-08T11:28:18.317Z", "groups": [], "user_permissions": []}}, {"model": "users.user", "pk": 4, "fields": {"password": "pbkdf2_sha256$720000$F928ibUQySUL4GV2R7hpeT$R4it0io250Ci0YjZaa65/3rUtZGuHIggJKC9ZhNOViQ=", "last_login": "2024-10-24T10:39:45.735Z", "is_superuser": false, "is_staff": false, "is_active": true, "first_name": "Juan", "last_name": "Crus", "email": "dethan422@gmail.com", "contact": null, "profile": "user_profiles/fallback.png", "year": null, "section": null, "program": null, "department": null, "access": 4, "DOB": null, "sex": null, "blood_type": null, "height": null, "weight": null, "date_joined": "2024-10-08T12:40:19.129Z", "groups": [], "user_permissions": []}}, {"model": "users.user", "pk": 5, "fields": {"password": "pbkdf2_sha256$720000$uA9Cdor8yp7VbFLk5n85Jw$rZ6M1Lp1QQWdsgcbijQuZVKwoEKgxLmP1mqvAPtav0w=", "last_login": "2024-10-08T13:10:10.539Z", "is_superuser": false, "is_staff": false, "is_active": true, "first_name": "Ethan Dwayne", "last_name": "Baun", "email": "ethanbaun4@gmail.com", "contact": "9991838229", "profile": "user_profiles/user_5/64203311-55df-470f-b554-82e56e26daea.png", "year": null, "section": null, "program": null, "department": null, "access": 3, "DOB": null, "sex": null, "blood_type": null, "height": null, "weight": null, "date_joined": "2024-10-08T13:05:41.326Z", "groups": [], "user_permissions": []}}, {"model": "users.user", "pk": 6, "fields": {"password": "pbkdf2_sha256$720000$hPLbZbO7Y7a1fE48TUOsKB$aaFfSVn+RvZtq0t3f8yYqWuuIOP0wdHTnnhRNR66wUQ=", "last_login": "2024-10-14T15:02:23Z", "is_superuser": false, "is_staff": false, "is_active": true, "first_name": "Tanya", "last_name": "Bartocillo", "email": "tanya.bartocillo003@gmail.com", "contact": "9201030457", "profile": "user_profiles/user_6/dc40bf08-5b78-4a13-9582-ab1f39482168.png", "year": null, "section": null, "program": null, "department": null, "access": 2, "DOB": null, "sex": null, "blood_type": null, "height": null, "weight": null, "date_joined": "2024-10-09T13:17:47.062Z", "groups": [], "user_permissions": []}}, {"model": "users.user", "pk": 7, "fields": {"password": "pbkdf2_sha256$720000$aKcMjfIK6TEwBfCETRhRxo$YWi6YpQVCHvL6IS4w1BRw4SR9cgwCC6tBIgXO5bjD8M=", "last_login": null, "is_superuser": false, "is_staff": false, "is_active": true, "first_name": "Mark", "last_name": "Manson", "email": "2021308200@dhvsu.edu.ph", "contact": "09991838229", "profile": "user_profiles/fallback.png", "year": null, "section": null, "program": null, "department": null, "access": 1, "DOB": "2001-09-09", "sex": null, "blood_type": null, "height": null, "weight": null, "date_joined": "2024-10-13T15:53:49.226Z", "groups": [], "user_permissions": []}}, {"model": "users.user", "pk": 8, "fields": {"password": "pbkdf2_sha256$720000$Gum95gpAtEuVn5B8BuMtf3$axqfydliP5Vof3CGoUQcWA8ptffzgNXTTTP/4yG5+G0=", "last_login": null, "is_superuser": false, "is_staff": false, "is_active": true, "first_name": "Klein", "last_name": "Moretti", "email": "dumbzora@gmail.com", "contact": null, "profile": "user_profiles/fallback.png", "year": null, "section": null, "program": null, "department": null, "access": 1, "DOB": null, "sex": null, "blood_type": null, "height": null, "weight": null, "date_joined": "2024-10-24T10:34:18.091Z", "groups": [], "user_permissions": []}}, {"model": "users.user", "pk": 9, "fields": {"password": "Go fly argue agree table. Change job pay all future else.", "last_login": "1991-05-06T17:06:41.617Z", "is_superuser": true, "is_staff": true, "is_active": true, "first_name": "Devon", "last_name": "Chan", "email": "hallcassidy@example.org", "contact": "(858) 346-9695", "profile": "user_profiles/fallback.png", "year": 2023, "section": "A", "program": "DOE", "department": 4, "access": 1, "DOB": "1991-03-12", "sex": "Male", "blood_type": "O-", "height": 180, "weight": 75, "date_joined": "1978-08-24T01:46:11.288Z", "groups": [], "user_permissions": []}}, {"model": "users.user", "pk": 10, "fields": {"password": "Through could beautiful small loss black lot coach. Everyone political girl rock than she.", "last_login": "1975-10-06T17:46:44.296Z", "is_superuser": false, "is_staff": false, "is_active": true, "first_name": "Anthony", "last_name": "Porter", "email": "trujillojason@example.net", "contact": "(753) 482-3039", "profile": "user_profiles/fallback.png", "year": 2023, "section": "B", "program": "JD", "department": 2, "access": 1, "DOB": "1990-12-12", "sex": "Male", "blood_type": "A+", "height": 175, "weight": 68, "date_joined": "2002-10-09T06:19:41.578Z", "groups": [], "user_permissions": []}}, {"model": "users.user", "pk": 11, "fields": {"password": "Turn house let alone. Outside leave sure peace member fact.", "last_login": "1999-02-06T03:10:37.122Z", "is_superuser": false, "is_staff": true, "is_active": true, "first_name": "Connor", "last_name": "Greene", "email": "wwinters@example.net", "contact": "(254) 288-6808", "profile": "user_profiles/fallback.png", "year": 2023, "section": "A", "program": "BSEE", "department": 6, "access": 1, "DOB": "1991-05-31", "sex": "Male", "blood_type": "B+", "height": 172, "weight": 70, "date_joined": "1990-10-31T12:12:00.797Z", "groups": [], "user_permissions": []}}, {"model": "users.user", "pk": 12, "fields": {"password": "Low discussion expect I level successful six event. Story something professional ok subject.", "last_login": "2015-12-28T01:10:40Z", "is_superuser": false, "is_staff": false, "is_active": true, "first_name": "Jessica", "last_name": "George", "email": "jonathan35@example.net", "contact": "(479) 759-3830", "profile": "user_profiles/fallback.png", "year": 2023, "section": "B", "program": "BSIS", "department": 5, "access": 1, "DOB": "1988-01-28", "sex": "Female", "blood_type": "A-", "height": 165, "weight": 58, "date_joined": "1977-08-22T10:39:24.563Z", "groups": [], "user_permissions": []}}, {"model": "users.user", "pk": 13, "fields": {"password": "Happen design believe agent share. Take off rather prove environmental civil them. Fast star action response.", "last_login": "1983-03-20T22:20:43.905Z", "is_superuser": false, "is_staff": false, "is_active": true, "first_name": "Nicole", "last_name": "Burton", "email": "kristengoodwin@example.net", "contact": "(833) 424-6307", "profile": "user_profiles/fallback.png", "year": 2023, "section": "C", "program": "BSA", "department": 7, "access": 1, "DOB": "2001-07-11", "sex": "Female", "blood_type": "O+", "height": 160, "weight": 60, "date_joined": "2022-10-19T09:41:08.150Z", "groups": [], "user_permissions": []}}, {"model": "users.user", "pk": 14, "fields": {"password": "Out others life concern figure local.\nStudy but suffer young no just life. Back financial beyond occur different.", "last_login": "1980-10-01T23:55:09.322Z", "is_superuser": false, "is_staff": false, "is_active": true, "first_name": "Jeffrey", "last_name": "Reed", "email": "reginawilson@example.org", "contact": "(757) 345-1238", "profile": "user_profiles/fallback.png", "year": 4, "section": "B", "program": "BSHM", "department": 8, "access": 1, "DOB": "1982-04-12", "sex": "Male", "blood_type": "O+", "height": 180, "weight": 75, "date_joined": "1986-07-10T16:35:49.061Z", "groups": [], "user_permissions": []}}, {"model": "users.user", "pk": 15, "fields": {"password": "Within effort article three its low through area. Technology enjoy since many quality stand give. Design four rest.", "last_login": "2003-08-07T06:51:14.102Z", "is_superuser": false, "is_staff": false, "is_active": true, "first_name": "Heather", "last_name": "Mullen", "email": "adam82@example.com", "contact": "(568) 757-1808", "profile": "user_profiles/fallback.png", "year": 3, "section": "C", "program": "BSIT Major AT", "department": 9, "access": 1, "DOB": "1980-12-25", "sex": "Female", "blood_type": "A+", "height": 165, "weight": 60, "date_joined": "2023-05-11T11:31:58.558Z", "groups": [], "user_permissions": []}}, {"model": "users.user", "pk": 16, "fields": {"password": "Arrive sell knowledge society church side. Firm himself whose. Particular reflect order our physical.", "last_login": "2000-05-10T09:46:12.174Z", "is_superuser": false, "is_staff": true, "is_active": true, "first_name": "Krista", "last_name": "Bradford", "email": "taylorbobby@example.com", "contact": "(970) 926-3135", "profile": "user_profiles/fallback.png", "year": 3, "section": "S", "program": "BSP", "department": 10, "access": 1, "DOB": "1999-04-09", "sex": "Female", "blood_type": "B+", "height": 160, "weight": 58, "date_joined": "2001-02-18T07:40:25.830Z", "groups": [], "user_permissions": []}}, {"model": "users.user", "pk": 17, "fields": {"password": "Yeah surface although threat but. Knowledge why look talk ahead.", "last_login": "2015-11-08T15:12:13.552Z", "is_superuser": false, "is_staff": false, "is_active": true, "first_name": "Lisa", "last_name": "Valenzuela", "email": "charles21@example.net", "contact": "(876) 942-4142", "profile": "user_profiles/fallback.png", "year": 2, "section": "F", "program": "DCP", "department": 1, "access": 1, "DOB": "1983-04-10", "sex": "Female", "blood_type": "O-", "height": 170, "weight": 65, "date_joined": "2005-05-16T15:17:51.550Z", "groups": [], "user_permissions": []}}, {"model": "users.user", "pk": 18, "fields": {"password": "Feeling price keep through defense friend. Day require avoid speech price laugh man.", "last_login": "1995-11-09T09:39:28.993Z", "is_superuser": false, "is_staff": false, "is_active": true, "first_name": "Mark", "last_name": "Russo", "email": "petersonstacy@example.com", "contact": "(646) 923-7493", "profile": "user_profiles/fallback.png", "year": 1, "section": "B", "program": "JD", "department": 2, "access": 1, "DOB": "1997-02-13", "sex": "Male", "blood_type": "AB+", "height": 175, "weight": 72, "date_joined": "2004-01-05T17:18:57.574Z", "groups": [], "user_permissions": []}}, {"model": "users.user", "pk": 19, "fields": {"password": "Hot avoid quickly stage. Yeah book authority front deep.", "last_login": "2023-01-29T02:07:52.223Z", "is_superuser": false, "is_staff": false, "is_active": true, "first_name": "Colton", "last_name": "Jackson", "email": "colton.jackson@example.net", "contact": "(915) 462-8807", "profile": "user_profiles/fallback.png", "year": 2, "section": "C", "program": "BSB", "department": 3, "access": 1, "DOB": "1976-01-22", "sex": "Male", "blood_type": "O", "height": 181, "weight": 75, "date_joined": "2020-02-18T03:01:38.957Z", "groups": [], "user_permissions": []}}, {"model": "users.user", "pk": 20, "fields": {"password": "Bar deal event. Within responsibility candidate season carry every occur. Win simple take fact just.", "last_login": "2023-04-17T12:10:03.514Z", "is_superuser": false, "is_staff": false, "is_active": true, "first_name": "Melissa", "last_name": "Myers", "email": "melissa.myers@example.org", "contact": "(322) 644-7361", "profile": "user_profiles/fallback.png", "year": 3, "section": "D", "program": "BSAIS", "department": 4, "access": 1, "DOB": "1990-06-18", "sex": "Female", "blood_type": "B+", "height": 165, "weight": 60, "date_joined": "2019-06-06T04:29:58.976Z", "groups": [], "user_permissions": []}}, {"model": "users.user", "pk": 21, "fields": {"password": "Without they decision development. Certain wind town major style.", "last_login": "2023-07-04T15:59:48.078Z", "is_superuser": false, "is_staff": true, "is_active": true, "first_name": "Cathy", "last_name": "Hodge", "email": "cathy.hodge@example.net", "contact": "(627) 403-1048", "profile": "user_profiles/fallback.png", "year": 4, "section": "A", "program": "BSIT", "department": 5, "access": 1, "DOB": "1984-05-21", "sex": "Female", "blood_type": "A-", "height": 160, "weight": 58, "date_joined": "2005-02-14T04:45:42.238Z", "groups": [], "user_permissions": []}}, {"model": "users.user", "pk": 22, "fields": {"password": "Learn need mother forget according. Chance choose glass collection. Open visit sense fire course.", "last_login": "2023-03-10T01:26:34Z", "is_superuser": false, "is_staff": false, "is_active": true, "first_name": "Patrick", "last_name": "Frey", "email": "patrick.frey@example.com", "contact": "(484) 530-7266", "profile": "user_profiles/fallback.png", "year": 1, "section": "A", "program": "BSES", "department": 3, "access": 1, "DOB": "1984-09-11", "sex": "Male", "blood_type": "AB", "height": 175, "weight": 70, "date_joined": "2021-07-12T07:28:05.898Z", "groups": [], "user_permissions": []}}, {"model": "users.user", "pk": 23, "fields": {"password": "Sport remember beat see senior. Data why remain avoid beat into education far.", "last_login": "2023-03-14T23:48:51.229Z", "is_superuser": false, "is_staff": false, "is_active": true, "first_name": "Daniel", "last_name": "Carpenter", "email": "hopkinsbenjamin@example.net", "contact": "(635) 632-2544", "profile": "user_profiles/fallback.png", "year": 2, "section": "F", "program": "BPE", "department": 6, "access": 1, "DOB": "2006-02-24", "sex": "Male", "blood_type": "A+", "height": 180, "weight": 72, "date_joined": "2018-04-15T09:58:48.301Z", "groups": [], "user_permissions": []}}, {"model": "users.user", "pk": 24, "fields": {"password": "Soldier region lot dog would fill return.", "last_login": "2023-01-12T19:33:06.589Z", "is_superuser": false, "is_staff": false, "is_active": true, "first_name": "Marissa", "last_name": "Ward", "email": "freemanlindsay@example.org", "contact": "(730) 762-4921", "profile": "user_profiles/fallback.png", "year": 2, "section": "E", "program": "BSME", "department": 7, "access": 1, "DOB": "1985-05-24", "sex": "Female", "blood_type": "O+", "height": 165, "weight": 65, "date_joined": "1984-12-06T05:36:57.770Z", "groups": [], "user_permissions": []}}, {"model": "users.user", "pk": 25, "fields": {"password": "Area set total none future. Nearly civil close development phone picture finish.", "last_login": "2023-03-01T13:52:36.842Z", "is_superuser": false, "is_staff": true, "is_active": true, "first_name": "Kristy", "last_name": "Gill", "email": "adamslaurie@example.com", "contact": "(984) 617-3200", "profile": "user_profiles/fallback.png", "year": 4, "section": "A", "program": "BSHM", "department": 8, "access": 1, "DOB": "1995-06-24", "sex": "Female", "blood_type": "B-", "height": 162, "weight": 59, "date_joined": "1987-04-17T12:25:19.882Z", "groups": [], "user_permissions": []}}, {"model": "users.user", "pk": 26, "fields": {"password": "Inside claim sure usually. Mouth message so discover night but call. For worry rather. Protect song yard across purpose.", "last_login": "2024-01-16T05:19:40.082Z", "is_superuser": false, "is_staff": false, "is_active": true, "first_name": "Lisa", "last_name": "Robinson", "email": "grantdanielle@example.net", "contact": "(219) 527-6980", "profile": "user_profiles/fallback.png", "year": 4, "section": "D", "program": "BSIT", "department": 9, "access": 1, "DOB": "1998-10-28", "sex": "Female", "blood_type": "AB+", "height": 168, "weight": 62, "date_joined": "2005-01-29T17:32:43.277Z", "groups": [], "user_permissions": []}}, {"model": "users.user", "pk": 27, "fields": {"password": "Total ahead black. There save south answer. Us yet push dark each.", "last_login": "2023-11-11T01:40:10.872Z", "is_superuser": false, "is_staff": false, "is_active": true, "first_name": "Lisa", "last_name": "Poole", "email": "hyoung@example.com", "contact": "(937) 346-8492", "profile": "user_profiles/fallback.png", "year": 2, "section": "A", "program": "BSP", "department": 10, "access": 1, "DOB": "1995-05-26", "sex": "Female", "blood_type": "O-", "height": 170, "weight": 64, "date_joined": "2008-03-17T02:46:06.161Z", "groups": [], "user_permissions": []}}, {"model": "users.user", "pk": 28, "fields": {"password": "Stop process key family activity. Type pull money know. Ever despite effect page where still.", "last_login": "2011-06-07T05:58:19.030Z", "is_superuser": false, "is_staff": true, "is_active": true, "first_name": "Jorge", "last_name": "Nash", "email": "aprilhernandez@example.com", "contact": "(315) 260-2009", "profile": "user_profiles/fallback.png", "year": 3, "section": "A", "program": "BSES", "department": 1, "access": 1, "DOB": "1975-07-08", "sex": "Male", "blood_type": "O+", "height": 175, "weight": 70, "date_joined": "1996-11-03T01:25:23.247Z", "groups": [], "user_permissions": []}}, {"model": "users.user", "pk": 29, "fields": {"password": "Thought eat important voice skin scene. Program manage involve record how policy.", "last_login": "2023-01-14T10:06:03.065Z", "is_superuser": false, "is_staff": false, "is_active": true, "first_name": "Elizabeth", "last_name": "Martinez", "email": "zsloan@example.net", "contact": "(785) 707-7944", "profile": "user_profiles/fallback.png", "year": 3, "section": "C", "program": "JD", "department": 2, "access": 1, "DOB": "1985-02-13", "sex": "Female", "blood_type": "A+", "height": 165, "weight": 60, "date_joined": "2024-05-17T18:48:42.842Z", "groups": [], "user_permissions": []}}, {"model": "users.user", "pk": 30, "fields": {"password": "Which family mention them tax. Add natural travel issue ten wall magazine. Environment eat fall stock decision mission.", "last_login": "1991-07-27T12:13:17.940Z", "is_superuser": false, "is_staff": false, "is_active": true, "first_name": "Eric", "last_name": "Smith", "email": "james72@example.com", "contact": "(268) 929-2923", "profile": "user_profiles/fallback.png", "year": 1, "section": "A", "program": "BSES", "department": 3, "access": 1, "DOB": "1986-10-26", "sex": "Male", "blood_type": "B+", "height": 180, "weight": 80, "date_joined": "2021-07-03T02:32:45.469Z", "groups": [], "user_permissions": []}}, {"model": "users.user", "pk": 31, "fields": {"password": "Require sit federal sit. Age similar dinner stop seek west style. Service various campaign them.", "last_login": "1984-07-12T13:28:17.538Z", "is_superuser": false, "is_staff": false, "is_active": true, "first_name": "Brett", "last_name": "Williams", "email": "hpetersen@example.net", "contact": "(227) 882-2577", "profile": "user_profiles/fallback.png", "year": 3, "section": "A", "program": "BSAIS", "department": 4, "access": 1, "DOB": "2014-04-02", "sex": "Male", "blood_type": "AB-", "height": 170, "weight": 75, "date_joined": "1971-12-03T06:19:25.848Z", "groups": [], "user_permissions": []}}, {"model": "users.user", "pk": 32, "fields": {"password": "Require probably drop unit possible modern. Worry away next run born.", "last_login": "1991-01-03T00:11:21.622Z", "is_superuser": false, "is_staff": false, "is_active": true, "first_name": "Karen", "last_name": "Franco", "email": "quinnrichard@example.com", "contact": "(988) 272-1507", "profile": "user_profiles/fallback.png", "year": 2, "section": "A", "program": "ACT", "department": 5, "access": 1, "DOB": "1987-01-05", "sex": "Female", "blood_type": "O-", "height": 165, "weight": 65, "date_joined": "1997-06-14T16:14:35.256Z", "groups": [], "user_permissions": []}}, {"model": "users.user", "pk": 33, "fields": {"password": "Bill natural manage power. Serve various generation dinner develop matter career something. Low under firm rather.", "last_login": "1980-08-15T06:27:15.554Z", "is_superuser": false, "is_staff": false, "is_active": true, "first_name": "Andre", "last_name": "Ortiz", "email": "hermansusan@example.net", "contact": "(618) 207-4361", "profile": "user_profiles/fallback.png", "year": 4, "section": "A", "program": "BECE", "department": 6, "access": 1, "DOB": "1998-04-22", "sex": "Male", "blood_type": "A+", "height": 175, "weight": 70, "date_joined": "2023-10-06T16:38:50.749Z", "groups": [], "user_permissions": []}}, {"model": "users.user", "pk": 34, "fields": {"password": "Nature act beat sister. Cause very our discussion investment.", "last_login": "1975-08-01T23:55:01.397Z", "is_superuser": false, "is_staff": false, "is_active": true, "first_name": "Cheryl", "last_name": "Massey", "email": "dunnpatrick@example.com", "contact": "(607) 693-6197", "profile": "user_profiles/fallback.png", "year": 1, "section": "A", "program": "BSME", "department": 7, "access": 1, "DOB": "2015-10-27", "sex": "Female", "blood_type": "A-", "height": 140, "weight": 59, "date_joined": "2012-02-22T00:42:59.641Z", "groups": [], "user_permissions": []}}, {"model": "users.user", "pk": 35, "fields": {"password": "Every since organization born. Wait travel perform loss. Paper suggest peace only buy.", "last_login": "1970-04-02T07:18:24.927Z", "is_superuser": false, "is_staff": false, "is_active": true, "first_name": "Luke", "last_name": "Brown", "email": "daniel50@example.net", "contact": "(285) 452-5062", "profile": "user_profiles/fallback.png", "year": 2, "section": "B", "program": "BSHM", "department": 8, "access": 1, "DOB": "1993-09-04", "sex": "Male", "blood_type": "O+", "height": 176, "weight": 49, "date_joined": "2022-05-13T15:54:59.917Z", "groups": [], "user_permissions": []}}, {"model": "users.user", "pk": 36, "fields": {"password": "All might might off difference clearly out. Ago political fill financial.", "last_login": "1985-06-24T12:05:31.077Z", "is_superuser": false, "is_staff": false, "is_active": true, "first_name": "Luis", "last_name": "Small", "email": "mitchellwalker@example.org", "contact": "(530) 730-7218", "profile": "user_profiles/fallback.png", "year": 2, "section": "D", "program": "BSIT", "department": 9, "access": 1, "DOB": "1974-05-10", "sex": "Male", "blood_type": "AB", "height": 190, "weight": 81, "date_joined": "2020-10-20T19:04:55.874Z", "groups": [], "user_permissions": []}}, {"model": "users.user", "pk": 37, "fields": {"password": "Book contain check record. Fear front show agent age. General care those.", "last_login": "1980-08-12T22:09:24.093Z", "is_superuser": false, "is_staff": false, "is_active": true, "first_name": "Mary", "last_name": "Oneill", "email": "brandi06@example.com", "contact": "(702) 915-7296", "profile": "user_profiles/fallback.png", "year": 3, "section": "A", "program": "BSP", "department": 10, "access": 1, "DOB": "1973-06-26", "sex": "Female", "blood_type": "B-", "height": 173, "weight": 52, "date_joined": "2023-05-03T06:28:21.913Z", "groups": [], "user_permissions": []}}, {"model": "users.user", "pk": 38, "fields": {"password": "Spend point wear couple east. North within rate music. Marriage election two term standard way face pattern.", "last_login": "1996-04-10T08:40:31.178Z", "is_superuser": false, "is_staff": false, "is_active": true, "first_name": "Sally", "last_name": "Clay", "email": "brandi30@example.com", "contact": "(675) 978-7333", "profile": "user_profiles/fallback.png", "year": 4, "section": "A", "program": "JD", "department": 1, "access": 1, "DOB": "1979-11-30", "sex": "Female", "blood_type": "O+", "height": 180, "weight": 46, "date_joined": "2008-10-20T02:07:57.912Z", "groups": [], "user_permissions": []}}, {"model": "users.user", "pk": 39, "fields": {"password": "It physical official occur. Part look require reason.", "last_login": "1982-08-08T01:13:28.881Z", "is_superuser": false, "is_staff": false, "is_active": true, "first_name": "Jonathan", "last_name": "Austin", "email": "julie86@example.com", "contact": "(901) 684-5170", "profile": "user_profiles/fallback.png", "year": 1, "section": "A", "program": "JD", "department": 2, "access": 1, "DOB": "1981-10-30", "sex": "Male", "blood_type": "O+", "height": 167, "weight": 89, "date_joined": "2020-10-18T08:03:00.472Z", "groups": [], "user_permissions": []}}, {"model": "users.user", "pk": 40, "fields": {"password": "Site special ground suggest such concern be yes.", "last_login": "2014-08-14T10:33:18.295Z", "is_superuser": false, "is_staff": false, "is_active": true, "first_name": "Bryan", "last_name": "Mitchell", "email": "brian11@example.net", "contact": "(950) 651-4358", "profile": "user_profiles/fallback.png", "year": 3, "section": "D", "program": "BSES", "department": 3, "access": 1, "DOB": "2009-05-28", "sex": "Male", "blood_type": "A-", "height": 176, "weight": 44, "date_joined": "2022-11-29T12:05:15.841Z", "groups": [], "user_permissions": []}}, {"model": "users.user", "pk": 41, "fields": {"password": "Move institution plan leader provide issue. War half story job guess.", "last_login": "2021-03-20T04:32:49.930Z", "is_superuser": false, "is_staff": false, "is_active": true, "first_name": "Rebecca", "last_name": "Burke", "email": "jimrosales@example.org", "contact": "(389) 520-9743", "profile": "user_profiles/fallback.png", "year": 3, "section": "I", "program": "BSA", "department": 4, "access": 1, "DOB": "1983-11-26", "sex": "Female", "blood_type": "AB", "height": 168, "weight": 55, "date_joined": "2023-10-23T04:26:38.317Z", "groups": [], "user_permissions": []}}, {"model": "users.user", "pk": 42, "fields": {"password": "Ahead own guy simply. Those move hair window public since investment. Hotel walk Mrs degree throughout control quality.", "last_login": "1991-12-23T23:43:43.005Z", "is_superuser": false, "is_staff": false, "is_active": true, "first_name": "Gloria", "last_name": "Weaver", "email": "lisajones@example.org", "contact": "(547) 757-3382", "profile": "user_profiles/fallback.png", "year": 4, "section": "D", "program": "BSIS", "department": 5, "access": 1, "DOB": "1977-12-23", "sex": "Female", "blood_type": "O+", "height": 182, "weight": 72, "date_joined": "1993-07-11T16:51:22.137Z", "groups": [], "user_permissions": []}}, {"model": "users.user", "pk": 43, "fields": {"password": "Impact surface social quite give defense. That better move career break relate center.", "last_login": "2009-04-30T07:23:15.794Z", "is_superuser": false, "is_staff": false, "is_active": true, "first_name": "Sandra", "last_name": "Campbell", "email": "trujillokim@example.net", "contact": "(406) 255-2052", "profile": "user_profiles/fallback.png", "year": 2, "section": "A", "program": "BECE", "department": 6, "access": 1, "DOB": "2002-09-13", "sex": "Female", "blood_type": "Western mouth child.", "height": 178, "weight": 56, "date_joined": "1970-03-05T11:50:07.558Z", "groups": [], "user_permissions": []}}, {"model": "users.user", "pk": 44, "fields": {"password": "To right teach difference culture account. Method old common. Defense crime tell especially.", "last_login": "2015-08-07T07:18:04.534Z", "is_superuser": false, "is_staff": false, "is_active": true, "first_name": "Timothy", "last_name": "Kelly", "email": "brenda65@example.org", "contact": "(606) 969-2036", "profile": "user_profiles/fallback.png", "year": 3, "section": "B", "program": "BSME", "department": 7, "access": 1, "DOB": "1998-11-07", "sex": "Male", "blood_type": "AB", "height": 189, "weight": 65, "date_joined": "2017-12-29T09:58:05.165Z", "groups": [], "user_permissions": []}}, {"model": "users.user", "pk": 45, "fields": {"password": "Election PM yet side.", "last_login": "2020-09-22T14:59:03.672Z", "is_superuser": false, "is_staff": false, "is_active": true, "first_name": "Eric", "last_name": "Johnson", "email": "petersmatthew@example.org", "contact": "(388) 575-8879", "profile": "user_profiles/fallback.png", "year": 2, "section": "B", "program": "BSHM", "department": 8, "access": 1, "DOB": "2004-04-27", "sex": "Male", "blood_type": "A-", "height": 167, "weight": 79, "date_joined": "2017-02-02T23:54:53.158Z", "groups": [], "user_permissions": []}}, {"model": "users.user", "pk": 46, "fields": {"password": "Turn season space. Hand with party out newspaper. Nearly successful our sport financial.", "last_login": "2021-11-08T10:11:12.260Z", "is_superuser": false, "is_staff": false, "is_active": true, "first_name": "Jamie", "last_name": "Vaughn", "email": "michaelhunt@example.com", "contact": "(423) 416-9946", "profile": "user_profiles/fallback.png", "year": 4, "section": "A", "program": "BSIT", "department": 9, "access": 1, "DOB": "2005-12-08", "sex": "Female", "blood_type": "B+", "height": 167, "weight": 86, "date_joined": "2023-06-24T20:46:57.226Z", "groups": [], "user_permissions": []}}, {"model": "users.user", "pk": 47, "fields": {"password": "Region customer opportunity environmental either put perform. Near what still president.", "last_login": "2004-04-22T20:56:38.402Z", "is_superuser": false, "is_staff": false, "is_active": true, "first_name": "Savannah", "last_name": "Campbell", "email": "bestsuzanne@example.org", "contact": "Century Mrs physical kitchen which able apply.", "profile": "user_profiles/fallback.png", "year": 2, "section": "C", "program": "BSP.", "department": 10, "access": 1, "DOB": "1991-11-01", "sex": "Female", "blood_type": "O-", "height": 189, "weight": 78, "date_joined": "2024-08-08T03:24:22.610Z", "groups": [], "user_permissions": []}}, {"model": "users.user", "pk": 48, "fields": {"password": "Theory report similar opportunity ten need. Different fast often on thing training.", "last_login": "1987-12-14T00:37:30.048Z", "is_superuser": false, "is_staff": false, "is_active": true, "first_name": "Melissa", "last_name": "Dunn", "email": "jessicajohnson@example.com", "contact": "(859) 335-6818", "profile": "user_profiles/fallback.png", "year": 2, "section": "A", "program": "DPA", "department": 1, "access": 1, "DOB": "1983-05-22", "sex": "Female", "blood_type": "AB+", "height": 168, "weight": 79, "date_joined": "1987-10-24T10:41:14.456Z", "groups": [], "user_permissions": []}}, {"model": "users.user", "pk": 49, "fields": {"password": "Baby man senior now mouth benefit base.", "last_login": "1986-09-18T18:36:53.184Z", "is_superuser": false, "is_staff": false, "is_active": true, "first_name": "Lisa", "last_name": "Madden", "email": "eddie74@example.com", "contact": "(853) 785-5531", "profile": "user_profiles/fallback.png", "year": 4, "section": "A", "program": "JD", "department": 2, "access": 1, "DOB": "2003-11-08", "sex": "Female", "blood_type": "O+", "height": 180, "weight": 58, "date_joined": "2000-03-31T23:07:09.069Z", "groups": [], "user_permissions": []}}, {"model": "users.user", "pk": 50, "fields": {"password": "Number tough wide item including inside. Sound hundred majority speak myself.", "last_login": "1983-10-16T09:03:02.982Z", "is_superuser": false, "is_staff": false, "is_active": true, "first_name": "Connor", "last_name": "Dalton", "email": "richardhansen@example.net", "contact": "(357) 826-5900", "profile": "user_profiles/fallback.png", "year": 4, "section": "A", "program": "BSES", "department": 3, "access": 1, "DOB": "2005-07-22", "sex": "Male", "blood_type": "AB+", "height": 199, "weight": 78, "date_joined": "2003-07-21T17:21:31.517Z", "groups": [], "user_permissions": []}}, {"model": "users.user", "pk": 51, "fields": {"password": "Interview gas pressure unit. Ago whom authority base that view true.", "last_login": "1983-01-05T02:40:04.267Z", "is_superuser": false, "is_staff": false, "is_active": true, "first_name": "Robert", "last_name": "Miller", "email": "christopherbrown@example.org", "contact": "(247) 264-9159", "profile": "user_profiles/fallback.png", "year": 2, "section": "G", "program": "BSAIS", "department": 4, "access": 1, "DOB": "1995-12-11", "sex": "Male", "blood_type": "A+", "height": 177, "weight": 56, "date_joined": "2024-07-27T14:08:07.832Z", "groups": [], "user_permissions": []}}, {"model": "users.user", "pk": 52, "fields": {"password": "All child range writer child parent plan cold. Wait we necessary rise realize best true. Make ask be far lay night author.", "last_login": "2010-02-26T06:05:53.887Z", "is_superuser": false, "is_staff": false, "is_active": true, "first_name": "Phillip", "last_name": "Meyer", "email": "stevenmiller@example.com", "contact": "(803) 408-3798", "profile": "user_profiles/fallback.png", "year": 1, "section": "A", "program": "BSIT", "department": 5, "access": 1, "DOB": "1999-03-26", "sex": "Male", "blood_type": "B-", "height": 164, "weight": 67, "date_joined": "2014-10-23T06:25:31.649Z", "groups": [], "user_permissions": []}}, {"model": "users.user", "pk": 53, "fields": {"password": "Five country professional guy down better. Thousand keep growth reflect her hard pretty.", "last_login": "1986-09-10T02:22:12.813Z", "is_superuser": false, "is_staff": false, "is_active": true, "first_name": "Linda", "last_name": "Washington", "email": "snyderdanny@example.com", "contact": "(880) 557-3505", "profile": "user_profiles/fallback.png", "year": 2, "section": "D", "program": "BECE", "department": 6, "access": 1, "DOB": "2000-11-12", "sex": "Female", "blood_type": "Trouble technology.", "height": 192, "weight": 98, "date_joined": "1997-07-13T03:12:26.406Z", "groups": [], "user_permissions": []}}, {"model": "users.user", "pk": 54, "fields": {"password": "Character watch lay spend sit. Read impact old within. Right recognize can item opportunity.", "last_login": "2011-11-02T02:30:07.879Z", "is_superuser": false, "is_staff": false, "is_active": true, "first_name": "Brian", "last_name": "Haas", "email": "tiffanycollins@example.org", "contact": "(913) 978-1207", "profile": "user_profiles/fallback.png", "year": 1, "section": "A", "program": "BSME", "department": 7, "access": 1, "DOB": "1973-01-14", "sex": "Male", "blood_type": "O+", "height": 178, "weight": 78, "date_joined": "2002-02-06T17:01:27.472Z", "groups": [], "user_permissions": []}}, {"model": "users.user", "pk": 55, "fields": {"password": "Before risk oil. Wind just issue operation heart form. Remain partner choose.", "last_login": "2023-02-08T05:19:14.205Z", "is_superuser": false, "is_staff": false, "is_active": true, "first_name": "Johnny", "last_name": "Taylor", "email": "pball@example.com", "contact": "(320) 232-9455", "profile": "user_profiles/fallback.png", "year": 2, "section": "B", "program": "BSHM", "department": 8, "access": 1, "DOB": "1975-04-27", "sex": "Male", "blood_type": "A+", "height": 168, "weight": 63, "date_joined": "1986-04-04T13:57:37.135Z", "groups": [], "user_permissions": []}}, {"model": "users.user", "pk": 56, "fields": {"password": "Fish scene push attorney note low Mr. Better think strategy.", "last_login": "1990-05-25T16:00:49.269Z", "is_superuser": false, "is_staff": false, "is_active": true, "first_name": "Ryan", "last_name": "Estrada", "email": "barbara34@example.org", "contact": "(647) 694-5984", "profile": "user_profiles/fallback.png", "year": 3, "section": "A", "program": "BSIT", "department": 9, "access": 1, "DOB": "2001-06-28", "sex": "Male", "blood_type": "B+", "height": 182, "weight": 89, "date_joined": "2009-01-16T10:57:55.242Z", "groups": [], "user_permissions": []}}, {"model": "users.user", "pk": 57, "fields": {"password": "Capital feel difficult often drive now. Central ability space week thus decide eye.", "last_login": "1993-09-18T16:12:41.403Z", "is_superuser": false, "is_staff": false, "is_active": true, "first_name": "Sean", "last_name": "White", "email": "samantha02@example.net", "contact": "(945) 319-4326", "profile": "user_profiles/fallback.png", "year": 4, "section": "A", "program": "BSP", "department": 10, "access": 1, "DOB": "2001-01-11", "sex": "Male", "blood_type": "AB+", "height": 157, "weight": 43, "date_joined": "1970-07-14T02:57:54.349Z", "groups": [], "user_permissions": []}}, {"model": "users.user", "pk": 58, "fields": {"password": "Ever write commercial visit tax girl. Soon economic capital college charge positive.", "last_login": "1986-06-13T07:14:51.223Z", "is_superuser": false, "is_staff": false, "is_active": true, "first_name": "Alexis", "last_name": "Turner", "email": "april74@example.com", "contact": "(974) 755-1545", "profile": "user_profiles/fallback.png", "year": 2, "section": "A", "program": "DPA", "department": 1, "access": 1, "DOB": "1978-07-18", "sex": "Female", "blood_type": "A", "height": 199, "weight": 59, "date_joined": "2001-12-15T01:47:05.447Z", "groups": [], "user_permissions": []}}, {"model": "users.user", "pk": 59, "fields": {"password": "Until rather market me something nice. Office lay growth oil. Political move together student. Try Mr notice born.", "last_login": "2015-11-08T16:55:11.796Z", "is_superuser": false, "is_staff": false, "is_active": true, "first_name": "Joe", "last_name": "Evans", "email": "sanchezkathleen@example.com", "contact": "(279) 269-7819", "profile": "user_profiles/fallback.png", "year": 1, "section": "A", "program": "JD", "department": 2, "access": 1, "DOB": "1984-09-14", "sex": "Male", "blood_type": "O+", "height": 190, "weight": 78, "date_joined": "1991-10-26T00:59:15.053Z", "groups": [], "user_permissions": []}}, {"model": "users.user", "pk": 60, "fields": {"password": "Change institution never someone walk. Watch late tree stage close. Evidence entire smile people.", "last_login": "2020-07-25T21:22:40.106Z", "is_superuser": false, "is_staff": false, "is_active": true, "first_name": "Joe", "last_name": "Gonzales", "email": "rsmith@example.net", "contact": "(748) 283-8133", "profile": "user_profiles/fallback.png", "year": 4, "section": "A", "program": "BSES", "department": 3, "access": 1, "DOB": "1999-12-29", "sex": "Male", "blood_type": "A+", "height": 178, "weight": 78, "date_joined": "2021-10-10T07:14:06.757Z", "groups": [], "user_permissions": []}}, {"model": "users.user", "pk": 61, "fields": {"password": "Common paper field smile cup cup future. Guess stay how. Threat science may race.", "last_login": "1981-12-07T17:59:16.037Z", "is_superuser": false, "is_staff": false, "is_active": true, "first_name": "James", "last_name": "Fleming", "email": "morganjason@example.org", "contact": "(529) 753-9867", "profile": "user_profiles/fallback.png", "year": 4, "section": "A", "program": "BSAIS", "department": 4, "access": 1, "DOB": "2000-05-15", "sex": "Male", "blood_type": "AB+", "height": 188, "weight": 88, "date_joined": "1979-01-22T17:15:21.260Z", "groups": [], "user_permissions": []}}, {"model": "users.user", "pk": 62, "fields": {"password": "Piece visit follow medical main choose. Enough care away move.", "last_login": "2002-10-09T23:55:44.560Z", "is_superuser": false, "is_staff": false, "is_active": true, "first_name": "Eric", "last_name": "Johnson", "email": "marthahowell@example.com", "contact": "(817) 548-3938", "profile": "user_profiles/fallback.png", "year": 4, "section": "C", "program": "BSIT", "department": 5, "access": 1, "DOB": "2003-11-26", "sex": "Male", "blood_type": "B-", "height": 178, "weight": 89, "date_joined": "2011-06-12T18:57:27.902Z", "groups": [], "user_permissions": []}}, {"model": "users.user", "pk": 63, "fields": {"password": "Growth anyone environment sing. Me why company never important tax. Stand general reduce recently.", "last_login": "2011-05-29T13:06:18.258Z", "is_superuser": false, "is_staff": false, "is_active": true, "first_name": "Emily", "last_name": "Fisher", "email": "mollymason@example.com", "contact": "(960) 392-4284", "profile": "user_profiles/fallback.png", "year": 3, "section": "A.", "program": "BECE", "department": 6, "access": 1, "DOB": "1981-12-27", "sex": "Female", "blood_type": "A-", "height": 178, "weight": 78, "date_joined": "2020-04-07T05:38:04.189Z", "groups": [], "user_permissions": []}}, {"model": "users.user", "pk": 64, "fields": {"password": "Support customer capital forget court. Job serious service space now management blood.", "last_login": "1988-12-15T10:49:12.956Z", "is_superuser": false, "is_staff": false, "is_active": true, "first_name": "Laura", "last_name": "Cruz", "email": "welchjoan@example.com", "contact": "(362) 476-4011", "profile": "user_profiles/fallback.png", "year": 2, "section": "A", "program": "BSME", "department": 7, "access": 1, "DOB": "2004-11-16", "sex": "Female", "blood_type": "AB-", "height": 167, "weight": 56, "date_joined": "2005-09-30T21:54:32.975Z", "groups": [], "user_permissions": []}}, {"model": "users.user", "pk": 65, "fields": {"password": "Research line trial born agree time song well. Accept people so meeting matter. Site place exist.", "last_login": "2014-02-25T23:05:39.793Z", "is_superuser": false, "is_staff": false, "is_active": true, "first_name": "Katherine", "last_name": "Ayala", "email": "paulmelissa@example.org", "contact": "(605) 686-4143", "profile": "user_profiles/fallback.png", "year": 1, "section": "A", "program": "BSHM", "department": 8, "access": 1, "DOB": "1999-06-18", "sex": "Female", "blood_type": "A+", "height": 178, "weight": 49, "date_joined": "2007-02-16T17:20:27.326Z", "groups": [], "user_permissions": []}}, {"model": "users.user", "pk": 66, "fields": {"password": "Want soon discover Republican. Teach certainly way suffer foreign under reflect no. Few seven probably.", "last_login": "1986-05-08T04:55:22.879Z", "is_superuser": false, "is_staff": false, "is_active": true, "first_name": "Ricardo", "last_name": "Miller", "email": "tylereric@example.net", "contact": "(374) 421-4983", "profile": "user_profiles/fallback.png", "year": 1, "section": "A", "program": "BSIT", "department": 9, "access": 1, "DOB": "1989-12-12", "sex": "Male", "blood_type": "A+", "height": 178, "weight": 89, "date_joined": "2013-10-14T02:41:54.573Z", "groups": [], "user_permissions": []}}, {"model": "users.user", "pk": 67, "fields": {"password": "Region form travel white agreement while.", "last_login": "2015-12-04T06:18:33.462Z", "is_superuser": false, "is_staff": false, "is_active": true, "first_name": "Oscar", "last_name": "Estes", "email": "lorilogan@example.org", "contact": "(241) 770-4585", "profile": "user_profiles/fallback.png", "year": 2, "section": "A", "program": "BSP", "department": 10, "access": 1, "DOB": "1992-09-08", "sex": "Male", "blood_type": "A+", "height": 178, "weight": 69, "date_joined": "1984-07-05T06:22:55.127Z", "groups": [], "user_permissions": []}}, {"model": "users.user", "pk": 68, "fields": {"password": "Several control fear best.", "last_login": "2021-03-10T06:15:37.066Z", "is_superuser": false, "is_staff": false, "is_active": true, "first_name": "Tammy", "last_name": "Hayes", "email": "bradleyphillips@example.net", "contact": "(341) 405-1501", "profile": "user_profiles/fallback.png", "year": 3, "section": "A", "program": "DPA", "department": 1, "access": 1, "DOB": "1999-10-23", "sex": "Female", "blood_type": "A-", "height": 190, "weight": 50, "date_joined": "1977-01-10T12:35:19.300Z", "groups": [], "user_permissions": []}}, {"model": "users.user", "pk": 69, "fields": {"password": "Itself outside would also would. Past house situation represent while.", "last_login": "2021-10-23T04:24:35.456Z", "is_superuser": false, "is_staff": false, "is_active": true, "first_name": "Maria", "last_name": "Hatfield", "email": "kathryn65@example.org", "contact": "(453) 702-9535", "profile": "user_profiles/fallback.png", "year": 1, "section": "A", "program": "JD", "department": 2, "access": 1, "DOB": "1987-01-18", "sex": "Female", "blood_type": "B+", "height": 189, "weight": 89, "date_joined": "1981-11-24T03:22:32.924Z", "groups": [], "user_permissions": []}}, {"model": "users.user", "pk": 70, "fields": {"password": "Discussion media happy while behind information exactly. Reason culture Congress century.", "last_login": "2024-04-15T07:07:22.820Z", "is_superuser": false, "is_staff": false, "is_active": true, "first_name": "Lynn", "last_name": "Perez", "email": "irobertson@example.net", "contact": "(632) 421-1064", "profile": "user_profiles/fallback.png", "year": 3, "section": "A", "program": "", "department": 3, "access": 1, "DOB": "2001-08-15", "sex": "", "blood_type": "", "height": 178, "weight": 89, "date_joined": "2000-02-11T00:32:46.203Z", "groups": [], "user_permissions": []}}, {"model": "users.user", "pk": 71, "fields": {"password": "Prove old fund value rock. Member government hard executive war remain alone. Even PM tell several hot work happen.", "last_login": "1991-11-09T13:59:08.622Z", "is_superuser": false, "is_staff": false, "is_active": true, "first_name": "Robert", "last_name": "Anderson", "email": "jessica60@example.com", "contact": "(978) 640-9370", "profile": "user_profiles/fallback.png", "year": 1, "section": "A", "program": "", "department": 6, "access": 1, "DOB": "2005-07-09", "sex": "", "blood_type": "", "height": 189, "weight": 87, "date_joined": "1974-06-30T06:59:45.964Z", "groups": [], "user_permissions": []}}, {"model": "users.user", "pk": 72, "fields": {"password": "Against card respond process avoid drop cultural. Alone serve them stand above half where.", "last_login": "2012-09-08T21:13:04.348Z", "is_superuser": false, "is_staff": false, "is_active": true, "first_name": "Ricardo", "last_name": "Burch", "email": "william81@example.org", "contact": "(557) 315-8407", "profile": "user_profiles/fallback.png", "year": 1, "section": "A", "program": "", "department": 7, "access": 1, "DOB": "1986-12-21", "sex": "", "blood_type": "", "height": 167, "weight": 89, "date_joined": "2018-02-23T09:16:48.210Z", "groups": [], "user_permissions": []}}, {"model": "users.user", "pk": 73, "fields": {"password": "Despite those protect trial lose although. Lose democratic everything newspaper coach.", "last_login": "2004-05-20T21:52:13.926Z", "is_superuser": false, "is_staff": false, "is_active": true, "first_name": "Jacob", "last_name": "Parks", "email": "steventodd@example.com", "contact": "(333) 716-1518", "profile": "user_profiles/fallback.png", "year": 4, "section": "A", "program": "", "department": 7, "access": 1, "DOB": "2001-12-22", "sex": "", "blood_type": "", "height": null, "weight": null, "date_joined": "2016-07-30T00:56:18.644Z", "groups": [], "user_permissions": []}}, {"model": "users.user", "pk": 74, "fields": {"password": "Each prevent build take spend lay. Share hear just from.", "last_login": "2022-04-16T13:22:09.351Z", "is_superuser": false, "is_staff": false, "is_active": true, "first_name": "Jacqueline", "last_name": "Banks", "email": "robertsnathaniel@example.com", "contact": "(206) 621-5898", "profile": "user_profiles/fallback.png", "year": 2, "section": "", "program": "", "department": 8, "access": 1, "DOB": "2000-02-14", "sex": "", "blood_type": "", "height": null, "weight": null, "date_joined": "2002-09-18T17:02:18.261Z", "groups": [], "user_permissions": []}}, {"model": "users.user", "pk": 75, "fields": {"password": "Evidence lead thought focus so data change.\nTo among life into ahead understand.", "last_login": "1990-01-09T10:36:19.810Z", "is_superuser": false, "is_staff": false, "is_active": true, "first_name": "Melissa", "last_name": "Phelps", "email": "wrightjane@example.org", "contact": "(450) 593-1507", "profile": "user_profiles/fallback.png", "year": 7, "section": "", "program": "", "department": 9, "access": 1, "DOB": "2018-08-20", "sex": "", "blood_type": "", "height": null, "weight": null, "date_joined": "1982-01-01T07:00:32.067Z", "groups": [], "user_permissions": []}}, {"model": "users.user", "pk": 76, "fields": {"password": "Gun them stock thus campaign staff.\nSuddenly head view other. Free together risk write against term visit tell.", "last_login": "1971-02-15T19:46:11.532Z", "is_superuser": true, "is_staff": false, "is_active": true, "first_name": "Travis", "last_name": "Mcguire", "email": "corey38@example.com", "contact": "(368) 771-4557", "profile": "user_profiles/fallback.png", "year": 4, "section": "", "program": "", "department": 10, "access": 1, "DOB": "2000-05-19", "sex": "", "blood_type": "", "height": null, "weight": null, "date_joined": "2016-05-18T07:42:30.410Z", "groups": [], "user_permissions": []}}, {"model": "users.user", "pk": 77, "fields": {"password": "Black industry behavior discover fly entire.", "last_login": "1976-10-27T08:41:56.544Z", "is_superuser": false, "is_staff": false, "is_active": true, "first_name": "Gene", "last_name": "Lang", "email": "smithtammy@example.com", "contact": "(732) 789-2792", "profile": "user_profiles/fallback.png", "year": 2, "section": "", "program": "", "department": 1, "access": 1, "DOB": "1989-05-18", "sex": "", "blood_type": "", "height": null, "weight": null, "date_joined": "1988-07-21T14:16:42.897Z", "groups": [], "user_permissions": []}}, {"model": "users.user", "pk": 78, "fields": {"password": "Situation increase ahead career character wrong. Behavior research wide hear. Organization firm production act during your.", "last_login": "1995-01-24T08:39:05.937Z", "is_superuser": false, "is_staff": false, "is_active": true, "first_name": "James", "last_name": "Logan", "email": "odiaz@example.com", "contact": "(879) 301-6515", "profile": "user_profiles/fallback.png", "year": 1, "section": "", "program": "", "department": 2, "access": 1, "DOB": "2001-07-03", "sex": "", "blood_type": "", "height": null, "weight": null, "date_joined": "2002-09-08T13:58:41.947Z", "groups": [], "user_permissions": []}}, {"model": "users.user", "pk": 79, "fields": {"password": "Two poor gun history yourself. Successful it bring realize between must develop.", "last_login": "1992-03-13T00:27:48.838Z", "is_superuser": false, "is_staff": false, "is_active": true, "first_name": "Vincent", "last_name": "Barnes", "email": "jwood@example.net", "contact": "(962) 876-9452", "profile": "user_profiles/fallback.png", "year": 13387, "section": "", "program": "", "department": 7, "access": 1, "DOB": "1999-09-09", "sex": "", "blood_type": "", "height": null, "weight": null, "date_joined": "1970-09-03T15:44:03.348Z", "groups": [], "user_permissions": []}}, {"model": "users.user", "pk": 80, "fields": {"password": "Wall stay those production. Here today act ago would president.", "last_login": "1974-03-09T18:14:21.961Z", "is_superuser": false, "is_staff": false, "is_active": true, "first_name": "Dana", "last_name": "Henry", "email": "joshuawiggins@example.com", "contact": "(609) 513-3176", "profile": "user_profiles/fallback.png", "year": -427, "section": "Stay read.", "program": "", "department": 8, "access": 1, "DOB": "1979-10-07", "sex": "", "blood_type": "", "height": null, "weight": null, "date_joined": "1999-09-25T21:11:39.771Z", "groups": [], "user_permissions": []}}, {"model": "users.user", "pk": 81, "fields": {"password": "Republican move oil fact treatment child. As image push piece.", "last_login": "1987-04-15T14:21:39.134Z", "is_superuser": false, "is_staff": false, "is_active": true, "first_name": "Jacqueline", "last_name": "Douglas", "email": "phillip84@example.com", "contact": "(956) 519-6177", "profile": "user_profiles/fallback.png", "year": 3, "section": "Color.", "program": "", "department": 5, "access": 1, "DOB": "1992-10-16", "sex": "", "blood_type": "", "height": null, "weight": null, "date_joined": "2006-10-21T11:02:40.370Z", "groups": [], "user_permissions": []}}, {"model": "users.user", "pk": 82, "fields": {"password": "Always year imagine middle. Treatment find minute middle serious. Either whom past population health get main piece.", "last_login": "1989-04-07T14:37:19.804Z", "is_superuser": false, "is_staff": false, "is_active": true, "first_name": "Kevin", "last_name": "Anderson", "email": "kristintaylor@example.com", "contact": "(454) 582-2321", "profile": "user_profiles/fallback.png", "year": 3, "section": "", "program": "", "department": 5, "access": 1, "DOB": "2002-10-05", "sex": "", "blood_type": "", "height": null, "weight": null, "date_joined": "1976-09-24T20:09:36.844Z", "groups": [], "user_permissions": []}}, {"model": "users.user", "pk": 83, "fields": {"password": "Response rest source entire while nor. Political public size store end billion remember.", "last_login": "2006-03-25T03:08:30.665Z", "is_superuser": false, "is_staff": false, "is_active": true, "first_name": "Laura", "last_name": "Johnson", "email": "stevenmercado@example.com", "contact": "(237) 630-5782", "profile": "user_profiles/fallback.png", "year": 1, "section": "", "program": "", "department": 8, "access": 1, "DOB": "2000-02-01", "sex": "", "blood_type": "", "height": null, "weight": null, "date_joined": "2001-04-02T14:05:54.191Z", "groups": [], "user_permissions": []}}, {"model": "users.user", "pk": 84, "fields": {"password": "A miss once. Crime fund range religious everyone rock week.", "last_login": "2008-05-06T12:11:46.975Z", "is_superuser": false, "is_staff": false, "is_active": true, "first_name": "Katrina", "last_name": "Gonzalez", "email": "luisharris@example.net", "contact": "(589) 957-5467", "profile": "user_profiles/fallback.png", "year": 21414, "section": "", "program": "", "department": 6, "access": 1, "DOB": "2000-10-23", "sex": "", "blood_type": "", "height": null, "weight": null, "date_joined": "2017-03-27T16:39:35.345Z", "groups": [], "user_permissions": []}}, {"model": "users.user", "pk": 85, "fields": {"password": "Read west break state rise television where. Stay production phone fight she.", "last_login": "2019-01-13T16:32:48.347Z", "is_superuser": false, "is_staff": false, "is_active": true, "first_name": "Michelle", "last_name": "Hartman", "email": "fwilson@example.org", "contact": "(434) 700-6213", "profile": "user_profiles/fallback.png", "year": 2, "section": "", "program": "", "department": 1, "access": 1, "DOB": "1982-06-27", "sex": "", "blood_type": "", "height": null, "weight": null, "date_joined": "1993-08-18T00:21:45.789Z", "groups": [], "user_permissions": []}}, {"model": "users.user", "pk": 86, "fields": {"password": "Always according hot seat. Certain stage wall authority. Indicate win determine language interest add cultural.", "last_login": "2010-06-17T05:29:06.257Z", "is_superuser": false, "is_staff": false, "is_active": true, "first_name": "April", "last_name": "Morgan", "email": "xgonzales@example.org", "contact": "(235) 618-2589", "profile": "user_profiles/fallback.png", "year": 13539, "section": "", "program": "", "department": 7, "access": 1, "DOB": "1984-12-29", "sex": "", "blood_type": "", "height": null, "weight": null, "date_joined": "1991-05-30T08:45:44.418Z", "groups": [], "user_permissions": []}}, {"model": "users.user", "pk": 87, "fields": {"password": "Investment all election leader along shake. Number company occur continue. Until smile full worry miss agent.", "last_login": "1977-03-26T03:50:36.254Z", "is_superuser": false, "is_staff": false, "is_active": true, "first_name": "Craig", "last_name": "Schroeder", "email": "ngreen@example.com", "contact": "(739) 333-8978", "profile": "user_profiles/fallback.png", "year": 4, "section": "", "program": "", "department": 9, "access": 1, "DOB": "1993-01-12", "sex": "", "blood_type": "", "height": null, "weight": null, "date_joined": "1980-04-20T09:18:39.578Z", "groups": [], "user_permissions": []}}, {"model": "users.user", "pk": 88, "fields": {"password": "Thing wrong above. Than long mention weight crime about more. Either only leader hotel.", "last_login": "2004-01-14T01:46:05.926Z", "is_superuser": false, "is_staff": false, "is_active": true, "first_name": "Ashley", "last_name": "Brooks", "email": "mitchelljohn@example.net", "contact": "(704) 713-5309", "profile": "user_profiles/fallback.png", "year": 2, "section": "", "program": "", "department": 3, "access": 1, "DOB": "1972-09-22", "sex": "", "blood_type": "", "height": null, "weight": null, "date_joined": "1988-10-17T19:37:01.024Z", "groups": [], "user_permissions": []}}]
