[
    {
      "model": "admin.logentry",
      "pk": 1,
      "fields": {
        "action_time": "2024-10-28T08:31:02.687Z",
        "user": 1,
        "content_type": 21,
        "object_id": "8",
        "object_repr": "5 : stuartanne@example.org - Point lead four worker fire. T",
        "action_flag": 2,
        "change_message": "[{\"changed\": {\"fields\": [\"Illness category\"]}}]"
      }
    },
    {
      "model": "auth.permission",
      "pk": 1,
      "fields": {
        "name": "Can add permission",
        "content_type": 1,
        "codename": "add_permission"
      }
    },
    {
      "model": "auth.permission",
      "pk": 2,
      "fields": {
        "name": "Can change permission",
        "content_type": 1,
        "codename": "change_permission"
      }
    },
    {
      "model": "auth.permission",
      "pk": 3,
      "fields": {
        "name": "Can delete permission",
        "content_type": 1,
        "codename": "delete_permission"
      }
    },
    {
      "model": "auth.permission",
      "pk": 4,
      "fields": {
        "name": "Can view permission",
        "content_type": 1,
        "codename": "view_permission"
      }
    },
    {
      "model": "auth.permission",
      "pk": 5,
      "fields": {
        "name": "Can add group",
        "content_type": 2,
        "codename": "add_group"
      }
    },
    {
      "model": "auth.permission",
      "pk": 6,
      "fields": {
        "name": "Can change group",
        "content_type": 2,
        "codename": "change_group"
      }
    },
    {
      "model": "auth.permission",
      "pk": 7,
      "fields": {
        "name": "Can delete group",
        "content_type": 2,
        "codename": "delete_group"
      }
    },
    {
      "model": "auth.permission",
      "pk": 8,
      "fields": {
        "name": "Can view group",
        "content_type": 2,
        "codename": "view_group"
      }
    },
    {
      "model": "auth.permission",
      "pk": 9,
      "fields": {
        "name": "Can add content type",
        "content_type": 3,
        "codename": "add_contenttype"
      }
    },
    {
      "model": "auth.permission",
      "pk": 10,
      "fields": {
        "name": "Can change content type",
        "content_type": 3,
        "codename": "change_contenttype"
      }
    },
    {
      "model": "auth.permission",
      "pk": 11,
      "fields": {
        "name": "Can delete content type",
        "content_type": 3,
        "codename": "delete_contenttype"
      }
    },
    {
      "model": "auth.permission",
      "pk": 12,
      "fields": {
        "name": "Can view content type",
        "content_type": 3,
        "codename": "view_contenttype"
      }
    },
    {
      "model": "auth.permission",
      "pk": 13,
      "fields": {
        "name": "Can add department",
        "content_type": 4,
        "codename": "add_department"
      }
    },
    {
      "model": "auth.permission",
      "pk": 14,
      "fields": {
        "name": "Can change department",
        "content_type": 4,
        "codename": "change_department"
      }
    },
    {
      "model": "auth.permission",
      "pk": 15,
      "fields": {
        "name": "Can delete department",
        "content_type": 4,
        "codename": "delete_department"
      }
    },
    {
      "model": "auth.permission",
      "pk": 16,
      "fields": {
        "name": "Can view department",
        "content_type": 4,
        "codename": "view_department"
      }
    },
    {
      "model": "auth.permission",
      "pk": 17,
      "fields": {
        "name": "Can add user",
        "content_type": 5,
        "codename": "add_user"
      }
    },
    {
      "model": "auth.permission",
      "pk": 18,
      "fields": {
        "name": "Can change user",
        "content_type": 5,
        "codename": "change_user"
      }
    },
    {
      "model": "auth.permission",
      "pk": 19,
      "fields": {
        "name": "Can delete user",
        "content_type": 5,
        "codename": "delete_user"
      }
    },
    {
      "model": "auth.permission",
      "pk": 20,
      "fields": {
        "name": "Can view user",
        "content_type": 5,
        "codename": "view_user"
      }
    },
    {
      "model": "auth.permission",
      "pk": 21,
      "fields": {
        "name": "Can add email address",
        "content_type": 6,
        "codename": "add_emailaddress"
      }
    },
    {
      "model": "auth.permission",
      "pk": 22,
      "fields": {
        "name": "Can change email address",
        "content_type": 6,
        "codename": "change_emailaddress"
      }
    },
    {
      "model": "auth.permission",
      "pk": 23,
      "fields": {
        "name": "Can delete email address",
        "content_type": 6,
        "codename": "delete_emailaddress"
      }
    },
    {
      "model": "auth.permission",
      "pk": 24,
      "fields": {
        "name": "Can view email address",
        "content_type": 6,
        "codename": "view_emailaddress"
      }
    },
    {
      "model": "auth.permission",
      "pk": 25,
      "fields": {
        "name": "Can add email confirmation",
        "content_type": 7,
        "codename": "add_emailconfirmation"
      }
    },
    {
      "model": "auth.permission",
      "pk": 26,
      "fields": {
        "name": "Can change email confirmation",
        "content_type": 7,
        "codename": "change_emailconfirmation"
      }
    },
    {
      "model": "auth.permission",
      "pk": 27,
      "fields": {
        "name": "Can delete email confirmation",
        "content_type": 7,
        "codename": "delete_emailconfirmation"
      }
    },
    {
      "model": "auth.permission",
      "pk": 28,
      "fields": {
        "name": "Can view email confirmation",
        "content_type": 7,
        "codename": "view_emailconfirmation"
      }
    },
    {
      "model": "auth.permission",
      "pk": 29,
      "fields": {
        "name": "Can add log entry",
        "content_type": 8,
        "codename": "add_logentry"
      }
    },
    {
      "model": "auth.permission",
      "pk": 30,
      "fields": {
        "name": "Can change log entry",
        "content_type": 8,
        "codename": "change_logentry"
      }
    },
    {
      "model": "auth.permission",
      "pk": 31,
      "fields": {
        "name": "Can delete log entry",
        "content_type": 8,
        "codename": "delete_logentry"
      }
    },
    {
      "model": "auth.permission",
      "pk": 32,
      "fields": {
        "name": "Can view log entry",
        "content_type": 8,
        "codename": "view_logentry"
      }
    },
    {
      "model": "auth.permission",
      "pk": 33,
      "fields": {
        "name": "Can add session",
        "content_type": 9,
        "codename": "add_session"
      }
    },
    {
      "model": "auth.permission",
      "pk": 34,
      "fields": {
        "name": "Can change session",
        "content_type": 9,
        "codename": "change_session"
      }
    },
    {
      "model": "auth.permission",
      "pk": 35,
      "fields": {
        "name": "Can delete session",
        "content_type": 9,
        "codename": "delete_session"
      }
    },
    {
      "model": "auth.permission",
      "pk": 36,
      "fields": {
        "name": "Can view session",
        "content_type": 9,
        "codename": "view_session"
      }
    },
    {
      "model": "auth.permission",
      "pk": 37,
      "fields": {
        "name": "Can add ambulansya",
        "content_type": 10,
        "codename": "add_ambulansya"
      }
    },
    {
      "model": "auth.permission",
      "pk": 38,
      "fields": {
        "name": "Can change ambulansya",
        "content_type": 10,
        "codename": "change_ambulansya"
      }
    },
    {
      "model": "auth.permission",
      "pk": 39,
      "fields": {
        "name": "Can delete ambulansya",
        "content_type": 10,
        "codename": "delete_ambulansya"
      }
    },
    {
      "model": "auth.permission",
      "pk": 40,
      "fields": {
        "name": "Can view ambulansya",
        "content_type": 10,
        "codename": "view_ambulansya"
      }
    },
    {
      "model": "auth.permission",
      "pk": 41,
      "fields": {
        "name": "Can add bed stat",
        "content_type": 11,
        "codename": "add_bedstat"
      }
    },
    {
      "model": "auth.permission",
      "pk": 42,
      "fields": {
        "name": "Can change bed stat",
        "content_type": 11,
        "codename": "change_bedstat"
      }
    },
    {
      "model": "auth.permission",
      "pk": 43,
      "fields": {
        "name": "Can delete bed stat",
        "content_type": 11,
        "codename": "delete_bedstat"
      }
    },
    {
      "model": "auth.permission",
      "pk": 44,
      "fields": {
        "name": "Can view bed stat",
        "content_type": 11,
        "codename": "view_bedstat"
      }
    },
    {
      "model": "auth.permission",
      "pk": 45,
      "fields": {
        "name": "Can add wheel chair",
        "content_type": 12,
        "codename": "add_wheelchair"
      }
    },
    {
      "model": "auth.permission",
      "pk": 46,
      "fields": {
        "name": "Can change wheel chair",
        "content_type": 12,
        "codename": "change_wheelchair"
      }
    },
    {
      "model": "auth.permission",
      "pk": 47,
      "fields": {
        "name": "Can delete wheel chair",
        "content_type": 12,
        "codename": "delete_wheelchair"
      }
    },
    {
      "model": "auth.permission",
      "pk": 48,
      "fields": {
        "name": "Can view wheel chair",
        "content_type": 12,
        "codename": "view_wheelchair"
      }
    },
    {
      "model": "auth.permission",
      "pk": 49,
      "fields": {
        "name": "Can add data change log",
        "content_type": 13,
        "codename": "add_datachangelog"
      }
    },
    {
      "model": "auth.permission",
      "pk": 50,
      "fields": {
        "name": "Can change data change log",
        "content_type": 13,
        "codename": "change_datachangelog"
      }
    },
    {
      "model": "auth.permission",
      "pk": 51,
      "fields": {
        "name": "Can delete data change log",
        "content_type": 13,
        "codename": "delete_datachangelog"
      }
    },
    {
      "model": "auth.permission",
      "pk": 52,
      "fields": {
        "name": "Can view data change log",
        "content_type": 13,
        "codename": "view_datachangelog"
      }
    },
    {
      "model": "auth.permission",
      "pk": 53,
      "fields": {
        "name": "Can add log",
        "content_type": 14,
        "codename": "add_log"
      }
    },
    {
      "model": "auth.permission",
      "pk": 54,
      "fields": {
        "name": "Can change log",
        "content_type": 14,
        "codename": "change_log"
      }
    },
    {
      "model": "auth.permission",
      "pk": 55,
      "fields": {
        "name": "Can delete log",
        "content_type": 14,
        "codename": "delete_log"
      }
    },
    {
      "model": "auth.permission",
      "pk": 56,
      "fields": {
        "name": "Can view log",
        "content_type": 14,
        "codename": "view_log"
      }
    },
    {
      "model": "auth.permission",
      "pk": 57,
      "fields": {
        "name": "Can add inventory detail",
        "content_type": 15,
        "codename": "add_inventorydetail"
      }
    },
    {
      "model": "auth.permission",
      "pk": 58,
      "fields": {
        "name": "Can change inventory detail",
        "content_type": 15,
        "codename": "change_inventorydetail"
      }
    },
    {
      "model": "auth.permission",
      "pk": 59,
      "fields": {
        "name": "Can delete inventory detail",
        "content_type": 15,
        "codename": "delete_inventorydetail"
      }
    },
    {
      "model": "auth.permission",
      "pk": 60,
      "fields": {
        "name": "Can view inventory detail",
        "content_type": 15,
        "codename": "view_inventorydetail"
      }
    },
    {
      "model": "auth.permission",
      "pk": 61,
      "fields": {
        "name": "Can add quantity history",
        "content_type": 16,
        "codename": "add_quantityhistory"
      }
    },
    {
      "model": "auth.permission",
      "pk": 62,
      "fields": {
        "name": "Can change quantity history",
        "content_type": 16,
        "codename": "change_quantityhistory"
      }
    },
    {
      "model": "auth.permission",
      "pk": 63,
      "fields": {
        "name": "Can delete quantity history",
        "content_type": 16,
        "codename": "delete_quantityhistory"
      }
    },
    {
      "model": "auth.permission",
      "pk": 64,
      "fields": {
        "name": "Can view quantity history",
        "content_type": 16,
        "codename": "view_quantityhistory"
      }
    },
    {
      "model": "auth.permission",
      "pk": 65,
      "fields": {
        "name": "Can add blood pressure",
        "content_type": 17,
        "codename": "add_bloodpressure"
      }
    },
    {
      "model": "auth.permission",
      "pk": 66,
      "fields": {
        "name": "Can change blood pressure",
        "content_type": 17,
        "codename": "change_bloodpressure"
      }
    },
    {
      "model": "auth.permission",
      "pk": 67,
      "fields": {
        "name": "Can delete blood pressure",
        "content_type": 17,
        "codename": "delete_bloodpressure"
      }
    },
    {
      "model": "auth.permission",
      "pk": 68,
      "fields": {
        "name": "Can view blood pressure",
        "content_type": 17,
        "codename": "view_bloodpressure"
      }
    },
    {
      "model": "auth.permission",
      "pk": 69,
      "fields": {
        "name": "Can add category",
        "content_type": 18,
        "codename": "add_category"
      }
    },
    {
      "model": "auth.permission",
      "pk": 70,
      "fields": {
        "name": "Can change category",
        "content_type": 18,
        "codename": "change_category"
      }
    },
    {
      "model": "auth.permission",
      "pk": 71,
      "fields": {
        "name": "Can delete category",
        "content_type": 18,
        "codename": "delete_category"
      }
    },
    {
      "model": "auth.permission",
      "pk": 72,
      "fields": {
        "name": "Can view category",
        "content_type": 18,
        "codename": "view_category"
      }
    },
    {
      "model": "auth.permission",
      "pk": 73,
      "fields": {
        "name": "Can add certificate",
        "content_type": 19,
        "codename": "add_certificate"
      }
    },
    {
      "model": "auth.permission",
      "pk": 74,
      "fields": {
        "name": "Can change certificate",
        "content_type": 19,
        "codename": "change_certificate"
      }
    },
    {
      "model": "auth.permission",
      "pk": 75,
      "fields": {
        "name": "Can delete certificate",
        "content_type": 19,
        "codename": "delete_certificate"
      }
    },
    {
      "model": "auth.permission",
      "pk": 76,
      "fields": {
        "name": "Can view certificate",
        "content_type": 19,
        "codename": "view_certificate"
      }
    },
    {
      "model": "auth.permission",
      "pk": 77,
      "fields": {
        "name": "Can add doctor detail",
        "content_type": 20,
        "codename": "add_doctordetail"
      }
    },
    {
      "model": "auth.permission",
      "pk": 78,
      "fields": {
        "name": "Can change doctor detail",
        "content_type": 20,
        "codename": "change_doctordetail"
      }
    },
    {
      "model": "auth.permission",
      "pk": 79,
      "fields": {
        "name": "Can delete doctor detail",
        "content_type": 20,
        "codename": "delete_doctordetail"
      }
    },
    {
      "model": "auth.permission",
      "pk": 80,
      "fields": {
        "name": "Can view doctor detail",
        "content_type": 20,
        "codename": "view_doctordetail"
      }
    },
    {
      "model": "auth.permission",
      "pk": 81,
      "fields": {
        "name": "Can add illness",
        "content_type": 21,
        "codename": "add_illness"
      }
    },
    {
      "model": "auth.permission",
      "pk": 82,
      "fields": {
        "name": "Can change illness",
        "content_type": 21,
        "codename": "change_illness"
      }
    },
    {
      "model": "auth.permission",
      "pk": 83,
      "fields": {
        "name": "Can delete illness",
        "content_type": 21,
        "codename": "delete_illness"
      }
    },
    {
      "model": "auth.permission",
      "pk": 84,
      "fields": {
        "name": "Can view illness",
        "content_type": 21,
        "codename": "view_illness"
      }
    },
    {
      "model": "auth.permission",
      "pk": 85,
      "fields": {
        "name": "Can add illness note",
        "content_type": 22,
        "codename": "add_illnessnote"
      }
    },
    {
      "model": "auth.permission",
      "pk": 86,
      "fields": {
        "name": "Can change illness note",
        "content_type": 22,
        "codename": "change_illnessnote"
      }
    },
    {
      "model": "auth.permission",
      "pk": 87,
      "fields": {
        "name": "Can delete illness note",
        "content_type": 22,
        "codename": "delete_illnessnote"
      }
    },
    {
      "model": "auth.permission",
      "pk": 88,
      "fields": {
        "name": "Can view illness note",
        "content_type": 22,
        "codename": "view_illnessnote"
      }
    },
    {
      "model": "auth.permission",
      "pk": 89,
      "fields": {
        "name": "Can add illness treatment",
        "content_type": 23,
        "codename": "add_illnesstreatment"
      }
    },
    {
      "model": "auth.permission",
      "pk": 90,
      "fields": {
        "name": "Can change illness treatment",
        "content_type": 23,
        "codename": "change_illnesstreatment"
      }
    },
    {
      "model": "auth.permission",
      "pk": 91,
      "fields": {
        "name": "Can delete illness treatment",
        "content_type": 23,
        "codename": "delete_illnesstreatment"
      }
    },
    {
      "model": "auth.permission",
      "pk": 92,
      "fields": {
        "name": "Can view illness treatment",
        "content_type": 23,
        "codename": "view_illnesstreatment"
      }
    },
    {
      "model": "auth.permission",
      "pk": 93,
      "fields": {
        "name": "Can add models",
        "content_type": 24,
        "codename": "add_models"
      }
    },
    {
      "model": "auth.permission",
      "pk": 94,
      "fields": {
        "name": "Can change models",
        "content_type": 24,
        "codename": "change_models"
      }
    },
    {
      "model": "auth.permission",
      "pk": 95,
      "fields": {
        "name": "Can delete models",
        "content_type": 24,
        "codename": "delete_models"
      }
    },
    {
      "model": "auth.permission",
      "pk": 96,
      "fields": {
        "name": "Can view models",
        "content_type": 24,
        "codename": "view_models"
      }
    },
    {
      "model": "auth.permission",
      "pk": 97,
      "fields": {
        "name": "Can add model log",
        "content_type": 25,
        "codename": "add_modellog"
      }
    },
    {
      "model": "auth.permission",
      "pk": 98,
      "fields": {
        "name": "Can change model log",
        "content_type": 25,
        "codename": "change_modellog"
      }
    },
    {
      "model": "auth.permission",
      "pk": 99,
      "fields": {
        "name": "Can delete model log",
        "content_type": 25,
        "codename": "delete_modellog"
      }
    },
    {
      "model": "auth.permission",
      "pk": 100,
      "fields": {
        "name": "Can view model log",
        "content_type": 25,
        "codename": "view_modellog"
      }
    },
    {
      "model": "auth.permission",
      "pk": 101,
      "fields": {
        "name": "Can add site",
        "content_type": 26,
        "codename": "add_site"
      }
    },
    {
      "model": "auth.permission",
      "pk": 102,
      "fields": {
        "name": "Can change site",
        "content_type": 26,
        "codename": "change_site"
      }
    },
    {
      "model": "auth.permission",
      "pk": 103,
      "fields": {
        "name": "Can delete site",
        "content_type": 26,
        "codename": "delete_site"
      }
    },
    {
      "model": "auth.permission",
      "pk": 104,
      "fields": {
        "name": "Can view site",
        "content_type": 26,
        "codename": "view_site"
      }
    },
    {
      "model": "contenttypes.contenttype",
      "pk": 1,
      "fields": {
        "app_label": "auth",
        "model": "permission"
      }
    },
    {
      "model": "contenttypes.contenttype",
      "pk": 2,
      "fields": {
        "app_label": "auth",
        "model": "group"
      }
    },
    {
      "model": "contenttypes.contenttype",
      "pk": 3,
      "fields": {
        "app_label": "contenttypes",
        "model": "contenttype"
      }
    },
    {
      "model": "contenttypes.contenttype",
      "pk": 4,
      "fields": {
        "app_label": "users",
        "model": "department"
      }
    },
    {
      "model": "contenttypes.contenttype",
      "pk": 5,
      "fields": {
        "app_label": "users",
        "model": "user"
      }
    },
    {
      "model": "contenttypes.contenttype",
      "pk": 6,
      "fields": {
        "app_label": "account",
        "model": "emailaddress"
      }
    },
    {
      "model": "contenttypes.contenttype",
      "pk": 7,
      "fields": {
        "app_label": "account",
        "model": "emailconfirmation"
      }
    },
    {
      "model": "contenttypes.contenttype",
      "pk": 8,
      "fields": {
        "app_label": "admin",
        "model": "logentry"
      }
    },
    {
      "model": "contenttypes.contenttype",
      "pk": 9,
      "fields": {
        "app_label": "sessions",
        "model": "session"
      }
    },
    {
      "model": "contenttypes.contenttype",
      "pk": 10,
      "fields": {
        "app_label": "bed",
        "model": "ambulansya"
      }
    },
    {
      "model": "contenttypes.contenttype",
      "pk": 11,
      "fields": {
        "app_label": "bed",
        "model": "bedstat"
      }
    },
    {
      "model": "contenttypes.contenttype",
      "pk": 12,
      "fields": {
        "app_label": "bed",
        "model": "wheelchair"
      }
    },
    {
      "model": "contenttypes.contenttype",
      "pk": 13,
      "fields": {
        "app_label": "administrator",
        "model": "datachangelog"
      }
    },
    {
      "model": "contenttypes.contenttype",
      "pk": 14,
      "fields": {
        "app_label": "administrator",
        "model": "log"
      }
    },
    {
      "model": "contenttypes.contenttype",
      "pk": 15,
      "fields": {
        "app_label": "inventory",
        "model": "inventorydetail"
      }
    },
    {
      "model": "contenttypes.contenttype",
      "pk": 16,
      "fields": {
        "app_label": "inventory",
        "model": "quantityhistory"
      }
    },
    {
      "model": "contenttypes.contenttype",
      "pk": 17,
      "fields": {
        "app_label": "blood",
        "model": "bloodpressure"
      }
    },
    {
      "model": "contenttypes.contenttype",
      "pk": 18,
      "fields": {
        "app_label": "treatment",
        "model": "category"
      }
    },
    {
      "model": "contenttypes.contenttype",
      "pk": 19,
      "fields": {
        "app_label": "treatment",
        "model": "certificate"
      }
    },
    {
      "model": "contenttypes.contenttype",
      "pk": 20,
      "fields": {
        "app_label": "treatment",
        "model": "doctordetail"
      }
    },
    {
      "model": "contenttypes.contenttype",
      "pk": 21,
      "fields": {
        "app_label": "treatment",
        "model": "illness"
      }
    },
    {
      "model": "contenttypes.contenttype",
      "pk": 22,
      "fields": {
        "app_label": "treatment",
        "model": "illnessnote"
      }
    },
    {
      "model": "contenttypes.contenttype",
      "pk": 23,
      "fields": {
        "app_label": "treatment",
        "model": "illnesstreatment"
      }
    },
    {
      "model": "contenttypes.contenttype",
      "pk": 24,
      "fields": {
        "app_label": "trained_models",
        "model": "models"
      }
    },
    {
      "model": "contenttypes.contenttype",
      "pk": 25,
      "fields": {
        "app_label": "trained_models",
        "model": "modellog"
      }
    },
    {
      "model": "contenttypes.contenttype",
      "pk": 26,
      "fields": {
        "app_label": "sites",
        "model": "site"
      }
    },
    {
      "model": "sessions.session",
      "pk": "utr7n1i25i5sl8ve3u9i1swtp0hlqgd2",
      "fields": {
        "session_data": ".eJxVjEEOwiAQRe_C2hCGgUpduvcMZBhAqgaS0q6Md7dNutDte-__t_C0LsWvPc1-iuIiQJx-WSB-prqL-KB6b5JbXeYpyD2Rh-3y1mJ6XY_276BQL9saEwMg5zSwRnM2Y4ikcVTKBKNcihFyNkh6QOvAMWQymJ0LlgDshsTnC965N2A:1t5L57:B6yEJGLy0lOl5KGmNc_ZoRh1mjz1GNn-rtdOo-8rIvI",
        "expire_date": "2024-11-11T08:26:33.665Z"
      }
    },
    {
      "model": "users.department",
      "pk": 1,
      "fields": {
        "department": "Graduate"
      }
    },
    {
      "model": "users.department",
      "pk": 2,
      "fields": {
        "department": "Law"
      }
    },
    {
      "model": "users.department",
      "pk": 3,
      "fields": {
        "department": "CAS"
      }
    },
    {
      "model": "users.department",
      "pk": 4,
      "fields": {
        "department": "CBS"
      }
    },
    {
      "model": "users.department",
      "pk": 5,
      "fields": {
        "department": "CCS"
      }
    },
    {
      "model": "users.department",
      "pk": 6,
      "fields": {
        "department": "COE"
      }
    },
    {
      "model": "users.department",
      "pk": 7,
      "fields": {
        "department": "CEA"
      }
    },
    {
      "model": "users.department",
      "pk": 8,
      "fields": {
        "department": "CHTM"
      }
    },
    {
      "model": "users.department",
      "pk": 9,
      "fields": {
        "department": "CIT"
      }
    },
    {
      "model": "users.department",
      "pk": 10,
      "fields": {
        "department": "CSSP"
      }
    },
    {
      "model": "users.user",
      "pk": 1,
      "fields": {
        "password": "pbkdf2_sha256$720000$sKB7ufUbjVrM4Kffj30X6v$gPCzT/Tc+LJdzRMLazwlaqapzK/VPyy6DX0uXDfXrxg=",
        "last_login": "2024-10-28T08:26:33.652Z",
        "is_superuser": true,
        "is_staff": true,
        "is_active": true,
        "first_name": null,
        "last_name": null,
        "email": "bercasiocharles14@gmail.com",
        "contact": null,
        "profile": "user_profiles/fallback.png",
        "year": null,
        "section": null,
        "program": null,
        "department": null,
        "access": 4,
        "DOB": null,
        "sex": null,
        "blood_type": null,
        "height": null,
        "weight": null,
        "date_joined": "2024-06-27T16:09:03.481Z",
        "groups": [],
        "user_permissions": []
      }
    },
    {
      "model": "users.user",
      "pk": 2,
      "fields": {
        "password": "Three news hundred win. Full hot sound since analysis street society.",
        "last_login": "2009-12-03T16:49:02.609Z",
        "is_superuser": true,
        "is_staff": false,
        "is_active": true,
        "first_name": "Heather",
        "last_name": "Collins",
        "email": "jeremy52@example.com",
        "contact": "North series prevent attention third natural. Together value quickly.",
        "profile": "user_profiles/fallback.png",
        "year": 14191,
        "section": "Mention.",
        "program": "Treatment rich peace west. Four property computer here north cost animal.\nChurch wife everything build example act. Particular early become ability.\nDrug him piece see my. Type to source growth continue of. Garden avoid heavy behavior how huge.",
        "department": null,
        "access": 1,
        "DOB": "1986-09-29",
        "sex": "Congress program.",
        "blood_type": "Make top language.",
        "height": -23311,
        "weight": -22014,
        "date_joined": "2002-04-09T05:44:29.292Z",
        "groups": [],
        "user_permissions": []
      }
    },
    {
      "model": "users.user",
      "pk": 3,
      "fields": {
        "password": "Coach director Mrs prove girl activity boy guy. Then history measure enter page Democrat former.",
        "last_login": "1996-02-22T14:20:51.303Z",
        "is_superuser": true,
        "is_staff": true,
        "is_active": true,
        "first_name": "Maria",
        "last_name": "Hess",
        "email": "evan13@example.org",
        "contact": "Type like involve writer it ready. Run understand provide take nearly establish to upon.",
        "profile": "user_profiles/fallback.png",
        "year": -24830,
        "section": "Wrong.",
        "program": "Similar cut four create around its at. Point hope check somebody decade. New story Mrs health institution.\nJob consider power administration score describe tend. Bank hope involve treatment rock community energy.",
        "department": null,
        "access": 1,
        "DOB": "2014-04-04",
        "sex": "My garden home.",
        "blood_type": "Tonight respond.",
        "height": -18430,
        "weight": 19344,
        "date_joined": "1991-04-28T23:44:16.135Z",
        "groups": [],
        "user_permissions": []
      }
    },
    {
      "model": "users.user",
      "pk": 4,
      "fields": {
        "password": "While program effect green only score energy. For like campaign style important.",
        "last_login": "2018-09-21T20:10:59.456Z",
        "is_superuser": true,
        "is_staff": false,
        "is_active": true,
        "first_name": "Cheryl",
        "last_name": "Galloway",
        "email": "martinezgregory@example.org",
        "contact": "Pull data role believe science talk represent. Relationship moment choice affect.",
        "profile": "user_profiles/fallback.png",
        "year": -10782,
        "section": "Have.",
        "program": "Effort leader measure thus form. Somebody politics trouble at yourself similar player. Cover chance ok consider explain fire.\nThem ahead understand food drop their actually. Leg right continue movement. Question consider cover college.",
        "department": null,
        "access": 1,
        "DOB": "2011-06-01",
        "sex": "Against result.",
        "blood_type": "Wait cold section.",
        "height": -32674,
        "weight": -30570,
        "date_joined": "2014-05-12T16:44:02.737Z",
        "groups": [],
        "user_permissions": []
      }
    },
    {
      "model": "users.user",
      "pk": 5,
      "fields": {
        "password": "Nearly late fly beat plan. Pretty effect meeting prevent TV receive night.",
        "last_login": "2007-12-13T19:42:03.442Z",
        "is_superuser": false,
        "is_staff": false,
        "is_active": true,
        "first_name": "Danielle",
        "last_name": "Shea",
        "email": "stuartanne@example.org",
        "contact": "Impact quality true anything church table. May wonder growth really to. Wind our commercial out.",
        "profile": "user_profiles/fallback.png",
        "year": -11100,
        "section": "Bed.",
        "program": "Source indeed summer officer investment level. Instead hour character.\nSea option worker growth. Meet know Democrat car poor.\nSign strong back wear member technology. Thousand leader late such series. Mission situation tree.",
        "department": null,
        "access": 1,
        "DOB": "1980-04-01",
        "sex": "Might arm car gas.",
        "blood_type": "Range suffer.",
        "height": 1718,
        "weight": -24974,
        "date_joined": "2012-01-21T19:47:09.577Z",
        "groups": [],
        "user_permissions": []
      }
    },
    {
      "model": "users.user",
      "pk": 6,
      "fields": {
        "password": "For hour particular reason staff development point. A interest PM least. Along national much toward.",
        "last_login": "1978-02-03T21:54:50.691Z",
        "is_superuser": true,
        "is_staff": false,
        "is_active": true,
        "first_name": "Olivia",
        "last_name": "Carroll",
        "email": "nriddle@example.org",
        "contact": "Art certain send state. Loss land individual teach professor particular focus.",
        "profile": "user_profiles/fallback.png",
        "year": 3416,
        "section": "Follow.",
        "program": "Walk without where population west place pressure. Often current present democratic listen state.\nStation moment memory method attorney laugh commercial. Opportunity side increase growth. Action focus project talk early imagine security soon.",
        "department": null,
        "access": 1,
        "DOB": "2009-09-20",
        "sex": "Letter about.",
        "blood_type": "Own where store.",
        "height": -27532,
        "weight": 25827,
        "date_joined": "2024-06-16T21:20:26.423Z",
        "groups": [],
        "user_permissions": []
      }
    },
    {
      "model": "users.user",
      "pk": 7,
      "fields": {
        "password": "Western together certainly because probably grow behind father. Congress politics start smile.",
        "last_login": "1993-07-05T09:48:29.486Z",
        "is_superuser": true,
        "is_staff": false,
        "is_active": true,
        "first_name": "David",
        "last_name": "Trevino",
        "email": "nbryant@example.com",
        "contact": "Thing yet possible option. For he bad special. Four suddenly benefit later civil husband.",
        "profile": "user_profiles/fallback.png",
        "year": -22111,
        "section": "Color.",
        "program": "Radio send start third wish sense chance.\nLeave candidate service name. Plan sense dinner middle help.\nResult whole away attack. See audience free others child catch. Best part image station claim.",
        "department": null,
        "access": 1,
        "DOB": "1990-11-21",
        "sex": "Deep among do.",
        "blood_type": "And imagine your.",
        "height": -23793,
        "weight": 455,
        "date_joined": "1971-06-27T13:50:34.882Z",
        "groups": [],
        "user_permissions": []
      }
    },
    {
      "model": "users.user",
      "pk": 8,
      "fields": {
        "password": "Woman house executive several. Condition rise music into interview.",
        "last_login": "1992-01-26T20:48:08.734Z",
        "is_superuser": false,
        "is_staff": true,
        "is_active": true,
        "first_name": "Anita",
        "last_name": "Anderson",
        "email": "tmason@example.com",
        "contact": "Rock management word because system. Recent newspaper war fish various.",
        "profile": "user_profiles/fallback.png",
        "year": 2486,
        "section": "Sea pay.",
        "program": "Use star officer floor decide. Special boy himself own sing around.\nFour prevent program. Nature follow rock he. Word life budget hotel.",
        "department": null,
        "access": 1,
        "DOB": "1976-09-14",
        "sex": "All science kitchen.",
        "blood_type": "Direction I fight.",
        "height": -18083,
        "weight": 3754,
        "date_joined": "2005-01-12T03:53:28.326Z",
        "groups": [],
        "user_permissions": []
      }
    },
    {
      "model": "users.user",
      "pk": 9,
      "fields": {
        "password": "Job affect claim realize president. Rest personal report. Parent never participant role body speak culture.",
        "last_login": "1999-10-02T00:15:29.582Z",
        "is_superuser": false,
        "is_staff": false,
        "is_active": true,
        "first_name": "Christine",
        "last_name": "Newton",
        "email": "leslie65@example.com",
        "contact": "Eat official mother. Name leader note large order response not.",
        "profile": "user_profiles/fallback.png",
        "year": 29312,
        "section": "Mother.",
        "program": "Remember almost turn itself. Miss fight idea fear change spring leave.\nNor behavior across want property. Different affect bank.\nGovernment stop hot stay. Performance recent traditional hair year style.\nWho quickly miss member town view stock.",
        "department": null,
        "access": 1,
        "DOB": "1987-05-08",
        "sex": "Would miss away.",
        "blood_type": "Entire language.",
        "height": 3135,
        "weight": -10660,
        "date_joined": "2004-11-08T15:12:58.132Z",
        "groups": [],
        "user_permissions": []
      }
    },
    {
      "model": "users.user",
      "pk": 10,
      "fields": {
        "password": "Arm bad although focus policy development I. Policy order continue face age. Ball toward mouth officer.",
        "last_login": "2010-02-03T07:01:29.166Z",
        "is_superuser": false,
        "is_staff": true,
        "is_active": true,
        "first_name": "Vanessa",
        "last_name": "Schmidt",
        "email": "halldouglas@example.net",
        "contact": "Moment population nearly likely community item laugh. Soon body model they someone ever throw.",
        "profile": "user_profiles/fallback.png",
        "year": -21609,
        "section": "Rule fly.",
        "program": "Writer born when have purpose home kid. Develop can look worry late.\nOpportunity reason support trade debate mother. Explain relationship party report administration why low behavior.\nSimilar address turn. Third per end capital lawyer indicate how learn.",
        "department": null,
        "access": 1,
        "DOB": "1985-10-17",
        "sex": "Option thus so well.",
        "blood_type": "Everybody financial.",
        "height": -3981,
        "weight": 19578,
        "date_joined": "1983-07-06T15:52:35.272Z",
        "groups": [],
        "user_permissions": []
      }
    },
    {
      "model": "users.user",
      "pk": 11,
      "fields": {
        "password": "Civil discuss institution. Fast voice significant small hard unit chance you.",
        "last_login": "1984-02-08T21:58:16.552Z",
        "is_superuser": false,
        "is_staff": false,
        "is_active": true,
        "first_name": "Christopher",
        "last_name": "Harrison",
        "email": "timothy29@example.com",
        "contact": "Through race Mrs vote skill billion. Rich thousand more trade. Bring reveal nature read.",
        "profile": "user_profiles/fallback.png",
        "year": 1964,
        "section": "Focus.",
        "program": "Wall food parent tree occur identify. Simply person attention music week service drug. Base mission red knowledge.\nNetwork successful star effect condition own. Coach much chair represent suddenly.",
        "department": null,
        "access": 1,
        "DOB": "2010-03-11",
        "sex": "In democratic apply.",
        "blood_type": "Skill capital gun.",
        "height": 9314,
        "weight": 30060,
        "date_joined": "1986-07-31T15:07:44.262Z",
        "groups": [],
        "user_permissions": []
      }
    },
    {
      "model": "inventory.inventorydetail",
      "pk": 1,
      "fields": {
        "item_no": 1696,
        "unit": "Cover community can hundred admit notice.",
        "item_name": "Year career son. Worry perhaps music change decade once above.",
        "category": "Medicine",
        "description": "Scene recent plan seem. Various wall sell image produce sport during response.",
        "expiration_date": "2023-11-14",
        "added_by": null
      }
    },
    {
      "model": "inventory.inventorydetail",
      "pk": 2,
      "fields": {
        "item_no": 6407,
        "unit": "Maybe bill base major region eight.",
        "item_name": "Treat practice owner outside whole coach foot. Bag reduce mission newspaper official either.",
        "category": "Medicine",
        "description": "Heavy type event with economic. That hospital middle magazine. Skill under pretty effect those.",
        "expiration_date": "1971-07-16",
        "added_by": null
      }
    },
    {
      "model": "inventory.inventorydetail",
      "pk": 3,
      "fields": {
        "item_no": 16925,
        "unit": "Husband she himself system behind tax.",
        "item_name": "Line sound until process yeah for. Career try evening continue tell. Will yard evening lot federal.",
        "category": "Medicine",
        "description": "Side person business want herself for. Door pull hair little. Lead really player success Congress student produce.",
        "expiration_date": "1997-02-22",
        "added_by": null
      }
    },
    {
      "model": "inventory.inventorydetail",
      "pk": 4,
      "fields": {
        "item_no": -22781,
        "unit": "Carry I ever college discuss feeling well.",
        "item_name": "Hard can minute ground. No bed even at hundred one method arrive.",
        "category": "Medicine",
        "description": "Family usually evidence. Employee item address drug.\nHope class newspaper. Dark friend response study party quickly nice pretty. Field still join by.",
        "expiration_date": "1981-05-11",
        "added_by": null
      }
    },
    {
      "model": "inventory.inventorydetail",
      "pk": 5,
      "fields": {
        "item_no": -10343,
        "unit": "Early while red dinner raise region.",
        "item_name": "Treat situation fill prepare probably market. To environment large year physical.",
        "category": "Medicine",
        "description": "Serious card share oil Democrat. Long suffer administration there. Show TV record when. Executive animal good suggest morning.",
        "expiration_date": "1988-05-08",
        "added_by": null
      }
    },
    {
      "model": "inventory.inventorydetail",
      "pk": 6,
      "fields": {
        "item_no": -8937,
        "unit": "Play choice always change.",
        "item_name": "Factor carry interesting southern service early compare. Himself president we concern.",
        "category": "Medicine",
        "description": "Born wait six recently. Describe expect strong baby experience. Product issue current or idea hold.\nSpace television PM throw approach past wind build. Space hold stock statement standard free.",
        "expiration_date": "2000-05-17",
        "added_by": null
      }
    },
    {
      "model": "inventory.inventorydetail",
      "pk": 7,
      "fields": {
        "item_no": 1122,
        "unit": "Father sister any or. Recognize ever PM detail.",
        "item_name": "Program former method different. Tree option matter technology identify.",
        "category": "Medicine",
        "description": "Mention energy political example information step. Understand enjoy child rock.\nWind within mean oil. Travel data finally security either. Activity personal force current.",
        "expiration_date": "2016-05-10",
        "added_by": null
      }
    },
    {
      "model": "inventory.inventorydetail",
      "pk": 8,
      "fields": {
        "item_no": -28580,
        "unit": "The institution value. If bed cold top.",
        "item_name": "Window help see dog. But friend consumer. Turn feeling well commercial weight positive.",
        "category": "Medicine",
        "description": "Road reflect want artist method.\nSeat pay alone career. Kind summer hospital still.\nBelieve significant image deal memory money. Something answer draw. Assume last pass operation.",
        "expiration_date": "1993-12-03",
        "added_by": null
      }
    },
    {
      "model": "inventory.inventorydetail",
      "pk": 9,
      "fields": {
        "item_no": -24895,
        "unit": "Employee suffer watch determine you.",
        "item_name": "Nothing all participant draw voice.",
        "category": "Medicine",
        "description": "Ask mother within be care school laugh discuss. Degree professional opportunity generation remember. From maybe section ground should real investment.",
        "expiration_date": "1987-04-02",
        "added_by": null
      }
    },
    {
      "model": "inventory.inventorydetail",
      "pk": 10,
      "fields": {
        "item_no": 10915,
        "unit": "Pay turn respond concern.",
        "item_name": "Heart level kid because. Shoulder six suddenly simply soldier raise.",
        "category": "Medicine",
        "description": "Personal factor medical sometimes trouble leave. Tv girl your minute benefit remain hold.\nSister small hour voice. Plant police according man medical will.",
        "expiration_date": "2023-04-25",
        "added_by": null
      }
    },
    {
      "model": "treatment.doctordetail",
      "pk": 1,
      "fields": {
        "doctor": 6,
        "time_avail_start": "12:30:11",
        "time_avail_end": "11:51:57",
        "avail": true
      }
    },
    {
      "model": "treatment.doctordetail",
      "pk": 2,
      "fields": {
        "doctor": 10,
        "time_avail_start": "01:39:57",
        "time_avail_end": "18:33:22",
        "avail": true
      }
    },
    {
      "model": "treatment.doctordetail",
      "pk": 3,
      "fields": {
        "doctor": 11,
        "time_avail_start": "09:20:25",
        "time_avail_end": "20:56:29",
        "avail": true
      }
    },
    {
      "model": "treatment.doctordetail",
      "pk": 4,
      "fields": {
        "doctor": 2,
        "time_avail_start": "23:23:54",
        "time_avail_end": "09:36:49",
        "avail": true
      }
    },
    {
      "model": "treatment.doctordetail",
      "pk": 5,
      "fields": {
        "doctor": 2,
        "time_avail_start": "11:00:45",
        "time_avail_end": "04:34:41",
        "avail": true
      }
    },
    {
      "model": "treatment.doctordetail",
      "pk": 6,
      "fields": {
        "doctor": 5,
        "time_avail_start": "03:00:22",
        "time_avail_end": "22:50:48",
        "avail": true
      }
    },
    {
      "model": "treatment.doctordetail",
      "pk": 7,
      "fields": {
        "doctor": 7,
        "time_avail_start": "01:23:45",
        "time_avail_end": "11:41:33",
        "avail": true
      }
    },
    {
      "model": "treatment.doctordetail",
      "pk": 8,
      "fields": {
        "doctor": 5,
        "time_avail_start": "22:27:26",
        "time_avail_end": "03:11:51",
        "avail": true
      }
    },
    {
      "model": "treatment.doctordetail",
      "pk": 9,
      "fields": {
        "doctor": 8,
        "time_avail_start": "10:59:13",
        "time_avail_end": "09:33:58",
        "avail": true
      }
    },
    {
      "model": "treatment.doctordetail",
      "pk": 10,
      "fields": {
        "doctor": 6,
        "time_avail_start": "16:35:59",
        "time_avail_end": "18:45:06",
        "avail": true
      }
    },
    {
      "model": "treatment.category",
      "pk": 4,
      "fields": {
        "category": "Alimentary System",
        "description": "The alimentary system, also known as the digestive system, is responsible for the ingestion, digestion, absorption, and elimination of food and nutrients. It consists of a series of organs and glands that work together to break down food into smaller molecules, which can be absorbed into the bloodstream and utilized by the body.",
        "added": "2024-10-07T12:19:39.788Z",
        "updated": "2024-10-07T07:56:46.140Z"
      }
    },
    {
      "model": "treatment.category",
      "pk": 5,
      "fields": {
        "category": "Respiratory System",
        "description": "The respiratory system is responsible for supplying oxygen to the body's tissues and removing carbon dioxide, a waste product of cellular metabolism. It allows the exchange of gases between the body and the environment, which is essential for life.",
        "added": "2024-10-07T12:19:02.672Z",
        "updated": "2024-10-07T07:56:58.521Z"
      }
    },
    {
      "model": "treatment.category",
      "pk": 6,
      "fields": {
        "category": "Musculo-skeletal System",
        "description": "The musculoskeletal system provides structure, support, and movement to the human body. It is composed of bones, muscles, cartilage, tendons, ligaments, and other connective tissues. Together, these components work to protect vital organs, allow mobility, and maintain posture.",
        "added": "2024-10-07T12:18:33.880Z",
        "updated": "2024-10-07T07:57:14.897Z"
      }
    },
    {
      "model": "treatment.category",
      "pk": 7,
      "fields": {
        "category": "Integumentary System",
        "description": "The integumentary system is the body’s outer covering and its largest organ system, primarily responsible for protecting the body from external damage, regulating body temperature, and providing sensory information. It consists of the skin, hair, nails, glands, and associated structures.",
        "added": "2024-10-07T12:18:04.485Z",
        "updated": "2024-10-07T07:58:18.546Z"
      }
    },
    {
      "model": "treatment.category",
      "pk": 8,
      "fields": {
        "category": "Urinary System",
        "description": "The urinary system (also known as the renal system) is responsible for producing, storing, and eliminating urine, as well as maintaining the body's balance of water, salts, and other substances. It plays a crucial role in filtering waste products from the blood and regulating fluid and electrolyte levels.",
        "added": "2024-10-07T12:17:26.768Z",
        "updated": "2024-10-07T07:58:30.385Z"
      }
    },
    {
      "model": "treatment.category",
      "pk": 9,
      "fields": {
        "category": "Metabolic Endocrine Disorder",
        "description": "Metabolic endocrine disorders are conditions that arise when the endocrine system, which regulates hormones and metabolism, becomes imbalanced or dysfunctional. These disorders affect how the body processes nutrients and produces energy.",
        "added": "2024-10-07T12:16:57.588Z",
        "updated": "2024-10-07T08:00:18.615Z"
      }
    },
    {
      "model": "treatment.category",
      "pk": 10,
      "fields": {
        "category": "Cardiovascular System",
        "description": "The cardiovascular system (also known as the circulatory system) is responsible for transporting blood, nutrients, oxygen, carbon dioxide, and hormones throughout the body.",
        "added": "2024-10-07T12:16:16.405Z",
        "updated": "2024-10-07T08:00:32.777Z"
      }
    },
    {
      "model": "treatment.category",
      "pk": 11,
      "fields": {
        "category": "Eyes, Ears, Nose and Throat Disorders",
        "description": "Eyes, Ears, Nose, and Throat (EENT) disorders refer to a wide range of conditions that affect these sensory and functional organs, often handled by an otolaryngologist or ENT specialist.",
        "added": "2024-10-07T12:15:46.504Z",
        "updated": "2024-10-07T08:00:52.947Z"
      }
    },
    {
      "model": "treatment.category",
      "pk": 12,
      "fields": {
        "category": "Communicable Diseases",
        "description": "Communicable diseases, also known as infectious diseases, are illnesses that are caused by bacteria or viruses and spread through contact with contaminated surfaces, bodily fluids, or the air.",
        "added": "2024-10-07T11:55:14.714Z",
        "updated": "2024-10-07T08:01:01.623Z"
      }
    },
    {
      "model": "treatment.category",
      "pk": 13,
      "fields": {
        "category": "Blood Disorder",
        "description": "A blood disorder is a condition that affects the blood's ability to function, and can be caused by a number of factors: blood cell levels, blood clotting, inherited, and other causes.",
        "added": "2024-10-07T11:54:37.669Z",
        "updated": "2024-10-07T08:01:14.982Z"
      }
    },
    {
      "model": "treatment.category",
      "pk": 14,
      "fields": {
        "category": "Neurological Disorder",
        "description": "Neurological Disorders are disorders that affect the brain as well as the nerves found throughout the human body and the spinal cord.",
        "added": "2024-10-07T11:43:02.909Z",
        "updated": "2024-10-07T08:01:30.411Z"
      }
    },
    {
      "model": "treatment.category",
      "pk": 15,
      "fields": {
        "category": "OB-Gyne Cases",
        "description": "Cases affecting women and their babies during pregnancy and childbirth.",
        "added": "2024-10-07T11:42:01.343Z",
        "updated": "2024-10-07T08:01:38.536Z"
      }
    },
    {
      "model": "treatment.category",
      "pk": 16,
      "fields": {
        "category": "Pick sign skill open four range stand. Organizatio",
        "description": "Relationship hold participant catch amount number. Actually provide under exactly skill help. Trial nice analysis deep first spring.",
        "added": "2002-05-02T17:14:57.903Z",
        "updated": "2019-06-21T19:28:54.823Z"
      }
    },
    {
      "model": "treatment.category",
      "pk": 17,
      "fields": {
        "category": "Store car weight. Face wear trade today eight. Tax",
        "description": "Raise thus raise option understand high. Yes most foot happen news you.\nItem coach late my high your they.\nEight smile popular set. Apply dark bank reveal professional music.",
        "added": "1994-07-18T07:34:58.147Z",
        "updated": "2018-01-30T21:49:13.571Z"
      }
    },
    {
      "model": "treatment.category",
      "pk": 18,
      "fields": {
        "category": "My college while find certainly table. Trade decis",
        "description": "Run herself way door paper somebody control. Research institution guess.",
        "added": "1971-06-06T06:42:46.855Z",
        "updated": "1987-07-30T08:48:47.645Z"
      }
    },
    {
      "model": "treatment.category",
      "pk": 19,
      "fields": {
        "category": "Say budget mouth. Coach ever true especially examp",
        "description": "Year consumer half policy any thus economy. Stand evening newspaper else huge everybody continue. Husband make increase learn detail north writer.",
        "added": "1989-11-18T09:11:59.925Z",
        "updated": "1981-10-18T15:21:02.832Z"
      }
    },
    {
      "model": "treatment.category",
      "pk": 20,
      "fields": {
        "category": "Appear themselves author. Feel difference manager ",
        "description": "Check let international prevent. Republican rule so seat peace case data. Fact million energy.\nApproach sound sell. Race season he study throw.",
        "added": "2019-08-11T11:02:52.276Z",
        "updated": "1980-09-15T14:13:43.624Z"
      }
    },
    {
      "model": "treatment.category",
      "pk": 21,
      "fields": {
        "category": "High end him ago. They front camera major number. ",
        "description": "Likely treat still parent ago stage. Serious ever although reduce front.\nLook institution subject throw but include order. Sister clearly decade student ever like color traditional.",
        "added": "1998-09-27T08:34:52.661Z",
        "updated": "2002-10-09T02:58:17.821Z"
      }
    },
    {
      "model": "treatment.category",
      "pk": 22,
      "fields": {
        "category": "Appear still agent sense minute.\nHistory brother p",
        "description": "Serious story turn able garden we. Culture home film of religious individual them commercial. Various short window water left third phone.",
        "added": "2024-06-14T20:02:00.632Z",
        "updated": "1987-09-15T16:14:40.242Z"
      }
    },
    {
      "model": "treatment.category",
      "pk": 23,
      "fields": {
        "category": "Assume bed five writer something thus. Score eveni",
        "description": "Anything place produce weight. Available institution water structure hair.",
        "added": "1996-09-15T21:16:00.395Z",
        "updated": "1998-10-18T06:29:06.932Z"
      }
    },
    {
      "model": "treatment.category",
      "pk": 24,
      "fields": {
        "category": "Month of painting our smile increase. Artist treat",
        "description": "House organization rock production. Sense free music give happy either particular. Arrive baby less them color drive.",
        "added": "2006-11-02T18:14:12.899Z",
        "updated": "1970-07-13T17:59:47.500Z"
      }
    },
    {
      "model": "treatment.category",
      "pk": 25,
      "fields": {
        "category": "Tend control account cold physical eat project. In",
        "description": "Also official after message arrive. Rate daughter return food this forget.\nDiscussion year media along. Ask teach leg series sound.\nPlace mission challenge talk. Local candidate keep wide.",
        "added": "1996-08-31T07:25:35.975Z",
        "updated": "2019-04-01T08:08:30.827Z"
      }
    },
    {
      "model": "treatment.illness",
      "pk": 1,
      "fields": {
        "patient": 8,
        "issue": "Perform what rate performance hundred should. Series his culture. Nature that discover physical property majority agency.\nPass marriage wrong strong. Nature knowledge source car court security.",
        "illness_category": 18,
        "staff": 8,
        "doctor": 3,
        "added": "1988-05-26T12:38:15.712Z",
        "updated": "2014-10-30T15:35:33.749Z",
        "diagnosis": "Contain difficult prove clearly resource. Response everyone work avoid. Audience in effort drop both much why.\nSite upon put way throughout. Probably now into. Food situation party. Seek scene unit."
      }
    },
    {
      "model": "treatment.illness",
      "pk": 2,
      "fields": {
        "patient": 10,
        "issue": "Shake process just manager current. Either carry sound.\nEdge understand present say understand. Important others charge organization another.",
        "illness_category": 23,
        "staff": 4,
        "doctor": 10,
        "added": "1974-12-07T15:45:36.590Z",
        "updated": "2021-10-29T04:54:39.619Z",
        "diagnosis": "Hour onto beyond property black. Physical hotel machine want green husband. Reduce most top than.\nHear why born Democrat agent theory fine. Pay sure capital drug along listen."
      }
    },
    {
      "model": "treatment.illness",
      "pk": 3,
      "fields": {
        "patient": 7,
        "issue": "Partner magazine capital serve. Trouble clearly star avoid draw stuff. Standard seven not floor.\nBest hope second modern activity serve institution. Each stop fall soon owner.\nTelevision buy of safe.",
        "illness_category": 24,
        "staff": 11,
        "doctor": 9,
        "added": "1984-08-31T11:00:30.620Z",
        "updated": "1994-06-15T17:05:08.018Z",
        "diagnosis": "Some expert deal data author again product. Clear according side smile main father. Heart consumer national daughter start affect green popular."
      }
    },
    {
      "model": "treatment.illness",
      "pk": 4,
      "fields": {
        "patient": 4,
        "issue": "Find knowledge decision practice. How so message throughout crime purpose executive.\nBed available it seem anyone. Sea natural two plant word hotel.",
        "illness_category": 22,
        "staff": 10,
        "doctor": 11,
        "added": "1977-10-30T15:54:13.508Z",
        "updated": "2004-08-13T18:21:20.979Z",
        "diagnosis": "Most his better. Step worry able himself.\nLearn during arrive score thousand candidate difference. Take attack it worker. As something seat daughter hand go mission."
      }
    },
    {
      "model": "treatment.illness",
      "pk": 5,
      "fields": {
        "patient": 3,
        "issue": "Civil course put right cost second ten. Successful nature left open camera employee. Green believe ground.\nRecently force resource head wide I another.",
        "illness_category": 20,
        "staff": 5,
        "doctor": 9,
        "added": "1978-11-23T11:49:05.572Z",
        "updated": "2020-02-24T16:19:17.007Z",
        "diagnosis": "Yeah get really claim stage sell administration. Nature not certainly second. Community something all occur responsibility risk anything."
      }
    },
    {
      "model": "treatment.illness",
      "pk": 6,
      "fields": {
        "patient": 5,
        "issue": "Play major generation southern. Agency central myself. Road free through feel brother field action.\nStill care entire deal wear. Red up contain pattern protect.",
        "illness_category": 20,
        "staff": 6,
        "doctor": 6,
        "added": "1991-10-15T18:22:11.913Z",
        "updated": "1975-12-27T23:14:56.986Z",
        "diagnosis": "Only keep own south medical include. Only election perhaps nature at since choice eye. Mission similar become wish.\nHour matter kid prepare. Order future morning inside black particularly production."
      }
    },
    {
      "model": "treatment.illness",
      "pk": 7,
      "fields": {
        "patient": 10,
        "issue": "Indicate science newspaper goal. Use business vote good painting her whom.\nDiscuss hotel sea foot Republican. Would information machine remain specific month more.",
        "illness_category": 16,
        "staff": 11,
        "doctor": 7,
        "added": "2010-08-07T06:33:15.314Z",
        "updated": "1994-02-03T06:22:44.483Z",
        "diagnosis": "Yet seven shoulder all. Else collection door act not reveal. Hour force well bar seat sense individual site. Into animal key range."
      }
    },
    {
      "model": "treatment.illness",
      "pk": 8,
      "fields": {
        "patient": 5,
        "issue": "Point lead four worker fire. Trade sell film threat else another walk. Space under become happen face piece. Involve institution weight poor why dark.",
        "illness_category": 15,
        "staff": 3,
        "doctor": 3,
        "added": "2024-04-17T23:08:55.102Z",
        "updated": "2024-10-28T08:31:02.682Z",
        "diagnosis": "Station score development recognize lawyer world. Thing fund away month lawyer."
      }
    },
    {
      "model": "treatment.illness",
      "pk": 9,
      "fields": {
        "patient": 10,
        "issue": "Skill well concern rest trouble receive provide. Growth strong radio behavior never.",
        "illness_category": 18,
        "staff": 8,
        "doctor": 5,
        "added": "2004-04-06T15:44:42.195Z",
        "updated": "2018-06-28T02:07:48.778Z",
        "diagnosis": "Rule keep trouble security beautiful wish ten. Agency young deal out live happy successful. Mission miss be change just either bag."
      }
    },
    {
      "model": "treatment.illness",
      "pk": 10,
      "fields": {
        "patient": 6,
        "issue": "Boy other class plant board. Back job question especially. Talk near security break major smile.\nClear future enter carry still. Product minute skill feeling.",
        "illness_category": 24,
        "staff": 6,
        "doctor": 10,
        "added": "1983-12-17T08:46:44.438Z",
        "updated": "1997-01-02T21:11:25.084Z",
        "diagnosis": "Three gun break science race usually material. Rule understand better director quality red impact rest."
      }
    },
    {
      "model": "treatment.illnesstreatment",
      "pk": 1,
      "fields": {
        "illness": 1,
        "inventory_detail": 10,
        "quantity": null
      }
    },
    {
      "model": "treatment.illnesstreatment",
      "pk": 2,
      "fields": {
        "illness": 1,
        "inventory_detail": 7,
        "quantity": null
      }
    },
    {
      "model": "treatment.illnesstreatment",
      "pk": 3,
      "fields": {
        "illness": 2,
        "inventory_detail": 5,
        "quantity": null
      }
    },
    {
      "model": "treatment.illnesstreatment",
      "pk": 4,
      "fields": {
        "illness": 2,
        "inventory_detail": 7,
        "quantity": null
      }
    },
    {
      "model": "treatment.illnesstreatment",
      "pk": 5,
      "fields": {
        "illness": 2,
        "inventory_detail": 9,
        "quantity": null
      }
    },
    {
      "model": "treatment.illnesstreatment",
      "pk": 6,
      "fields": {
        "illness": 3,
        "inventory_detail": 5,
        "quantity": null
      }
    },
    {
      "model": "treatment.illnesstreatment",
      "pk": 7,
      "fields": {
        "illness": 4,
        "inventory_detail": 1,
        "quantity": null
      }
    },
    {
      "model": "treatment.illnesstreatment",
      "pk": 8,
      "fields": {
        "illness": 4,
        "inventory_detail": 2,
        "quantity": null
      }
    },
    {
      "model": "treatment.illnesstreatment",
      "pk": 9,
      "fields": {
        "illness": 4,
        "inventory_detail": 10,
        "quantity": null
      }
    },
    {
      "model": "treatment.illnesstreatment",
      "pk": 10,
      "fields": {
        "illness": 5,
        "inventory_detail": 5,
        "quantity": null
      }
    },
    {
      "model": "treatment.illnesstreatment",
      "pk": 11,
      "fields": {
        "illness": 5,
        "inventory_detail": 1,
        "quantity": null
      }
    },
    {
      "model": "treatment.illnesstreatment",
      "pk": 12,
      "fields": {
        "illness": 6,
        "inventory_detail": 1,
        "quantity": null
      }
    },
    {
      "model": "treatment.illnesstreatment",
      "pk": 13,
      "fields": {
        "illness": 7,
        "inventory_detail": 6,
        "quantity": null
      }
    },
    {
      "model": "treatment.illnesstreatment",
      "pk": 14,
      "fields": {
        "illness": 7,
        "inventory_detail": 7,
        "quantity": null
      }
    },
    {
      "model": "treatment.illnesstreatment",
      "pk": 15,
      "fields": {
        "illness": 8,
        "inventory_detail": 5,
        "quantity": null
      }
    },
    {
      "model": "treatment.illnesstreatment",
      "pk": 16,
      "fields": {
        "illness": 9,
        "inventory_detail": 2,
        "quantity": null
      }
    },
    {
      "model": "treatment.illnesstreatment",
      "pk": 17,
      "fields": {
        "illness": 9,
        "inventory_detail": 9,
        "quantity": null
      }
    },
    {
      "model": "treatment.illnesstreatment",
      "pk": 18,
      "fields": {
        "illness": 10,
        "inventory_detail": 10,
        "quantity": null
      }
    },
    {
      "model": "treatment.illnesstreatment",
      "pk": 19,
      "fields": {
        "illness": 7,
        "inventory_detail": 10,
        "quantity": -16821
      }
    },
    {
      "model": "treatment.illnesstreatment",
      "pk": 20,
      "fields": {
        "illness": 1,
        "inventory_detail": 8,
        "quantity": -16813
      }
    },
    {
      "model": "treatment.illnesstreatment",
      "pk": 21,
      "fields": {
        "illness": 7,
        "inventory_detail": 5,
        "quantity": 14022
      }
    },
    {
      "model": "treatment.illnesstreatment",
      "pk": 22,
      "fields": {
        "illness": 8,
        "inventory_detail": 2,
        "quantity": 29428
      }
    },
    {
      "model": "treatment.illnesstreatment",
      "pk": 23,
      "fields": {
        "illness": 3,
        "inventory_detail": 2,
        "quantity": -32457
      }
    },
    {
      "model": "treatment.illnesstreatment",
      "pk": 24,
      "fields": {
        "illness": 4,
        "inventory_detail": 9,
        "quantity": -14761
      }
    },
    {
      "model": "treatment.illnesstreatment",
      "pk": 25,
      "fields": {
        "illness": 9,
        "inventory_detail": 5,
        "quantity": 4255
      }
    },
    {
      "model": "treatment.illnesstreatment",
      "pk": 26,
      "fields": {
        "illness": 7,
        "inventory_detail": 7,
        "quantity": 27180
      }
    },
    {
      "model": "treatment.illnesstreatment",
      "pk": 27,
      "fields": {
        "illness": 2,
        "inventory_detail": 5,
        "quantity": -7471
      }
    },
    {
      "model": "treatment.illnesstreatment",
      "pk": 28,
      "fields": {
        "illness": 10,
        "inventory_detail": 1,
        "quantity": -4499
      }
    },
    {
      "model": "treatment.certificate",
      "pk": 1,
      "fields": {
        "patient": 11,
        "purpose": "Claim story choice yourself medical forget often sell. Red management specific reason story fire. Ten free discussion building office.\nSoon arm collection executive include who big.",
        "requested": "2020-09-02T13:05:34.733Z",
        "is_ready": true,
        "released": true
      }
    },
    {
      "model": "treatment.certificate",
      "pk": 2,
      "fields": {
        "patient": 5,
        "purpose": "Big finish somebody various rock heart. Popular thank blue society just. Explain defense chance why inside. Person Congress clear.",
        "requested": "1994-11-14T12:10:16.825Z",
        "is_ready": false,
        "released": false
      }
    },
    {
      "model": "treatment.certificate",
      "pk": 3,
      "fields": {
        "patient": 9,
        "purpose": "Clear mother former up firm heavy. Who month site significant follow page ever through. Result improve yes firm heavy sense. Experience also only many official.",
        "requested": "1997-08-17T17:34:15.181Z",
        "is_ready": true,
        "released": true
      }
    },
    {
      "model": "treatment.certificate",
      "pk": 4,
      "fields": {
        "patient": 3,
        "purpose": "Huge most reality land set necessary food. Mouth traditional important trip cold air.\nStation trade board strategy federal for. As much not.",
        "requested": "1978-08-06T06:45:56.899Z",
        "is_ready": true,
        "released": false
      }
    },
    {
      "model": "treatment.certificate",
      "pk": 5,
      "fields": {
        "patient": 7,
        "purpose": "Reveal job political between hotel buy. Key response sense allow. Same individual state left two beautiful.",
        "requested": "1972-08-23T00:22:00.818Z",
        "is_ready": true,
        "released": true
      }
    },
    {
      "model": "treatment.certificate",
      "pk": 6,
      "fields": {
        "patient": 11,
        "purpose": "After social fund. Will summer early dog fish himself size great. Growth performance model step about security lot.",
        "requested": "2012-12-14T04:18:36.993Z",
        "is_ready": true,
        "released": true
      }
    },
    {
      "model": "treatment.certificate",
      "pk": 7,
      "fields": {
        "patient": 6,
        "purpose": "Citizen actually thank the population section. Kitchen mean remain next.",
        "requested": "1993-02-11T09:52:53.661Z",
        "is_ready": false,
        "released": false
      }
    },
    {
      "model": "treatment.certificate",
      "pk": 8,
      "fields": {
        "patient": 11,
        "purpose": "Age daughter level page material herself whether tend.\nCollege join movie church notice share. Research area boy financial today whose. Eye option general she word pull.",
        "requested": "2017-05-20T01:35:50.404Z",
        "is_ready": true,
        "released": false
      }
    },
    {
      "model": "treatment.certificate",
      "pk": 9,
      "fields": {
        "patient": 6,
        "purpose": "Similar raise PM consumer be significant spend. Way hold power who. Tend writer investment mention sense occur now. Worry skill hotel small question assume.",
        "requested": "1991-09-12T10:23:36.795Z",
        "is_ready": true,
        "released": false
      }
    },
    {
      "model": "treatment.certificate",
      "pk": 10,
      "fields": {
        "patient": 3,
        "purpose": "Change else knowledge executive experience else.\nFood sense instead share although building bring. How always admit federal important.",
        "requested": "1977-08-17T14:07:42.408Z",
        "is_ready": false,
        "released": true
      }
    },
    {
      "model": "treatment.illnessnote",
      "pk": 1,
      "fields": {
        "patient": 10,
        "attached_to": 2,
        "notes": "Task radio place charge. Write rest voice response operation.\nNeed food debate strategy choose capital. Against visit throughout detail clear summer. Growth perform fall where measure.",
        "noted_by": 5,
        "timestamp": "1996-01-04T13:28:38.357Z",
        "updated": "1980-04-26T06:12:32.778Z"
      }
    },
    {
      "model": "treatment.illnessnote",
      "pk": 2,
      "fields": {
        "patient": 11,
        "attached_to": 4,
        "notes": "Fact kind since finally. Yourself social east process let thousand oil. Miss prevent up student surface activity eight. State pass most.",
        "noted_by": 4,
        "timestamp": "2023-02-18T09:50:22.320Z",
        "updated": "2018-11-27T19:32:28.372Z"
      }
    },
    {
      "model": "treatment.illnessnote",
      "pk": 3,
      "fields": {
        "patient": 7,
        "attached_to": 10,
        "notes": "Picture begin base ago politics build. Quite special part allow cell arm. Some according team until clear. Mission form keep.\nAddress stop method dream special.",
        "noted_by": 5,
        "timestamp": "1978-08-06T14:21:03.888Z",
        "updated": "1978-06-26T07:58:34.336Z"
      }
    },
    {
      "model": "treatment.illnessnote",
      "pk": 4,
      "fields": {
        "patient": 11,
        "attached_to": 1,
        "notes": "Natural night authority of management fast federal. Prepare responsibility decade prepare. Ball similar however film space record billion.\nLay important even keep. Fine authority be none eight.",
        "noted_by": 2,
        "timestamp": "2000-01-28T17:45:29.664Z",
        "updated": "1978-02-25T20:24:13.408Z"
      }
    },
    {
      "model": "treatment.illnessnote",
      "pk": 5,
      "fields": {
        "patient": 3,
        "attached_to": 9,
        "notes": "Hand should whom scientist fast. Impact plant same process sure see.\nOfficial hour him fish help voice. Wish stock across yes.",
        "noted_by": 4,
        "timestamp": "1971-11-05T13:57:21.690Z",
        "updated": "2014-05-21T23:39:47.286Z"
      }
    },
    {
      "model": "treatment.illnessnote",
      "pk": 6,
      "fields": {
        "patient": 9,
        "attached_to": 2,
        "notes": "Family face cultural east others without stand. For cultural will nearly part room state speak. Daughter contain well analysis power.",
        "noted_by": 10,
        "timestamp": "2022-03-17T18:26:03.353Z",
        "updated": "2018-08-30T13:00:26.561Z"
      }
    },
    {
      "model": "treatment.illnessnote",
      "pk": 7,
      "fields": {
        "patient": 6,
        "attached_to": 2,
        "notes": "Offer how recent specific style. Young question assume Mrs view growth. Lot perform laugh article house.",
        "noted_by": 8,
        "timestamp": "2012-04-14T17:53:02.443Z",
        "updated": "1992-02-20T16:19:53.105Z"
      }
    },
    {
      "model": "treatment.illnessnote",
      "pk": 8,
      "fields": {
        "patient": 10,
        "attached_to": 6,
        "notes": "Company dream last either thus. Significant this could. Visit attorney model pay.",
        "noted_by": 8,
        "timestamp": "2006-03-19T02:34:52.891Z",
        "updated": "2001-07-26T08:03:50.033Z"
      }
    },
    {
      "model": "treatment.illnessnote",
      "pk": 9,
      "fields": {
        "patient": 5,
        "attached_to": 10,
        "notes": "International new energy money mention color shake. Watch old firm hit decide side four.\nHigh stuff television blue eye push. Arrive reduce rule.\nCourt well author Mrs tend front.",
        "noted_by": 8,
        "timestamp": "2024-04-20T07:04:32.814Z",
        "updated": "1974-03-05T11:13:02.701Z"
      }
    },
    {
      "model": "treatment.illnessnote",
      "pk": 10,
      "fields": {
        "patient": 11,
        "attached_to": 8,
        "notes": "Take effort market sort common charge result. Easy kid statement suffer local concern under. Trade so team trouble. Reflect popular any difficult wear begin.",
        "noted_by": 10,
        "timestamp": "1996-10-31T18:42:13.240Z",
        "updated": "1997-01-03T16:47:59.044Z"
      }
    },
    {
      "model": "trained_models.models",
      "pk": 1,
      "fields": {
        "model_file": "",
        "time_added": "2024-10-28T08:26:12.941Z",
        "model_name": "diagnosis_predictor"
      }
    },
    {
      "model": "trained_models.modellog",
      "pk": 1,
      "fields": {
        "model_name": 1,
        "update_time": "2024-10-28T08:26:12.983Z"
      }
    }
  ]
