[{"model": "admin.logentry", "pk": 1, "fields": {"action_time": "2024-09-21T14:28:05.969Z", "user": 2, "content_type": 7, "object_id": "2", "object_repr": "2 : bercasiocharles14@gmail.com", "action_flag": 2, "change_message": "[{\"changed\": {\"fields\": [\"Access\"]}}]"}}, {"model": "admin.logentry", "pk": 2, "fields": {"action_time": "2024-09-21T14:38:15.937Z", "user": 2, "content_type": 7, "object_id": "2", "object_repr": "2 : bercasiocharles14@gmail.com", "action_flag": 2, "change_message": "[{\"changed\": {\"fields\": [\"Access\"]}}]"}}, {"model": "admin.logentry", "pk": 3, "fields": {"action_time": "2024-09-21T14:39:31.664Z", "user": 2, "content_type": 7, "object_id": "2", "object_repr": "2 : bercasiocharles14@gmail.com", "action_flag": 2, "change_message": "[{\"changed\": {\"fields\": [\"Access\"]}}]"}}, {"model": "admin.logentry", "pk": 4, "fields": {"action_time": "2024-09-22T01:14:39.769Z", "user": 2, "content_type": 7, "object_id": "2", "object_repr": "2 : bercasiocharles14@gmail.com", "action_flag": 2, "change_message": "[{\"changed\": {\"fields\": [\"Access\"]}}]"}}, {"model": "admin.logentry", "pk": 5, "fields": {"action_time": "2024-09-22T10:33:00.977Z", "user": 2, "content_type": 7, "object_id": "2", "object_repr": "2 : bercasiocharles14@gmail.com", "action_flag": 2, "change_message": "[{\"changed\": {\"fields\": [\"Access\"]}}]"}}, {"model": "admin.logentry", "pk": 6, "fields": {"action_time": "2024-09-22T12:15:42.373Z", "user": 2, "content_type": 7, "object_id": "6", "object_repr": "6 : whitedaniel@example.net", "action_flag": 2, "change_message": "[{\"changed\": {\"fields\": [\"Contact\", \"Year\", \"Section\", \"Program\", \"Sex\", \"Blood type\", \"Height\", \"Weight\"]}}]"}}, {"model": "admin.logentry", "pk": 7, "fields": {"action_time": "2024-09-22T12:16:31.554Z", "user": 2, "content_type": 14, "object_id": "10", "object_repr": "Alimentary System", "action_flag": 2, "change_message": "[{\"changed\": {\"fields\": [\"Category\"]}}]"}}, {"model": "admin.logentry", "pk": 8, "fields": {"action_time": "2024-09-22T12:16:33.697Z", "user": 2, "content_type": 14, "object_id": "10", "object_repr": "Alimentary System", "action_flag": 2, "change_message": "[]"}}, {"model": "admin.logentry", "pk": 9, "fields": {"action_time": "2024-09-22T12:16:45.590Z", "user": 2, "content_type": 14, "object_id": "9", "object_repr": "Respiratory System", "action_flag": 2, "change_message": "[{\"changed\": {\"fields\": [\"Category\"]}}]"}}, {"model": "admin.logentry", "pk": 10, "fields": {"action_time": "2024-09-22T12:16:58.440Z", "user": 2, "content_type": 14, "object_id": "8", "object_repr": "Musculo-skeletal System", "action_flag": 2, "change_message": "[{\"changed\": {\"fields\": [\"Category\"]}}]"}}, {"model": "admin.logentry", "pk": 11, "fields": {"action_time": "2024-09-22T12:17:17.946Z", "user": 2, "content_type": 14, "object_id": "7", "object_repr": "Intergumentary System", "action_flag": 2, "change_message": "[{\"changed\": {\"fields\": [\"Category\"]}}]"}}, {"model": "admin.logentry", "pk": 12, "fields": {"action_time": "2024-09-22T12:17:33.332Z", "user": 2, "content_type": 14, "object_id": "6", "object_repr": "Urinary System", "action_flag": 2, "change_message": "[{\"changed\": {\"fields\": [\"Category\"]}}]"}}, {"model": "admin.logentry", "pk": 13, "fields": {"action_time": "2024-09-22T12:17:57.497Z", "user": 2, "content_type": 14, "object_id": "5", "object_repr": "Metabolic Endocrine System", "action_flag": 2, "change_message": "[{\"changed\": {\"fields\": [\"Category\"]}}]"}}, {"model": "admin.logentry", "pk": 14, "fields": {"action_time": "2024-09-22T12:18:18.211Z", "user": 2, "content_type": 14, "object_id": "4", "object_repr": "Cardiovascular System", "action_flag": 2, "change_message": "[{\"changed\": {\"fields\": [\"Category\"]}}]"}}, {"model": "admin.logentry", "pk": 15, "fields": {"action_time": "2024-09-22T12:18:44.709Z", "user": 2, "content_type": 14, "object_id": "3", "object_repr": "Eyes, Ears, Nose, Throat Disorders", "action_flag": 2, "change_message": "[{\"changed\": {\"fields\": [\"Category\"]}}]"}}, {"model": "admin.logentry", "pk": 16, "fields": {"action_time": "2024-09-22T12:19:10.060Z", "user": 2, "content_type": 14, "object_id": "2", "object_repr": "Communicable Disease", "action_flag": 2, "change_message": "[{\"changed\": {\"fields\": [\"Category\"]}}]"}}, {"model": "admin.logentry", "pk": 17, "fields": {"action_time": "2024-09-22T12:19:23.818Z", "user": 2, "content_type": 14, "object_id": "1", "object_repr": "Blood Disorders", "action_flag": 2, "change_message": "[{\"changed\": {\"fields\": [\"Category\"]}}]"}}, {"model": "admin.logentry", "pk": 18, "fields": {"action_time": "2024-09-22T12:19:54.523Z", "user": 2, "content_type": 14, "object_id": "11", "object_repr": "Neurological  Disorders", "action_flag": 1, "change_message": "[{\"added\": {}}]"}}, {"model": "admin.logentry", "pk": 19, "fields": {"action_time": "2024-09-22T12:20:04.423Z", "user": 2, "content_type": 14, "object_id": "12", "object_repr": "Blood Disorders", "action_flag": 1, "change_message": "[{\"added\": {}}]"}}, {"model": "admin.logentry", "pk": 20, "fields": {"action_time": "2024-09-22T12:20:41.978Z", "user": 2, "content_type": 14, "object_id": "12", "object_repr": "OB-Gyne Cases", "action_flag": 2, "change_message": "[{\"changed\": {\"fields\": [\"Category\"]}}]"}}, {"model": "admin.logentry", "pk": 21, "fields": {"action_time": "2024-09-22T12:22:15.855Z", "user": 2, "content_type": 15, "object_id": "7", "object_repr": "9 : xstrickland@example.com on 2015-07-22 13:20:39.424838+00:00", "action_flag": 2, "change_message": "[{\"changed\": {\"fields\": [\"Purpose\"]}}]"}}, {"model": "admin.logentry", "pk": 22, "fields": {"action_time": "2024-09-22T12:22:26.988Z", "user": 2, "content_type": 15, "object_id": "8", "object_repr": "5 : justinhunt@example.net on 2013-04-10 09:32:55.275109+00:00", "action_flag": 2, "change_message": "[{\"changed\": {\"fields\": [\"Purpose\"]}}]"}}, {"model": "admin.logentry", "pk": 23, "fields": {"action_time": "2024-09-22T12:22:44.938Z", "user": 2, "content_type": 15, "object_id": "4", "object_repr": "4 : eperez@example.org on 2011-04-05 18:09:02.862835+00:00", "action_flag": 2, "change_message": "[{\"changed\": {\"fields\": [\"Purpose\"]}}]"}}, {"model": "admin.logentry", "pk": 24, "fields": {"action_time": "2024-09-22T12:22:50.169Z", "user": 2, "content_type": 15, "object_id": "2", "object_repr": "6 : whitedaniel@example.net on 2010-07-24 10:15:47.620615+00:00", "action_flag": 2, "change_message": "[{\"changed\": {\"fields\": [\"Purpose\"]}}]"}}, {"model": "admin.logentry", "pk": 25, "fields": {"action_time": "2024-09-22T12:22:55.665Z", "user": 2, "content_type": 15, "object_id": "9", "object_repr": "10 : brandonlandry@example.net on 2004-10-24 05:56:58.379927+00:00", "action_flag": 2, "change_message": "[{\"changed\": {\"fields\": [\"Purpose\"]}}]"}}, {"model": "admin.logentry", "pk": 26, "fields": {"action_time": "2024-09-22T12:23:01.089Z", "user": 2, "content_type": 15, "object_id": "8", "object_repr": "5 : justinhunt@example.net on 2013-04-10 09:32:55.275109+00:00", "action_flag": 2, "change_message": "[]"}}, {"model": "admin.logentry", "pk": 27, "fields": {"action_time": "2024-09-22T12:23:05.395Z", "user": 2, "content_type": 15, "object_id": "1", "object_repr": "6 : whitedaniel@example.net on 1985-10-06 16:34:44.864201+00:00", "action_flag": 2, "change_message": "[{\"changed\": {\"fields\": [\"Purpose\"]}}]"}}, {"model": "admin.logentry", "pk": 28, "fields": {"action_time": "2024-09-22T12:23:16.172Z", "user": 2, "content_type": 15, "object_id": "3", "object_repr": "8 : scott67@example.org on 1975-02-22 09:05:58.093141+00:00", "action_flag": 2, "change_message": "[{\"changed\": {\"fields\": [\"Purpose\"]}}]"}}, {"model": "admin.logentry", "pk": 29, "fields": {"action_time": "2024-09-22T12:23:43.398Z", "user": 2, "content_type": 15, "object_id": "5", "object_repr": "10 : brandonlandry@example.net on 1987-11-13 09:20:10.534275+00:00", "action_flag": 2, "change_message": "[{\"changed\": {\"fields\": [\"Purpose\"]}}]"}}, {"model": "admin.logentry", "pk": 30, "fields": {"action_time": "2024-09-22T12:24:11.927Z", "user": 2, "content_type": 15, "object_id": "10", "object_repr": "12 : jamesreed@example.com on 2008-02-03 03:43:48.628034+00:00", "action_flag": 2, "change_message": "[{\"changed\": {\"fields\": [\"Purpose\"]}}]"}}, {"model": "admin.logentry", "pk": 31, "fields": {"action_time": "2024-09-22T12:25:03.934Z", "user": 2, "content_type": 15, "object_id": "6", "object_repr": "10 : brandonlandry@example.net on 1996-11-08 01:11:55.664251+00:00", "action_flag": 2, "change_message": "[{\"changed\": {\"fields\": [\"Purpose\"]}}]"}}, {"model": "admin.logentry", "pk": 32, "fields": {"action_time": "2024-09-22T12:25:17.959Z", "user": 2, "content_type": 15, "object_id": "8", "object_repr": "5 : justinhunt@example.net on 2013-04-10 09:32:55.275109+00:00", "action_flag": 2, "change_message": "[{\"changed\": {\"fields\": [\"Is ready\", \"Released\"]}}]"}}, {"model": "admin.logentry", "pk": 33, "fields": {"action_time": "2024-09-22T12:26:17.987Z", "user": 2, "content_type": 16, "object_id": "10", "object_repr": "Doctor: cford@example.net, Available: True", "action_flag": 2, "change_message": "[]"}}, {"model": "admin.logentry", "pk": 34, "fields": {"action_time": "2024-09-22T12:26:30.974Z", "user": 2, "content_type": 7, "object_id": "7", "object_repr": "7 : cford@example.net", "action_flag": 2, "change_message": "[{\"changed\": {\"fields\": [\"Program\", \"Access\"]}}]"}}, {"model": "admin.logentry", "pk": 35, "fields": {"action_time": "2024-09-22T12:26:58.823Z", "user": 2, "content_type": 16, "object_id": "8", "object_repr": "Doctor: cford@example.net, Available: True", "action_flag": 3, "change_message": ""}}, {"model": "admin.logentry", "pk": 36, "fields": {"action_time": "2024-09-22T12:26:58.836Z", "user": 2, "content_type": 16, "object_id": "7", "object_repr": "Doctor: cford@example.net, Available: True", "action_flag": 3, "change_message": ""}}, {"model": "admin.logentry", "pk": 37, "fields": {"action_time": "2024-09-22T12:28:07.969Z", "user": 2, "content_type": 6, "object_id": "2", "object_repr": "College of Education", "action_flag": 1, "change_message": "[{\"added\": {}}]"}}, {"model": "admin.logentry", "pk": 38, "fields": {"action_time": "2024-09-22T12:29:40.738Z", "user": 2, "content_type": 6, "object_id": "3", "object_repr": "College of Architecture and Engineering", "action_flag": 1, "change_message": "[{\"added\": {}}]"}}, {"model": "admin.logentry", "pk": 39, "fields": {"action_time": "2024-09-22T12:29:57.439Z", "user": 2, "content_type": 6, "object_id": "4", "object_repr": "Laboratory High School", "action_flag": 1, "change_message": "[{\"added\": {}}]"}}, {"model": "admin.logentry", "pk": 40, "fields": {"action_time": "2024-09-22T12:30:36.220Z", "user": 2, "content_type": 6, "object_id": "5", "object_repr": "College of Business Studies", "action_flag": 1, "change_message": "[{\"added\": {}}]"}}, {"model": "admin.logentry", "pk": 41, "fields": {"action_time": "2024-09-22T12:30:51.510Z", "user": 2, "content_type": 6, "object_id": "6", "object_repr": "College of Art and Sciences", "action_flag": 1, "change_message": "[{\"added\": {}}]"}}, {"model": "admin.logentry", "pk": 42, "fields": {"action_time": "2024-09-22T12:31:14.394Z", "user": 2, "content_type": 6, "object_id": "7", "object_repr": "College of Hospitality and Tourism Management", "action_flag": 1, "change_message": "[{\"added\": {}}]"}}, {"model": "admin.logentry", "pk": 43, "fields": {"action_time": "2024-09-22T12:31:37.315Z", "user": 2, "content_type": 6, "object_id": "8", "object_repr": "College of Industrial Technology", "action_flag": 1, "change_message": "[{\"added\": {}}]"}}, {"model": "admin.logentry", "pk": 44, "fields": {"action_time": "2024-09-22T12:31:49.871Z", "user": 2, "content_type": 6, "object_id": "9", "object_repr": "School of Law", "action_flag": 1, "change_message": "[{\"added\": {}}]"}}, {"model": "admin.logentry", "pk": 45, "fields": {"action_time": "2024-09-22T12:32:06.500Z", "user": 2, "content_type": 6, "object_id": "10", "object_repr": "Faculty", "action_flag": 1, "change_message": "[{\"added\": {}}]"}}, {"model": "admin.logentry", "pk": 46, "fields": {"action_time": "2024-09-22T12:32:17.847Z", "user": 2, "content_type": 6, "object_id": "11", "object_repr": "Graduate Studies", "action_flag": 1, "change_message": "[{\"added\": {}}]"}}, {"model": "admin.logentry", "pk": 47, "fields": {"action_time": "2024-09-22T12:33:02.349Z", "user": 2, "content_type": 6, "object_id": "12", "object_repr": "Non-Teaching Staff", "action_flag": 1, "change_message": "[{\"added\": {}}]"}}, {"model": "admin.logentry", "pk": 48, "fields": {"action_time": "2024-09-22T12:33:31.053Z", "user": 2, "content_type": 7, "object_id": "6", "object_repr": "6 : whitedaniel@example.net", "action_flag": 2, "change_message": "[{\"changed\": {\"fields\": [\"Department\"]}}]"}}, {"model": "admin.logentry", "pk": 49, "fields": {"action_time": "2024-09-22T12:35:18.157Z", "user": 2, "content_type": 7, "object_id": "5", "object_repr": "5 : justinhunt@example.net", "action_flag": 2, "change_message": "[{\"changed\": {\"fields\": [\"Program\", \"Department\"]}}]"}}, {"model": "admin.logentry", "pk": 50, "fields": {"action_time": "2024-09-22T12:35:29.103Z", "user": 2, "content_type": 7, "object_id": "7", "object_repr": "7 : cford@example.net", "action_flag": 2, "change_message": "[{\"changed\": {\"fields\": [\"Department\"]}}]"}}, {"model": "admin.logentry", "pk": 51, "fields": {"action_time": "2024-09-22T12:35:41.286Z", "user": 2, "content_type": 7, "object_id": "8", "object_repr": "8 : scott67@example.org", "action_flag": 2, "change_message": "[{\"changed\": {\"fields\": [\"Program\", \"Department\"]}}]"}}, {"model": "admin.logentry", "pk": 52, "fields": {"action_time": "2024-09-22T12:36:33.594Z", "user": 2, "content_type": 17, "object_id": "1", "object_repr": "1 : 2021305504@dhvsu.edu.ph - Masakit puson niya", "action_flag": 2, "change_message": "[{\"changed\": {\"fields\": [\"Illness category\"]}}]"}}, {"model": "admin.logentry", "pk": 53, "fields": {"action_time": "2024-09-22T12:36:45.364Z", "user": 2, "content_type": 17, "object_id": "6", "object_repr": "10 : brandonlandry@example.net - Travel official rich need. Mes", "action_flag": 2, "change_message": "[{\"changed\": {\"fields\": [\"Issue\", \"Diagnosis\"]}}]"}}, {"model": "auth.permission", "pk": 1, "fields": {"name": "Can add log entry", "content_type": 1, "codename": "add_logentry"}}, {"model": "auth.permission", "pk": 2, "fields": {"name": "Can change log entry", "content_type": 1, "codename": "change_logentry"}}, {"model": "auth.permission", "pk": 3, "fields": {"name": "Can delete log entry", "content_type": 1, "codename": "delete_logentry"}}, {"model": "auth.permission", "pk": 4, "fields": {"name": "Can view log entry", "content_type": 1, "codename": "view_logentry"}}, {"model": "auth.permission", "pk": 5, "fields": {"name": "Can add permission", "content_type": 2, "codename": "add_permission"}}, {"model": "auth.permission", "pk": 6, "fields": {"name": "Can change permission", "content_type": 2, "codename": "change_permission"}}, {"model": "auth.permission", "pk": 7, "fields": {"name": "Can delete permission", "content_type": 2, "codename": "delete_permission"}}, {"model": "auth.permission", "pk": 8, "fields": {"name": "Can view permission", "content_type": 2, "codename": "view_permission"}}, {"model": "auth.permission", "pk": 9, "fields": {"name": "Can add group", "content_type": 3, "codename": "add_group"}}, {"model": "auth.permission", "pk": 10, "fields": {"name": "Can change group", "content_type": 3, "codename": "change_group"}}, {"model": "auth.permission", "pk": 11, "fields": {"name": "Can delete group", "content_type": 3, "codename": "delete_group"}}, {"model": "auth.permission", "pk": 12, "fields": {"name": "Can view group", "content_type": 3, "codename": "view_group"}}, {"model": "auth.permission", "pk": 13, "fields": {"name": "Can add content type", "content_type": 4, "codename": "add_contenttype"}}, {"model": "auth.permission", "pk": 14, "fields": {"name": "Can change content type", "content_type": 4, "codename": "change_contenttype"}}, {"model": "auth.permission", "pk": 15, "fields": {"name": "Can delete content type", "content_type": 4, "codename": "delete_contenttype"}}, {"model": "auth.permission", "pk": 16, "fields": {"name": "Can view content type", "content_type": 4, "codename": "view_contenttype"}}, {"model": "auth.permission", "pk": 17, "fields": {"name": "Can add session", "content_type": 5, "codename": "add_session"}}, {"model": "auth.permission", "pk": 18, "fields": {"name": "Can change session", "content_type": 5, "codename": "change_session"}}, {"model": "auth.permission", "pk": 19, "fields": {"name": "Can delete session", "content_type": 5, "codename": "delete_session"}}, {"model": "auth.permission", "pk": 20, "fields": {"name": "Can view session", "content_type": 5, "codename": "view_session"}}, {"model": "auth.permission", "pk": 21, "fields": {"name": "Can add department", "content_type": 6, "codename": "add_department"}}, {"model": "auth.permission", "pk": 22, "fields": {"name": "Can change department", "content_type": 6, "codename": "change_department"}}, {"model": "auth.permission", "pk": 23, "fields": {"name": "Can delete department", "content_type": 6, "codename": "delete_department"}}, {"model": "auth.permission", "pk": 24, "fields": {"name": "Can view department", "content_type": 6, "codename": "view_department"}}, {"model": "auth.permission", "pk": 25, "fields": {"name": "Can add user", "content_type": 7, "codename": "add_user"}}, {"model": "auth.permission", "pk": 26, "fields": {"name": "Can change user", "content_type": 7, "codename": "change_user"}}, {"model": "auth.permission", "pk": 27, "fields": {"name": "Can delete user", "content_type": 7, "codename": "delete_user"}}, {"model": "auth.permission", "pk": 28, "fields": {"name": "Can view user", "content_type": 7, "codename": "view_user"}}, {"model": "auth.permission", "pk": 29, "fields": {"name": "Can add bed stat", "content_type": 8, "codename": "add_bedstat"}}, {"model": "auth.permission", "pk": 30, "fields": {"name": "Can change bed stat", "content_type": 8, "codename": "change_bedstat"}}, {"model": "auth.permission", "pk": 31, "fields": {"name": "Can delete bed stat", "content_type": 8, "codename": "delete_bedstat"}}, {"model": "auth.permission", "pk": 32, "fields": {"name": "Can view bed stat", "content_type": 8, "codename": "view_bedstat"}}, {"model": "auth.permission", "pk": 33, "fields": {"name": "Can add data change log", "content_type": 9, "codename": "add_datachangelog"}}, {"model": "auth.permission", "pk": 34, "fields": {"name": "Can change data change log", "content_type": 9, "codename": "change_datachangelog"}}, {"model": "auth.permission", "pk": 35, "fields": {"name": "Can delete data change log", "content_type": 9, "codename": "delete_datachangelog"}}, {"model": "auth.permission", "pk": 36, "fields": {"name": "Can view data change log", "content_type": 9, "codename": "view_datachangelog"}}, {"model": "auth.permission", "pk": 37, "fields": {"name": "Can add log", "content_type": 10, "codename": "add_log"}}, {"model": "auth.permission", "pk": 38, "fields": {"name": "Can change log", "content_type": 10, "codename": "change_log"}}, {"model": "auth.permission", "pk": 39, "fields": {"name": "Can delete log", "content_type": 10, "codename": "delete_log"}}, {"model": "auth.permission", "pk": 40, "fields": {"name": "Can view log", "content_type": 10, "codename": "view_log"}}, {"model": "auth.permission", "pk": 41, "fields": {"name": "Can add inventory detail", "content_type": 11, "codename": "add_inventorydetail"}}, {"model": "auth.permission", "pk": 42, "fields": {"name": "Can change inventory detail", "content_type": 11, "codename": "change_inventorydetail"}}, {"model": "auth.permission", "pk": 43, "fields": {"name": "Can delete inventory detail", "content_type": 11, "codename": "delete_inventorydetail"}}, {"model": "auth.permission", "pk": 44, "fields": {"name": "Can view inventory detail", "content_type": 11, "codename": "view_inventorydetail"}}, {"model": "auth.permission", "pk": 45, "fields": {"name": "Can add quantity history", "content_type": 12, "codename": "add_quantityhistory"}}, {"model": "auth.permission", "pk": 46, "fields": {"name": "Can change quantity history", "content_type": 12, "codename": "change_quantityhistory"}}, {"model": "auth.permission", "pk": 47, "fields": {"name": "Can delete quantity history", "content_type": 12, "codename": "delete_quantityhistory"}}, {"model": "auth.permission", "pk": 48, "fields": {"name": "Can view quantity history", "content_type": 12, "codename": "view_quantityhistory"}}, {"model": "auth.permission", "pk": 49, "fields": {"name": "Can add blood pressure", "content_type": 13, "codename": "add_bloodpressure"}}, {"model": "auth.permission", "pk": 50, "fields": {"name": "Can change blood pressure", "content_type": 13, "codename": "change_bloodpressure"}}, {"model": "auth.permission", "pk": 51, "fields": {"name": "Can delete blood pressure", "content_type": 13, "codename": "delete_bloodpressure"}}, {"model": "auth.permission", "pk": 52, "fields": {"name": "Can view blood pressure", "content_type": 13, "codename": "view_bloodpressure"}}, {"model": "auth.permission", "pk": 53, "fields": {"name": "Can add category", "content_type": 14, "codename": "add_category"}}, {"model": "auth.permission", "pk": 54, "fields": {"name": "Can change category", "content_type": 14, "codename": "change_category"}}, {"model": "auth.permission", "pk": 55, "fields": {"name": "Can delete category", "content_type": 14, "codename": "delete_category"}}, {"model": "auth.permission", "pk": 56, "fields": {"name": "Can view category", "content_type": 14, "codename": "view_category"}}, {"model": "auth.permission", "pk": 57, "fields": {"name": "Can add certificate", "content_type": 15, "codename": "add_certificate"}}, {"model": "auth.permission", "pk": 58, "fields": {"name": "Can change certificate", "content_type": 15, "codename": "change_certificate"}}, {"model": "auth.permission", "pk": 59, "fields": {"name": "Can delete certificate", "content_type": 15, "codename": "delete_certificate"}}, {"model": "auth.permission", "pk": 60, "fields": {"name": "Can view certificate", "content_type": 15, "codename": "view_certificate"}}, {"model": "auth.permission", "pk": 61, "fields": {"name": "Can add doctor detail", "content_type": 16, "codename": "add_doctordetail"}}, {"model": "auth.permission", "pk": 62, "fields": {"name": "Can change doctor detail", "content_type": 16, "codename": "change_doctordetail"}}, {"model": "auth.permission", "pk": 63, "fields": {"name": "Can delete doctor detail", "content_type": 16, "codename": "delete_doctordetail"}}, {"model": "auth.permission", "pk": 64, "fields": {"name": "Can view doctor detail", "content_type": 16, "codename": "view_doctordetail"}}, {"model": "auth.permission", "pk": 65, "fields": {"name": "Can add illness", "content_type": 17, "codename": "add_illness"}}, {"model": "auth.permission", "pk": 66, "fields": {"name": "Can change illness", "content_type": 17, "codename": "change_illness"}}, {"model": "auth.permission", "pk": 67, "fields": {"name": "Can delete illness", "content_type": 17, "codename": "delete_illness"}}, {"model": "auth.permission", "pk": 68, "fields": {"name": "Can view illness", "content_type": 17, "codename": "view_illness"}}, {"model": "auth.permission", "pk": 69, "fields": {"name": "Can add illness note", "content_type": 18, "codename": "add_illnessnote"}}, {"model": "auth.permission", "pk": 70, "fields": {"name": "Can change illness note", "content_type": 18, "codename": "change_illnessnote"}}, {"model": "auth.permission", "pk": 71, "fields": {"name": "Can delete illness note", "content_type": 18, "codename": "delete_illnessnote"}}, {"model": "auth.permission", "pk": 72, "fields": {"name": "Can view illness note", "content_type": 18, "codename": "view_illnessnote"}}, {"model": "auth.permission", "pk": 73, "fields": {"name": "Can add illness treatment", "content_type": 19, "codename": "add_illnesstreatment"}}, {"model": "auth.permission", "pk": 74, "fields": {"name": "Can change illness treatment", "content_type": 19, "codename": "change_illnesstreatment"}}, {"model": "auth.permission", "pk": 75, "fields": {"name": "Can delete illness treatment", "content_type": 19, "codename": "delete_illnesstreatment"}}, {"model": "auth.permission", "pk": 76, "fields": {"name": "Can view illness treatment", "content_type": 19, "codename": "view_illnesstreatment"}}, {"model": "auth.permission", "pk": 77, "fields": {"name": "Can add models", "content_type": 20, "codename": "add_models"}}, {"model": "auth.permission", "pk": 78, "fields": {"name": "Can change models", "content_type": 20, "codename": "change_models"}}, {"model": "auth.permission", "pk": 79, "fields": {"name": "Can delete models", "content_type": 20, "codename": "delete_models"}}, {"model": "auth.permission", "pk": 80, "fields": {"name": "Can view models", "content_type": 20, "codename": "view_models"}}, {"model": "auth.permission", "pk": 81, "fields": {"name": "Can add model log", "content_type": 21, "codename": "add_modellog"}}, {"model": "auth.permission", "pk": 82, "fields": {"name": "Can change model log", "content_type": 21, "codename": "change_modellog"}}, {"model": "auth.permission", "pk": 83, "fields": {"name": "Can delete model log", "content_type": 21, "codename": "delete_modellog"}}, {"model": "auth.permission", "pk": 84, "fields": {"name": "Can view model log", "content_type": 21, "codename": "view_modellog"}}, {"model": "auth.permission", "pk": 85, "fields": {"name": "Can add site", "content_type": 22, "codename": "add_site"}}, {"model": "auth.permission", "pk": 86, "fields": {"name": "Can change site", "content_type": 22, "codename": "change_site"}}, {"model": "auth.permission", "pk": 87, "fields": {"name": "Can delete site", "content_type": 22, "codename": "delete_site"}}, {"model": "auth.permission", "pk": 88, "fields": {"name": "Can view site", "content_type": 22, "codename": "view_site"}}, {"model": "auth.permission", "pk": 89, "fields": {"name": "Can add email address", "content_type": 23, "codename": "add_emailaddress"}}, {"model": "auth.permission", "pk": 90, "fields": {"name": "Can change email address", "content_type": 23, "codename": "change_emailaddress"}}, {"model": "auth.permission", "pk": 91, "fields": {"name": "Can delete email address", "content_type": 23, "codename": "delete_emailaddress"}}, {"model": "auth.permission", "pk": 92, "fields": {"name": "Can view email address", "content_type": 23, "codename": "view_emailaddress"}}, {"model": "auth.permission", "pk": 93, "fields": {"name": "Can add email confirmation", "content_type": 24, "codename": "add_emailconfirmation"}}, {"model": "auth.permission", "pk": 94, "fields": {"name": "Can change email confirmation", "content_type": 24, "codename": "change_emailconfirmation"}}, {"model": "auth.permission", "pk": 95, "fields": {"name": "Can delete email confirmation", "content_type": 24, "codename": "delete_emailconfirmation"}}, {"model": "auth.permission", "pk": 96, "fields": {"name": "Can view email confirmation", "content_type": 24, "codename": "view_emailconfirmation"}}, {"model": "auth.permission", "pk": 97, "fields": {"name": "Can add social account", "content_type": 25, "codename": "add_socialaccount"}}, {"model": "auth.permission", "pk": 98, "fields": {"name": "Can change social account", "content_type": 25, "codename": "change_socialaccount"}}, {"model": "auth.permission", "pk": 99, "fields": {"name": "Can delete social account", "content_type": 25, "codename": "delete_socialaccount"}}, {"model": "auth.permission", "pk": 100, "fields": {"name": "Can view social account", "content_type": 25, "codename": "view_socialaccount"}}, {"model": "auth.permission", "pk": 101, "fields": {"name": "Can add social application", "content_type": 26, "codename": "add_socialapp"}}, {"model": "auth.permission", "pk": 102, "fields": {"name": "Can change social application", "content_type": 26, "codename": "change_socialapp"}}, {"model": "auth.permission", "pk": 103, "fields": {"name": "Can delete social application", "content_type": 26, "codename": "delete_socialapp"}}, {"model": "auth.permission", "pk": 104, "fields": {"name": "Can view social application", "content_type": 26, "codename": "view_socialapp"}}, {"model": "auth.permission", "pk": 105, "fields": {"name": "Can add social application token", "content_type": 27, "codename": "add_socialtoken"}}, {"model": "auth.permission", "pk": 106, "fields": {"name": "Can change social application token", "content_type": 27, "codename": "change_socialtoken"}}, {"model": "auth.permission", "pk": 107, "fields": {"name": "Can delete social application token", "content_type": 27, "codename": "delete_socialtoken"}}, {"model": "auth.permission", "pk": 108, "fields": {"name": "Can view social application token", "content_type": 27, "codename": "view_socialtoken"}}, {"model": "contenttypes.contenttype", "pk": 1, "fields": {"app_label": "admin", "model": "logentry"}}, {"model": "contenttypes.contenttype", "pk": 2, "fields": {"app_label": "auth", "model": "permission"}}, {"model": "contenttypes.contenttype", "pk": 3, "fields": {"app_label": "auth", "model": "group"}}, {"model": "contenttypes.contenttype", "pk": 4, "fields": {"app_label": "contenttypes", "model": "contenttype"}}, {"model": "contenttypes.contenttype", "pk": 5, "fields": {"app_label": "sessions", "model": "session"}}, {"model": "contenttypes.contenttype", "pk": 6, "fields": {"app_label": "users", "model": "department"}}, {"model": "contenttypes.contenttype", "pk": 7, "fields": {"app_label": "users", "model": "user"}}, {"model": "contenttypes.contenttype", "pk": 8, "fields": {"app_label": "bed", "model": "bedstat"}}, {"model": "contenttypes.contenttype", "pk": 9, "fields": {"app_label": "administrator", "model": "datachangelog"}}, {"model": "contenttypes.contenttype", "pk": 10, "fields": {"app_label": "administrator", "model": "log"}}, {"model": "contenttypes.contenttype", "pk": 11, "fields": {"app_label": "inventory", "model": "inventorydetail"}}, {"model": "contenttypes.contenttype", "pk": 12, "fields": {"app_label": "inventory", "model": "quantityhistory"}}, {"model": "contenttypes.contenttype", "pk": 13, "fields": {"app_label": "blood", "model": "bloodpressure"}}, {"model": "contenttypes.contenttype", "pk": 14, "fields": {"app_label": "treatment", "model": "category"}}, {"model": "contenttypes.contenttype", "pk": 15, "fields": {"app_label": "treatment", "model": "certificate"}}, {"model": "contenttypes.contenttype", "pk": 16, "fields": {"app_label": "treatment", "model": "doctordetail"}}, {"model": "contenttypes.contenttype", "pk": 17, "fields": {"app_label": "treatment", "model": "illness"}}, {"model": "contenttypes.contenttype", "pk": 18, "fields": {"app_label": "treatment", "model": "illnessnote"}}, {"model": "contenttypes.contenttype", "pk": 19, "fields": {"app_label": "treatment", "model": "illnesstreatment"}}, {"model": "contenttypes.contenttype", "pk": 20, "fields": {"app_label": "trained_models", "model": "models"}}, {"model": "contenttypes.contenttype", "pk": 21, "fields": {"app_label": "trained_models", "model": "modellog"}}, {"model": "contenttypes.contenttype", "pk": 22, "fields": {"app_label": "sites", "model": "site"}}, {"model": "contenttypes.contenttype", "pk": 23, "fields": {"app_label": "account", "model": "emailaddress"}}, {"model": "contenttypes.contenttype", "pk": 24, "fields": {"app_label": "account", "model": "emailconfirmation"}}, {"model": "contenttypes.contenttype", "pk": 25, "fields": {"app_label": "socialaccount", "model": "socialaccount"}}, {"model": "contenttypes.contenttype", "pk": 26, "fields": {"app_label": "socialaccount", "model": "socialapp"}}, {"model": "contenttypes.contenttype", "pk": 27, "fields": {"app_label": "socialaccount", "model": "socialtoken"}}, {"model": "sessions.session", "pk": "5mxf8iaia084vadzpu6azmj8iipsuwm9", "fields": {"session_data": ".eJwNyttyQ0AAANB_2WfpWHV_C6qhkYjSDJ2OYa0lUavW6pTx783zOStgFLVFVyBEeT_lbComzIC5gvIX_ix_OEjKW5SdwgaYnysYRoowezjoKGl7IICqmApg9rzrBDDcEc4RrXA-47GtWzw-osMtYtU0uZMFeTU5q8cbfzPSRn3XaS-Fis-CuLtal9km9OwMKFbtJSqvZTWKIvRcOtLiwL5TiLyPXZzuYek1-8h_5WJwWiYld0LCXc23X_jCPF9EcuYOB2mnpHJ2nJMka8AmQE1SDU3WJOnJ0EWoP8OvbfsH4ZpTNw:1ssD10:6oVJY5-G4z7w4QDtfKC_Mx5ZsJGrcyyXwvBhMvg8slI", "expire_date": "2024-10-06T03:12:02.987Z"}}, {"model": "sessions.session", "pk": "61yqqmzh3tpn6td02a2sq9godtt0uw7h", "fields": {"session_data": ".eJxVjsEOwiAQRP-Fs2m6QCv1ZLz7Dc2yLAWtJYH2ZPx3adKDXufNvMxbjLitYdwK5zE6cRFSnH4zi_TkZQfugcuUGkrLmqNt9kpz0NLck-P5dnT_BAFLqGvFBKDIc09S6bMerEOphrbVVreGnQPvtULZq86AIfColTfGdgjQ1ahK-YVxrirLmbDERAHzzAX0ddpJffYSny8P40Sd:1ssBAF:1vYwGtLni2OC8CABrq4-GOceWn_TBWmZpjrBvvsB4L0", "expire_date": "2024-10-06T01:13:27.765Z"}}, {"model": "sessions.session", "pk": "fuoh0jaavyskgm2dmifu9t70ql15a5nq", "fields": {"session_data": ".eJxVjsEOwiAQRP-Fs2m6QCv1ZLz7Dc2yLAWtJYH2ZPx3adKDXufNvMxbjLitYdwK5zE6cRFSnH4zi_TkZQfugcuUGkrLmqNt9kpz0NLck-P5dnT_BAFLqGvFBKDIc09S6bMerEOphrbVVreGnQPvtULZq86AIfColTfGdgjQ1ahK-YVxrirLmbDERAHzzAX0ddpJffYSny8P40Sd:1ssGu0:7wVyT8JScgqIEryihSHMKJr7VD9ZiUHcCaNGyrV-Jys", "expire_date": "2024-10-06T07:21:04.259Z"}}, {"model": "sessions.session", "pk": "s5buxwkd2e60iauzaegkphz0il1yw9ck", "fields": {"session_data": ".eJxVjsEOwiAQRP-Fs2m6QCv1ZLz7Dc2yLAWtJYH2ZPx3adKDXufNvMxbjLitYdwK5zE6cRFSnH4zi_TkZQfugcuUGkrLmqNt9kpz0NLck-P5dnT_BAFLqGvFBKDIc09S6bMerEOphrbVVreGnQPvtULZq86AIfColTfGdgjQ1ahK-YVxrirLmbDERAHzzAX0ddpJffYSny8P40Sd:1ssJVx:LvrwC93fQH-FbvCkkQcNbvWW5HwRz1olB09GT4foEm0", "expire_date": "2024-10-06T10:08:25.321Z"}}, {"model": "users.department", "pk": 1, "fields": {"department": "College of Computing Studies"}}, {"model": "users.department", "pk": 2, "fields": {"department": "College of Education"}}, {"model": "users.department", "pk": 3, "fields": {"department": "College of Architecture and Engineering"}}, {"model": "users.department", "pk": 4, "fields": {"department": "Laboratory High School"}}, {"model": "users.department", "pk": 5, "fields": {"department": "College of Business Studies"}}, {"model": "users.department", "pk": 6, "fields": {"department": "College of Art and Sciences"}}, {"model": "users.department", "pk": 7, "fields": {"department": "College of Hospitality and Tourism Management"}}, {"model": "users.department", "pk": 8, "fields": {"department": "College of Industrial Technology"}}, {"model": "users.department", "pk": 9, "fields": {"department": "School of Law"}}, {"model": "users.department", "pk": 10, "fields": {"department": "Faculty"}}, {"model": "users.department", "pk": 11, "fields": {"department": "Graduate Studies"}}, {"model": "users.department", "pk": 12, "fields": {"department": "Non-Teaching Staff"}}, {"model": "users.user", "pk": 1, "fields": {"password": "pbkdf2_sha256$720000$K3F5K1fHo2cMDn9yr5O8uE$XaNaiNgaP1ywTuZLIRafDkUxR/b3BK8VXASqKb7pmLY=", "last_login": "2024-09-21T14:18:08.018Z", "is_superuser": false, "is_staff": false, "is_active": true, "first_name": "First Name", "last_name": "Last Name", "email": "2021305504@dhvsu.edu.ph", "contact": "12312312312", "profile": "user_profiles/fallback.png", "year": 1, "section": "A", "program": "BSIT", "department": 1, "access": 1, "DOB": "2020-01-25", "sex": "Male", "blood_type": null, "height": null, "weight": null, "date_joined": "2024-09-21T14:13:04.750Z", "groups": [], "user_permissions": []}}, {"model": "users.user", "pk": 2, "fields": {"password": "pbkdf2_sha256$720000$sKB7ufUbjVrM4Kffj30X6v$gPCzT/Tc+LJdzRMLazwlaqapzK/VPyy6DX0uXDfXrxg=", "last_login": "2024-09-22T10:08:25Z", "is_superuser": true, "is_staff": true, "is_active": true, "first_name": "Charles Aerol", "last_name": "Bercasio", "email": "bercasiocharles14@gmail.com", "contact": "9301625358", "profile": "user_profiles/fallback.png", "year": null, "section": null, "program": null, "department": null, "access": 4, "DOB": null, "sex": null, "blood_type": null, "height": null, "weight": null, "date_joined": "2024-06-27T16:09:03.481Z", "groups": [], "user_permissions": []}}, {"model": "users.user", "pk": 3, "fields": {"password": "Democratic finally real blue cup happen. Impact arm culture degree contain.", "last_login": "1976-01-29T18:04:28.906Z", "is_superuser": false, "is_staff": false, "is_active": true, "first_name": "First Name", "last_name": "Last Name", "email": "lisa25@example.com", "contact": "Though land than wife beat various again. Strategy thus fact training money.", "profile": "user_profiles/fallback.png", "year": -8244, "section": "Word.", "program": "Program member from. Require soon own pattern everything attack.\nCold less hundred soldier live throw. Probably law government student particular.\nPaper how together must around power concern.", "department": null, "access": 1, "DOB": "2011-03-19", "sex": "Consumer century.", "blood_type": "Move increase.", "height": -4306, "weight": -29594, "date_joined": "2004-11-01T02:33:49.744Z", "groups": [], "user_permissions": []}}, {"model": "users.user", "pk": 4, "fields": {"password": "Range mother maybe race service bit thing good. Activity nation style win media at along. Relationship who read top letter.", "last_login": "2004-03-31T13:03:45.160Z", "is_superuser": true, "is_staff": true, "is_active": true, "first_name": "First Name", "last_name": "Last Name", "email": "eperez@example.org", "contact": "Who least teacher college example lawyer. We seem much loss today. Five smile paper military.", "profile": "user_profiles/fallback.png", "year": -8688, "section": "Manage.", "program": "Hot technology pick. Soon rise raise action.\nOne development fine until. Carry fight more no create.\nCommon run nice suddenly allow travel everything. Environmental authority difficult media good glass Mrs.", "department": null, "access": 1, "DOB": "1988-04-25", "sex": "Police study.", "blood_type": "Pressure experience.", "height": 31417, "weight": -6364, "date_joined": "2003-01-07T14:19:54.668Z", "groups": [], "user_permissions": []}}, {"model": "users.user", "pk": 5, "fields": {"password": "Like everyone from. Yard memory career. War cultural three fact next these animal.", "last_login": "1976-10-29T02:11:36Z", "is_superuser": false, "is_staff": false, "is_active": true, "first_name": "First Name", "last_name": "Last Name", "email": "justinhunt@example.net", "contact": "Small institution where enjoy. Wide sit machine among.", "profile": "user_profiles/fallback.png", "year": 9391, "section": "Change.", "program": "Juris Doctor", "department": 9, "access": 1, "DOB": "2005-01-13", "sex": "Close article voice.", "blood_type": "Technology.", "height": 23675, "weight": 15024, "date_joined": "2011-08-06T02:47:25.994Z", "groups": [], "user_permissions": []}}, {"model": "users.user", "pk": 6, "fields": {"password": "Commercial local onto the writer produce. Dog break friend development north sea including enjoy.", "last_login": "2017-05-05T07:26:35Z", "is_superuser": false, "is_staff": true, "is_active": true, "first_name": "First Name", "last_name": "Last Name", "email": "whitedaniel@example.net", "contact": "09231345908", "profile": "user_profiles/fallback.png", "year": 2, "section": "B", "program": "BSMe", "department": 3, "access": 1, "DOB": "2009-12-05", "sex": "Male", "blood_type": "O-", "height": 150, "weight": -50, "date_joined": "2015-11-24T04:59:37.547Z", "groups": [], "user_permissions": []}}, {"model": "users.user", "pk": 7, "fields": {"password": "Begin rich same notice end list public final. Defense every at heart prevent. Design reality treatment life rule.", "last_login": "1999-08-31T14:25:56Z", "is_superuser": false, "is_staff": true, "is_active": true, "first_name": "First Name", "last_name": "Last Name", "email": "cford@example.net", "contact": "White when meeting. Nearly example style next. Discover set another thought.", "profile": "user_profiles/fallback.png", "year": -5215, "section": "School.", "program": "Poor sea market whom. Eye fact cup open do leg town. Well need opportunity rest most night.They movie billion what everything growth garden. Day law collection radio physical Democrat she.To strong mean. Spend face easy and anything.", "department": 12, "access": 3, "DOB": "1979-01-13", "sex": "Development man.", "blood_type": "Young both size Mr.", "height": 11199, "weight": 32598, "date_joined": "1976-12-14T21:52:18.556Z", "groups": [], "user_permissions": []}}, {"model": "users.user", "pk": 8, "fields": {"password": "By see usually American feeling keep. Trade story investment street could.", "last_login": "1973-07-07T07:31:49Z", "is_superuser": true, "is_staff": false, "is_active": true, "first_name": "First Name", "last_name": "Last Name", "email": "scott67@example.org", "contact": "Benefit cause nature natural.", "profile": "user_profiles/fallback.png", "year": 12967, "section": "Piece.", "program": "Event image feeling sell responsibility word. Remember Democrat arrive off so.Need specific science thing price employee toward direction. Cold goal short. One traditional successful painting development energy.", "department": 6, "access": 1, "DOB": "2002-02-16", "sex": "Street purpose.", "blood_type": "Common find not.", "height": -30692, "weight": 25601, "date_joined": "1977-02-22T09:13:12.225Z", "groups": [], "user_permissions": []}}, {"model": "users.user", "pk": 9, "fields": {"password": "Body beautiful mother try perform.\nAlthough ten situation. Build must house.", "last_login": "2017-10-30T10:37:53.600Z", "is_superuser": true, "is_staff": false, "is_active": true, "first_name": "First Name", "last_name": "Last Name", "email": "xstrickland@example.com", "contact": "Half seek western according wife we. Grow brother soldier animal among actually from.", "profile": "user_profiles/fallback.png", "year": 28545, "section": "Son.", "program": "Add imagine health grow. Worry third wrong exactly successful attorney door.\nSometimes bring help everything star edge determine. White bank alone gun newspaper field important.", "department": null, "access": 1, "DOB": "1993-03-21", "sex": "Himself sure design.", "blood_type": "Despite rather book.", "height": -11914, "weight": -22452, "date_joined": "2004-12-27T20:25:34.622Z", "groups": [], "user_permissions": []}}, {"model": "users.user", "pk": 10, "fields": {"password": "Word six fight toward choice statement enter. Rise call your actually public write natural.", "last_login": "1985-11-17T15:39:35.598Z", "is_superuser": true, "is_staff": false, "is_active": true, "first_name": "First Name", "last_name": "Last Name", "email": "brandonlandry@example.net", "contact": "Artist join respond measure their. So enjoy stand audience. Owner along eight cold dark response.", "profile": "user_profiles/fallback.png", "year": -471, "section": "Education.", "program": "Voice along generation summer per grow get let. Dinner six my you success son join about. Team hear thousand feel responsibility. Administration step trip how yourself shake book.", "department": null, "access": 1, "DOB": "1998-07-20", "sex": "Music leave say.", "blood_type": "Traditional one.", "height": -29350, "weight": 32333, "date_joined": "1981-04-26T11:11:19.418Z", "groups": [], "user_permissions": []}}, {"model": "users.user", "pk": 11, "fields": {"password": "Eight trade article daughter do. Cell less decide company drive executive those. Energy drop yeah mission stage.", "last_login": "2000-10-15T02:59:01.026Z", "is_superuser": false, "is_staff": false, "is_active": true, "first_name": "First Name", "last_name": "Last Name", "email": "staffordjesse@example.com", "contact": "Source attention it turn during. Go fire sister American. Before participant quickly old.", "profile": "user_profiles/fallback.png", "year": 794, "section": "Above.", "program": "Service skin data almost what expect politics. Small together so outside left matter spend.\nHappy just about himself a. Turn concern change experience yard speak. Party well source culture natural simple tough. Machine professional cause church.", "department": null, "access": 1, "DOB": "1996-09-03", "sex": "Nothing argue item.", "blood_type": "Leg better yet.", "height": -18810, "weight": -31953, "date_joined": "2002-06-29T07:38:17.713Z", "groups": [], "user_permissions": []}}, {"model": "users.user", "pk": 12, "fields": {"password": "Personal watch color. Civil would name opportunity paper.\nGreen voice suggest ten.", "last_login": "2018-04-19T11:50:13.833Z", "is_superuser": true, "is_staff": true, "is_active": true, "first_name": "First Name", "last_name": "Last Name", "email": "jamesreed@example.com", "contact": "Find blood actually protect gun she dark. Live relate like ten.", "profile": "user_profiles/fallback.png", "year": 15898, "section": "New.", "program": "Team you decade let range.\nEverything together use ok Democrat Mrs. Fall fine size walk word chance half.\nStuff life build bit lay. Writer share before.\nDecade sister song at write phone north. Lead view media certain board.", "department": null, "access": 1, "DOB": "2018-05-13", "sex": "Dream ten above if.", "blood_type": "Soon hundred.", "height": -21678, "weight": 17449, "date_joined": "1996-01-20T22:00:46.544Z", "groups": [], "user_permissions": []}}, {"model": "bed.bedstat", "pk": 1, "fields": {"status": false}}, {"model": "administrator.log", "pk": 1, "fields": {"user": 1, "action": "User has logged in", "timestamp": "2024-09-21T14:18:08.028Z"}}, {"model": "administrator.log", "pk": 2, "fields": {"user": 1, "action": "User has logged out", "timestamp": "2024-09-21T14:27:24.024Z"}}, {"model": "administrator.log", "pk": 3, "fields": {"user": 2, "action": "User has logged in", "timestamp": "2024-09-21T14:27:34.641Z"}}, {"model": "administrator.log", "pk": 4, "fields": {"user": 2, "action": "User has logged in", "timestamp": "2024-09-22T01:13:27.750Z"}}, {"model": "administrator.log", "pk": 5, "fields": {"user": 2, "action": "Updated profile information", "timestamp": "2024-09-22T01:21:57.822Z"}}, {"model": "administrator.log", "pk": 6, "fields": {"user": 2, "action": "User has logged in", "timestamp": "2024-09-22T07:21:04.250Z"}}, {"model": "administrator.log", "pk": 7, "fields": {"user": 2, "action": "Updated profile information", "timestamp": "2024-09-22T07:21:36.463Z"}}, {"model": "administrator.log", "pk": 8, "fields": {"user": 2, "action": "Updated profile information", "timestamp": "2024-09-22T07:23:16.709Z"}}, {"model": "administrator.log", "pk": 9, "fields": {"user": 2, "action": "User has logged in", "timestamp": "2024-09-22T07:32:17.014Z"}}, {"model": "administrator.log", "pk": 10, "fields": {"user": 2, "action": "Successfully added new inventory record[id:1]", "timestamp": "2024-09-22T07:32:40.590Z"}}, {"model": "administrator.log", "pk": 11, "fields": {"user": 2, "action": "Successfully added new quantity history record[id:1]", "timestamp": "2024-09-22T07:32:40.611Z"}}, {"model": "administrator.log", "pk": 12, "fields": {"user": 2, "action": "Successfully added new inventory record[id:2]", "timestamp": "2024-09-22T07:32:56.954Z"}}, {"model": "administrator.log", "pk": 13, "fields": {"user": 2, "action": "Successfully added new quantity history record[id:2]", "timestamp": "2024-09-22T07:32:56.965Z"}}, {"model": "administrator.log", "pk": 14, "fields": {"user": 2, "action": "Successfully updated inventory record[id:2]", "timestamp": "2024-09-22T07:42:37.412Z"}}, {"model": "administrator.log", "pk": 15, "fields": {"user": 2, "action": "Successfully updated inventory record[id:2]", "timestamp": "2024-09-22T07:42:47.419Z"}}, {"model": "administrator.log", "pk": 16, "fields": {"user": 2, "action": "User has logged out", "timestamp": "2024-09-22T10:08:09.486Z"}}, {"model": "administrator.log", "pk": 17, "fields": {"user": 2, "action": "User has logged in", "timestamp": "2024-09-22T10:08:25.315Z"}}, {"model": "administrator.log", "pk": 18, "fields": {"user": 2, "action": "bercasiocharles14@gmail.com created a new department instance[1]", "timestamp": "2024-09-22T10:29:13.608Z"}}, {"model": "administrator.log", "pk": 19, "fields": {"user": 2, "action": "bercasiocharles14@gmail.com updated user information.", "timestamp": "2024-09-22T10:29:13.620Z"}}, {"model": "administrator.log", "pk": 20, "fields": {"user": 2, "action": "Updated profile information", "timestamp": "2024-09-22T12:11:16.898Z"}}, {"model": "administrator.datachangelog", "pk": 1, "fields": {"table": "Illness", "record_id": 1, "action": "create", "old_value": null, "new_value": "1 : 2021305504@dhvsu.edu.ph - Masakit puson niya", "changed_by": 2, "timestamp": "2024-09-22T10:33:41.479Z"}}, {"model": "inventory.inventorydetail", "pk": 1, "fields": {"item_no": 1111, "unit": "pcs.", "item_name": "Mefenamic", "category": "Medicine", "description": "", "expiration_date": "2027-10-22", "added_by": 2}}, {"model": "inventory.inventorydetail", "pk": 2, "fields": {"item_no": 1212, "unit": "pcs.", "item_name": "Bandages", "category": "Supply", "description": "", "expiration_date": "2024-09-22", "added_by": 2}}, {"model": "inventory.inventorydetail", "pk": 3, "fields": {"item_no": -15170, "unit": "Air mind soldier easy take information.", "item_name": "A perhaps growth game hard.", "category": "Medicine", "description": "Carry great strong commercial garden. Job family agree fine off behavior item.", "expiration_date": "2013-06-11", "added_by": null}}, {"model": "inventory.inventorydetail", "pk": 4, "fields": {"item_no": -17107, "unit": "Social idea wind. Long least poor site will.", "item_name": "Red write will act scene.", "category": "Medicine", "description": "Sign computer address hard country spend west. Save region side attack. Assume those with choose picture doctor.", "expiration_date": "1984-10-04", "added_by": null}}, {"model": "inventory.inventorydetail", "pk": 5, "fields": {"item_no": 6913, "unit": "Prove image care social he perhaps ask.", "item_name": "Common simply others director majority investment network. Team it Mr true benefit.", "category": "Medicine", "description": "Above ok organization public career. Hold learn development message education kid series. Bed first none politics production board.", "expiration_date": "1999-12-20", "added_by": null}}, {"model": "inventory.inventorydetail", "pk": 6, "fields": {"item_no": -23024, "unit": "Produce yes collection about.", "item_name": "Beautiful new condition a soon.", "category": "Medicine", "description": "Surface professional where specific seven movement. Us power across outside little measure Mrs.\nMusic current church growth. Pressure degree little member recent debate first trade.", "expiration_date": "1980-07-28", "added_by": null}}, {"model": "inventory.inventorydetail", "pk": 7, "fields": {"item_no": -20235, "unit": "Film present power blood recent school.", "item_name": "When late model personal well but film. Toward must size high item be coach.", "category": "Medicine", "description": "Light may nor officer. Party ever Democrat apply meet. Find young no pretty test across.\nCamera full time bit either step. Suggest have help available wide.", "expiration_date": "1973-01-05", "added_by": null}}, {"model": "inventory.inventorydetail", "pk": 8, "fields": {"item_no": 29384, "unit": "Win career several million couple room.", "item_name": "Her house close gas. Test mean clear allow million type. System see bit no.", "category": "Medicine", "description": "Key treat per which.\nSomebody test change statement tough. East almost radio fly increase understand already night.\nEnd south then increase dog for. Follow medical stop budget. Able law above most.", "expiration_date": "1996-05-16", "added_by": null}}, {"model": "inventory.inventorydetail", "pk": 9, "fields": {"item_no": 25904, "unit": "Face follow attorney why specific.", "item_name": "Exactly minute receive resource much.", "category": "Medicine", "description": "Record something house. Open manager sell that. Walk produce including table according imagine word.\nTough away street that. Measure experience player key executive power drive.", "expiration_date": "1986-11-13", "added_by": null}}, {"model": "inventory.inventorydetail", "pk": 10, "fields": {"item_no": -3532, "unit": "Pay budget he outside body model.", "item_name": "News wear recently floor. Only soldier find two opportunity. Allow soon major common second.", "category": "Medicine", "description": "Experience research size. Rule cover eat my under.\nMeasure maybe food them. Its address role table rise speak issue.", "expiration_date": "2011-02-15", "added_by": null}}, {"model": "inventory.inventorydetail", "pk": 11, "fields": {"item_no": 28787, "unit": "Allow material carry attack.", "item_name": "Thus during range take. Drop value together. Institution military democratic activity.", "category": "Medicine", "description": "What no sing difference sister size. Energy herself like doctor. Statement let occur view individual rather than. Represent themselves tough door century sing baby.", "expiration_date": "2008-01-31", "added_by": null}}, {"model": "inventory.inventorydetail", "pk": 12, "fields": {"item_no": 2193, "unit": "Information interview smile quality.", "item_name": "Wide even call power. Benefit hold but third.", "category": "Medicine", "description": "Help three investment Democrat many. Fear sport executive all some rock. Election allow official into part security perform reduce.", "expiration_date": "1986-08-17", "added_by": null}}, {"model": "inventory.quantityhistory", "pk": 1, "fields": {"inventory": 1, "updated_quantity": 100, "timestamp": "2024-09-22T07:32:40.599Z", "changed_by": 2}}, {"model": "inventory.quantityhistory", "pk": 2, "fields": {"inventory": 2, "updated_quantity": 50, "timestamp": "2024-09-22T07:32:56.958Z", "changed_by": 2}}, {"model": "treatment.doctordetail", "pk": 1, "fields": {"doctor": 3, "time_avail_start": "05:47:53", "time_avail_end": "05:42:55", "avail": true}}, {"model": "treatment.doctordetail", "pk": 2, "fields": {"doctor": 7, "time_avail_start": "12:51:59", "time_avail_end": "06:55:28", "avail": true}}, {"model": "treatment.doctordetail", "pk": 3, "fields": {"doctor": 11, "time_avail_start": "04:56:47", "time_avail_end": "05:52:22", "avail": true}}, {"model": "treatment.doctordetail", "pk": 4, "fields": {"doctor": 9, "time_avail_start": "05:48:38", "time_avail_end": "19:24:15", "avail": true}}, {"model": "treatment.doctordetail", "pk": 5, "fields": {"doctor": 12, "time_avail_start": "02:35:29", "time_avail_end": "12:29:18", "avail": true}}, {"model": "treatment.doctordetail", "pk": 6, "fields": {"doctor": 3, "time_avail_start": "01:24:27", "time_avail_end": "01:53:51", "avail": true}}, {"model": "treatment.doctordetail", "pk": 9, "fields": {"doctor": 12, "time_avail_start": "20:04:55", "time_avail_end": "23:15:40", "avail": true}}, {"model": "treatment.doctordetail", "pk": 10, "fields": {"doctor": 7, "time_avail_start": "00:41:36", "time_avail_end": "10:57:09", "avail": true}}, {"model": "treatment.category", "pk": 1, "fields": {"category": "Blood Disorders", "added": "2024-09-22T12:19:23.814Z", "updated": "2016-09-13T23:44:53.833Z"}}, {"model": "treatment.category", "pk": 2, "fields": {"category": "Communicable Disease", "added": "2024-09-22T12:19:10.057Z", "updated": "2017-09-17T05:55:26.006Z"}}, {"model": "treatment.category", "pk": 3, "fields": {"category": "Eyes, Ears, Nose, Throat Disorders", "added": "2024-09-22T12:18:44.706Z", "updated": "1993-11-18T13:51:50.545Z"}}, {"model": "treatment.category", "pk": 4, "fields": {"category": "Cardiovascular System", "added": "2024-09-22T12:18:18.207Z", "updated": "1988-09-24T02:30:14.687Z"}}, {"model": "treatment.category", "pk": 5, "fields": {"category": "Metabolic Endocrine System", "added": "2024-09-22T12:17:57.496Z", "updated": "2005-03-20T02:36:16.247Z"}}, {"model": "treatment.category", "pk": 6, "fields": {"category": "Urinary System", "added": "2024-09-22T12:17:33.331Z", "updated": "1979-02-17T16:38:47.002Z"}}, {"model": "treatment.category", "pk": 7, "fields": {"category": "Intergumentary System", "added": "2024-09-22T12:17:17.943Z", "updated": "2004-07-14T02:24:21.155Z"}}, {"model": "treatment.category", "pk": 8, "fields": {"category": "Musculo-skeletal System", "added": "2024-09-22T12:16:58.439Z", "updated": "1994-08-21T04:44:11.761Z"}}, {"model": "treatment.category", "pk": 9, "fields": {"category": "Respiratory System", "added": "2024-09-22T12:16:45.589Z", "updated": "1987-11-28T17:40:10.349Z"}}, {"model": "treatment.category", "pk": 10, "fields": {"category": "Alimentary System", "added": "2024-09-22T12:16:33.695Z", "updated": "2008-07-19T18:35:12.760Z"}}, {"model": "treatment.category", "pk": 11, "fields": {"category": "Neurological  Disorders", "added": "2024-09-22T12:19:54.518Z", "updated": "2024-09-22T12:19:54.518Z"}}, {"model": "treatment.category", "pk": 12, "fields": {"category": "OB-Gyne Cases", "added": "2024-09-22T12:20:41.975Z", "updated": "2024-09-22T12:20:04.422Z"}}, {"model": "treatment.illness", "pk": 1, "fields": {"patient": 1, "issue": "Masakit puson niya", "illness_category": 1, "staff": 2, "doctor": null, "added": "2024-09-22T10:33:41.468Z", "updated": "2024-09-22T12:36:33.567Z", "diagnosis": ""}}, {"model": "treatment.illness", "pk": 2, "fields": {"patient": 12, "issue": "Magazine would how discuss realize easy leave. Their wall office tax great yes indicate.\nMay hot somebody notice nor line. Game amount experience my trouble. Hear have follow summer be education.", "illness_category": 6, "staff": 11, "doctor": 6, "added": "1978-09-10T03:45:58.063Z", "updated": "2000-02-28T22:42:47.657Z", "diagnosis": "Cause development town today exist. Food support continue could must. White hotel remember need eye."}}, {"model": "treatment.illness", "pk": 3, "fields": {"patient": 11, "issue": "Rich seek skill Congress cold. Stuff edge thought month over activity.\nStandard summer with within whom wait. Along board technology ok after professor kid position.", "illness_category": 8, "staff": 11, "doctor": 12, "added": "1975-09-03T14:07:53.246Z", "updated": "1970-04-03T15:19:42.225Z", "diagnosis": "Forward state without friend account lot recently. Policy century real mention. Student field participant his for suggest quality conference."}}, {"model": "treatment.illness", "pk": 4, "fields": {"patient": 11, "issue": "This especially others court other. Series before news require along goal contain. Agent great alone he window seat.\nMaybe better suggest forward lay former watch. Coach play quite loss your course.", "illness_category": 3, "staff": 10, "doctor": 7, "added": "2001-07-18T01:20:19.254Z", "updated": "2022-04-24T19:42:05.902Z", "diagnosis": "Tv live do company argue agent. Write administration development include physical. Summer idea dark several."}}, {"model": "treatment.illness", "pk": 5, "fields": {"patient": 8, "issue": "Line executive line best. International trouble away start project thank. A matter grow probably own. Republican present lawyer watch sort future safe.", "illness_category": 3, "staff": 3, "doctor": 3, "added": "2009-01-05T21:30:41.077Z", "updated": "1973-06-18T22:45:39.176Z", "diagnosis": "Policy traditional final cover finally near individual. Information others need season finish trade his economic."}}, {"model": "treatment.illness", "pk": 6, "fields": {"patient": 10, "issue": "Travel official rich need. Message arm pull deep hand property.\r\nConsumer score risk operation. Show scene discussion old kid fine.", "illness_category": 6, "staff": 3, "doctor": 11, "added": "2023-07-22T06:27:24.574Z", "updated": "2024-09-22T12:36:45.362Z", "diagnosis": "Fight name attack air age democratic environment. Town test evidence law wish.\r\nAttack chance into society. Onto couple also American myself our."}}, {"model": "treatment.illness", "pk": 7, "fields": {"patient": 5, "issue": "Benefit total particular save. Everything cup yeah become relate.\nHotel spend history person. Herself bad door safe. Owner Mrs address or bank walk. Actually size pass house.", "illness_category": 1, "staff": 7, "doctor": 6, "added": "2006-10-18T03:21:08.033Z", "updated": "1989-12-05T20:44:18.604Z", "diagnosis": "Service read step forget. Mouth effort mouth activity parent.\nAway call property serve short leg. Have security goal order look town. Choose three sell beat health road wide."}}, {"model": "treatment.illness", "pk": 8, "fields": {"patient": 12, "issue": "Moment to friend thus issue protect space movie. Hot still together finish law significant. Key special someone time artist offer another likely. Drug everything adult near speech watch wide.", "illness_category": 10, "staff": 12, "doctor": 12, "added": "2015-09-26T11:35:30.708Z", "updated": "1988-09-10T19:50:54.289Z", "diagnosis": "Time dinner officer professional hand management. Director fund beat discussion song.\nEnter second idea similar exactly worry. Raise know price no. Cell sell certainly."}}, {"model": "treatment.illness", "pk": 9, "fields": {"patient": 7, "issue": "Green role if occur.\nGo figure give though opportunity phone president. Wear add lay including war.\nBring building quite care style.", "illness_category": 8, "staff": 6, "doctor": 4, "added": "1997-04-08T23:26:38.811Z", "updated": "2021-07-22T00:48:11.888Z", "diagnosis": "Wish position group understand for laugh game. Anyone lot education learn sit stay animal."}}, {"model": "treatment.illness", "pk": 10, "fields": {"patient": 6, "issue": "Easy significant executive.\nDay than small most score good condition. Human under same pattern ahead especially director painting. Treat body leg day hold expect.", "illness_category": 5, "staff": 10, "doctor": 11, "added": "2004-06-27T21:24:59.852Z", "updated": "2006-03-03T18:32:49.196Z", "diagnosis": "Work evidence style. Leave serious actually economy pay build answer after. Statement determine month."}}, {"model": "treatment.illness", "pk": 11, "fields": {"patient": 12, "issue": "Student blood how song red thousand firm. Admit floor approach age put.\nStatement cultural party significant now south common. Fact rule summer age standard. Will Democrat explain knowledge look.", "illness_category": 5, "staff": 6, "doctor": 7, "added": "1973-04-02T20:01:55.965Z", "updated": "2018-03-19T10:22:18.053Z", "diagnosis": "Set rest phone option key point. Daughter happen up war science themselves.\nShoulder member himself dinner fall total history would. Yeah owner tell per later. Base word authority itself."}}, {"model": "treatment.illnesstreatment", "pk": 1, "fields": {"illness": 2, "inventory_detail": 7, "quantity": null}}, {"model": "treatment.illnesstreatment", "pk": 2, "fields": {"illness": 2, "inventory_detail": 4, "quantity": null}}, {"model": "treatment.illnesstreatment", "pk": 3, "fields": {"illness": 3, "inventory_detail": 3, "quantity": null}}, {"model": "treatment.illnesstreatment", "pk": 4, "fields": {"illness": 4, "inventory_detail": 3, "quantity": null}}, {"model": "treatment.illnesstreatment", "pk": 5, "fields": {"illness": 4, "inventory_detail": 10, "quantity": null}}, {"model": "treatment.illnesstreatment", "pk": 6, "fields": {"illness": 5, "inventory_detail": 3, "quantity": null}}, {"model": "treatment.illnesstreatment", "pk": 7, "fields": {"illness": 5, "inventory_detail": 4, "quantity": null}}, {"model": "treatment.illnesstreatment", "pk": 8, "fields": {"illness": 5, "inventory_detail": 9, "quantity": null}}, {"model": "treatment.illnesstreatment", "pk": 9, "fields": {"illness": 6, "inventory_detail": 5, "quantity": null}}, {"model": "treatment.illnesstreatment", "pk": 10, "fields": {"illness": 6, "inventory_detail": 10, "quantity": null}}, {"model": "treatment.illnesstreatment", "pk": 11, "fields": {"illness": 7, "inventory_detail": 7, "quantity": null}}, {"model": "treatment.illnesstreatment", "pk": 12, "fields": {"illness": 8, "inventory_detail": 3, "quantity": null}}, {"model": "treatment.illnesstreatment", "pk": 13, "fields": {"illness": 9, "inventory_detail": 10, "quantity": null}}, {"model": "treatment.illnesstreatment", "pk": 14, "fields": {"illness": 10, "inventory_detail": 3, "quantity": null}}, {"model": "treatment.illnesstreatment", "pk": 15, "fields": {"illness": 11, "inventory_detail": 6, "quantity": null}}, {"model": "treatment.illnesstreatment", "pk": 16, "fields": {"illness": 5, "inventory_detail": 6, "quantity": 16706}}, {"model": "treatment.illnesstreatment", "pk": 17, "fields": {"illness": 10, "inventory_detail": 4, "quantity": -20905}}, {"model": "treatment.illnesstreatment", "pk": 18, "fields": {"illness": 10, "inventory_detail": 9, "quantity": -10525}}, {"model": "treatment.illnesstreatment", "pk": 19, "fields": {"illness": 11, "inventory_detail": 3, "quantity": -17914}}, {"model": "treatment.illnesstreatment", "pk": 20, "fields": {"illness": 9, "inventory_detail": 3, "quantity": -26837}}, {"model": "treatment.illnesstreatment", "pk": 21, "fields": {"illness": 7, "inventory_detail": 6, "quantity": -28421}}, {"model": "treatment.illnesstreatment", "pk": 22, "fields": {"illness": 3, "inventory_detail": 3, "quantity": 28010}}, {"model": "treatment.illnesstreatment", "pk": 23, "fields": {"illness": 11, "inventory_detail": 7, "quantity": -2326}}, {"model": "treatment.illnesstreatment", "pk": 24, "fields": {"illness": 8, "inventory_detail": 5, "quantity": -4581}}, {"model": "treatment.illnesstreatment", "pk": 25, "fields": {"illness": 10, "inventory_detail": 9, "quantity": -26911}}, {"model": "treatment.certificate", "pk": 1, "fields": {"patient": 6, "purpose": "Insurance Claims", "requested": "1985-10-06T16:34:44.864Z", "is_ready": false, "released": false}}, {"model": "treatment.certificate", "pk": 2, "fields": {"patient": 6, "purpose": "Personal Reasons", "requested": "2010-07-24T10:15:47.620Z", "is_ready": false, "released": false}}, {"model": "treatment.certificate", "pk": 3, "fields": {"patient": 8, "purpose": "School or Work Absence", "requested": "1975-02-22T09:05:58.093Z", "is_ready": false, "released": false}}, {"model": "treatment.certificate", "pk": 4, "fields": {"patient": 4, "purpose": "Personal Reasons", "requested": "2011-04-05T18:09:02.862Z", "is_ready": true, "released": false}}, {"model": "treatment.certificate", "pk": 5, "fields": {"patient": 10, "purpose": "School Absence", "requested": "1987-11-13T09:20:10.534Z", "is_ready": false, "released": true}}, {"model": "treatment.certificate", "pk": 6, "fields": {"patient": 10, "purpose": "School Absence", "requested": "1996-11-08T01:11:55.664Z", "is_ready": false, "released": false}}, {"model": "treatment.certificate", "pk": 7, "fields": {"patient": 9, "purpose": "School or Work Absence", "requested": "2015-07-22T13:20:39.424Z", "is_ready": false, "released": false}}, {"model": "treatment.certificate", "pk": 8, "fields": {"patient": 5, "purpose": "Insurance Claims", "requested": "2013-04-10T09:32:55.275Z", "is_ready": false, "released": false}}, {"model": "treatment.certificate", "pk": 9, "fields": {"patient": 10, "purpose": "Personal Reasons", "requested": "2004-10-24T05:56:58.379Z", "is_ready": true, "released": true}}, {"model": "treatment.certificate", "pk": 10, "fields": {"patient": 12, "purpose": "Work Related", "requested": "2008-02-03T03:43:48.628Z", "is_ready": false, "released": false}}, {"model": "treatment.illnessnote", "pk": 1, "fields": {"patient": 3, "attached_to": 9, "notes": "Experience particularly say air case soldier executive. Toward argue study result. Success school read see young about.\nKid allow strategy authority.", "noted_by": 12, "timestamp": "2014-02-09T16:24:37.382Z", "updated": "2006-10-25T15:16:43.721Z"}}, {"model": "treatment.illnessnote", "pk": 2, "fields": {"patient": 5, "attached_to": 10, "notes": "Job blood rest. Whatever create thus rate federal off writer.\nList company figure five many. Speech spring camera health.\nSix trouble tax media into truth. Treat age practice item push cost which.", "noted_by": 11, "timestamp": "1990-01-24T20:41:42.335Z", "updated": "1981-06-01T10:05:46.385Z"}}, {"model": "treatment.illnessnote", "pk": 3, "fields": {"patient": 5, "attached_to": 9, "notes": "Run later event glass. Word happy boy happen stop.\nThrough network window somebody bit another himself. Room base rest read big process program similar. Loss affect talk admit paper.", "noted_by": 4, "timestamp": "2002-04-21T23:04:17.652Z", "updated": "1974-12-26T00:32:55.303Z"}}, {"model": "treatment.illnessnote", "pk": 4, "fields": {"patient": 8, "attached_to": 4, "notes": "Behavior never suggest education employee. History finish friend assume.\nEven apply approach call.\nFace image who kitchen mouth treatment executive. Middle kid easy may agree.", "noted_by": 10, "timestamp": "2016-07-26T17:35:40.823Z", "updated": "1971-10-15T22:00:14.056Z"}}, {"model": "treatment.illnessnote", "pk": 5, "fields": {"patient": 7, "attached_to": 11, "notes": "Tough floor local event natural important. Physical adult food forget.\nCentury break half investment quality return over. Land value scientist risk point forward.", "noted_by": 9, "timestamp": "1982-03-17T22:13:41.049Z", "updated": "2012-05-27T18:03:46.310Z"}}, {"model": "treatment.illnessnote", "pk": 6, "fields": {"patient": 5, "attached_to": 3, "notes": "Long how present husband work. Sound sort social former wear.\nArtist manager must hand I civil company cold. Development road guy three. Machine mouth heart man.", "noted_by": 6, "timestamp": "1985-01-06T09:33:51.677Z", "updated": "2020-02-06T04:04:43.891Z"}}, {"model": "treatment.illnessnote", "pk": 7, "fields": {"patient": 8, "attached_to": 3, "notes": "At simple have produce. Pm feel century conference Mr major wide. Process sea recently develop information article final.\nListen population pay let cultural while we become.", "noted_by": 12, "timestamp": "2009-04-17T16:24:01.741Z", "updated": "2019-06-12T06:33:22.745Z"}}, {"model": "treatment.illnessnote", "pk": 8, "fields": {"patient": 11, "attached_to": 7, "notes": "Save community activity offer. Church vote pretty your cost interview power piece.\nFast task which hair smile. Phone while wife method machine hour.", "noted_by": 12, "timestamp": "2011-10-22T03:26:34.908Z", "updated": "2009-01-01T20:54:14.274Z"}}, {"model": "treatment.illnessnote", "pk": 9, "fields": {"patient": 5, "attached_to": 11, "notes": "Per section minute president record score hand. Door wait management court fear natural college her.", "noted_by": 5, "timestamp": "2024-07-28T14:14:52.444Z", "updated": "1981-02-26T09:46:51.574Z"}}, {"model": "treatment.illnessnote", "pk": 10, "fields": {"patient": 6, "attached_to": 8, "notes": "Wish expert move send player information every understand. Possible fear successful join bed. Partner time dream fine traditional.\nFirm which exist chance best choice sense.", "noted_by": 3, "timestamp": "1970-10-02T03:30:11.014Z", "updated": "2017-05-30T19:37:06.690Z"}}, {"model": "trained_models.models", "pk": 1, "fields": {"model_file": "", "time_added": "2024-09-21T14:13:05.194Z", "model_name": "diagnosis_predictor"}}, {"model": "trained_models.modellog", "pk": 1, "fields": {"model_name": 1, "update_time": "2024-09-21T14:13:05.219Z"}}, {"model": "sites.site", "pk": 1, "fields": {"domain": "example.com", "name": "example.com"}}]
