[
    {
      "model": "treatment.doctordetail",
      "pk": 1,
      "fields": {
        "doctor": 3,
        "time_avail_start": "05:47:53",
        "time_avail_end": "05:42:55",
        "avail": true
      }
    },
    {
      "model": "treatment.doctordetail",
      "pk": 2,
      "fields": {
        "doctor": 7,
        "time_avail_start": "12:51:59",
        "time_avail_end": "06:55:28",
        "avail": true
      }
    },
    {
      "model": "treatment.doctordetail",
      "pk": 3,
      "fields": {
        "doctor": 11,
        "time_avail_start": "04:56:47",
        "time_avail_end": "05:52:22",
        "avail": true
      }
    },
    {
      "model": "treatment.doctordetail",
      "pk": 4,
      "fields": {
        "doctor": 9,
        "time_avail_start": "05:48:38",
        "time_avail_end": "19:24:15",
        "avail": true
      }
    },
    {
      "model": "treatment.doctordetail",
      "pk": 5,
      "fields": {
        "doctor": 12,
        "time_avail_start": "02:35:29",
        "time_avail_end": "12:29:18",
        "avail": true
      }
    },
    {
      "model": "treatment.doctordetail",
      "pk": 6,
      "fields": {
        "doctor": 3,
        "time_avail_start": "01:24:27",
        "time_avail_end": "01:53:51",
        "avail": true
      }
    },
    {
      "model": "treatment.doctordetail",
      "pk": 9,
      "fields": {
        "doctor": 12,
        "time_avail_start": "20:04:55",
        "time_avail_end": "23:15:40",
        "avail": true
      }
    },
    {
      "model": "treatment.doctordetail",
      "pk": 10,
      "fields": {
        "doctor": 7,
        "time_avail_start": "00:41:36",
        "time_avail_end": "10:57:09",
        "avail": true
      }
    },
    {
      "model": "treatment.category",
      "pk": 1,
      "fields": {
        "category": "Blood Disorders",
        "added": "2024-09-22T12:19:23.814Z",
        "updated": "2016-09-13T23:44:53.833Z"
      }
    },
    {
      "model": "treatment.category",
      "pk": 2,
      "fields": {
        "category": "Communicable Disease",
        "added": "2024-09-22T12:19:10.057Z",
        "updated": "2017-09-17T05:55:26.006Z"
      }
    },
    {
      "model": "treatment.category",
      "pk": 3,
      "fields": {
        "category": "Eyes, Ears, Nose, Throat Disorders",
        "added": "2024-09-22T12:18:44.706Z",
        "updated": "1993-11-18T13:51:50.545Z"
      }
    },
    {
      "model": "treatment.category",
      "pk": 4,
      "fields": {
        "category": "Cardiovascular System",
        "added": "2024-09-22T12:18:18.207Z",
        "updated": "1988-09-24T02:30:14.687Z"
      }
    },
    {
      "model": "treatment.category",
      "pk": 5,
      "fields": {
        "category": "Metabolic Endocrine System",
        "added": "2024-09-22T12:17:57.496Z",
        "updated": "2005-03-20T02:36:16.247Z"
      }
    },
    {
      "model": "treatment.category",
      "pk": 6,
      "fields": {
        "category": "Urinary System",
        "added": "2024-09-22T12:17:33.331Z",
        "updated": "1979-02-17T16:38:47.002Z"
      }
    },
    {
      "model": "treatment.category",
      "pk": 7,
      "fields": {
        "category": "Intergumentary System",
        "added": "2024-09-22T12:17:17.943Z",
        "updated": "2004-07-14T02:24:21.155Z"
      }
    },
    {
      "model": "treatment.category",
      "pk": 8,
      "fields": {
        "category": "Musculo-skeletal System",
        "added": "2024-09-22T12:16:58.439Z",
        "updated": "1994-08-21T04:44:11.761Z"
      }
    },
    {
      "model": "treatment.category",
      "pk": 9,
      "fields": {
        "category": "Respiratory System",
        "added": "2024-09-22T12:16:45.589Z",
        "updated": "1987-11-28T17:40:10.349Z"
      }
    },
    {
      "model": "treatment.category",
      "pk": 10,
      "fields": {
        "category": "Alimentary System",
        "added": "2024-09-22T12:16:33.695Z",
        "updated": "2008-07-19T18:35:12.760Z"
      }
    },
    {
      "model": "treatment.category",
      "pk": 11,
      "fields": {
        "category": "Neurological  Disorders",
        "added": "2024-09-22T12:19:54.518Z",
        "updated": "2024-09-22T12:19:54.518Z"
      }
    },
    {
      "model": "treatment.category",
      "pk": 12,
      "fields": {
        "category": "OB-Gyne Cases",
        "added": "2024-09-22T12:20:41.975Z",
        "updated": "2024-09-22T12:20:04.422Z"
      }
    },
    {
      "model": "treatment.illness",
      "pk": 1,
      "fields": {
        "patient": 1,
        "issue": "Masakit puson niya",
        "illness_category": 1,
        "staff": 2,
        "doctor": null,
        "added": "2024-09-22T10:33:41.468Z",
        "updated": "2024-09-22T12:36:33.567Z",
        "diagnosis": ""
      }
    },
    {
      "model": "treatment.illness",
      "pk": 2,
      "fields": {
        "patient": 12,
        "issue": "Magazine would how discuss realize easy leave. Their wall office tax great yes indicate.\nMay hot somebody notice nor line. Game amount experience my trouble. Hear have follow summer be education.",
        "illness_category": 6,
        "staff": 11,
        "doctor": 6,
        "added": "1978-09-10T03:45:58.063Z",
        "updated": "2000-02-28T22:42:47.657Z",
        "diagnosis": "Cause development town today exist. Food support continue could must. White hotel remember need eye."
      }
    },
    {
      "model": "treatment.illness",
      "pk": 3,
      "fields": {
        "patient": 11,
        "issue": "Rich seek skill Congress cold. Stuff edge thought month over activity.\nStandard summer with within whom wait. Along board technology ok after professor kid position.",
        "illness_category": 8,
        "staff": 11,
        "doctor": 12,
        "added": "1975-09-03T14:07:53.246Z",
        "updated": "1970-04-03T15:19:42.225Z",
        "diagnosis": "Forward state without friend account lot recently. Policy century real mention. Student field participant his for suggest quality conference."
      }
    },
    {
      "model": "treatment.illness",
      "pk": 4,
      "fields": {
        "patient": 11,
        "issue": "This especially others court other. Series before news require along goal contain. Agent great alone he window seat.\nMaybe better suggest forward lay former watch. Coach play quite loss your course.",
        "illness_category": 3,
        "staff": 10,
        "doctor": 7,
        "added": "2001-07-18T01:20:19.254Z",
        "updated": "2022-04-24T19:42:05.902Z",
        "diagnosis": "Tv live do company argue agent. Write administration development include physical. Summer idea dark several."
      }
    },
    {
      "model": "treatment.illness",
      "pk": 5,
      "fields": {
        "patient": 8,
        "issue": "Line executive line best. International trouble away start project thank. A matter grow probably own. Republican present lawyer watch sort future safe.",
        "illness_category": 3,
        "staff": 3,
        "doctor": 3,
        "added": "2009-01-05T21:30:41.077Z",
        "updated": "1973-06-18T22:45:39.176Z",
        "diagnosis": "Policy traditional final cover finally near individual. Information others need season finish trade his economic."
      }
    },
    {
      "model": "treatment.illness",
      "pk": 6,
      "fields": {
        "patient": 10,
        "issue": "Travel official rich need. Message arm pull deep hand property.\r\nConsumer score risk operation. Show scene discussion old kid fine.",
        "illness_category": 6,
        "staff": 3,
        "doctor": 11,
        "added": "2023-07-22T06:27:24.574Z",
        "updated": "2024-09-22T12:36:45.362Z",
        "diagnosis": "Fight name attack air age democratic environment. Town test evidence law wish.\r\nAttack chance into society. Onto couple also American myself our."
      }
    },
    {
      "model": "treatment.illness",
      "pk": 7,
      "fields": {
        "patient": 5,
        "issue": "Benefit total particular save. Everything cup yeah become relate.\nHotel spend history person. Herself bad door safe. Owner Mrs address or bank walk. Actually size pass house.",
        "illness_category": 1,
        "staff": 7,
        "doctor": 6,
        "added": "2006-10-18T03:21:08.033Z",
        "updated": "1989-12-05T20:44:18.604Z",
        "diagnosis": "Service read step forget. Mouth effort mouth activity parent.\nAway call property serve short leg. Have security goal order look town. Choose three sell beat health road wide."
      }
    },
    {
      "model": "treatment.illness",
      "pk": 8,
      "fields": {
        "patient": 12,
        "issue": "Moment to friend thus issue protect space movie. Hot still together finish law significant. Key special someone time artist offer another likely. Drug everything adult near speech watch wide.",
        "illness_category": 10,
        "staff": 12,
        "doctor": 12,
        "added": "2015-09-26T11:35:30.708Z",
        "updated": "1988-09-10T19:50:54.289Z",
        "diagnosis": "Time dinner officer professional hand management. Director fund beat discussion song.\nEnter second idea similar exactly worry. Raise know price no. Cell sell certainly."
      }
    },
    {
      "model": "treatment.illness",
      "pk": 9,
      "fields": {
        "patient": 7,
        "issue": "Green role if occur.\nGo figure give though opportunity phone president. Wear add lay including war.\nBring building quite care style.",
        "illness_category": 8,
        "staff": 6,
        "doctor": 4,
        "added": "1997-04-08T23:26:38.811Z",
        "updated": "2021-07-22T00:48:11.888Z",
        "diagnosis": "Wish position group understand for laugh game. Anyone lot education learn sit stay animal."
      }
    },
    {
      "model": "treatment.illness",
      "pk": 10,
      "fields": {
        "patient": 6,
        "issue": "Easy significant executive.\nDay than small most score good condition. Human under same pattern ahead especially director painting. Treat body leg day hold expect.",
        "illness_category": 5,
        "staff": 10,
        "doctor": 11,
        "added": "2004-06-27T21:24:59.852Z",
        "updated": "2006-03-03T18:32:49.196Z",
        "diagnosis": "Work evidence style. Leave serious actually economy pay build answer after. Statement determine month."
      }
    },
    {
      "model": "treatment.illness",
      "pk": 11,
      "fields": {
        "patient": 12,
        "issue": "Student blood how song red thousand firm. Admit floor approach age put.\nStatement cultural party significant now south common. Fact rule summer age standard. Will Democrat explain knowledge look.",
        "illness_category": 5,
        "staff": 6,
        "doctor": 7,
        "added": "1973-04-02T20:01:55.965Z",
        "updated": "2018-03-19T10:22:18.053Z",
        "diagnosis": "Set rest phone option key point. Daughter happen up war science themselves.\nShoulder member himself dinner fall total history would. Yeah owner tell per later. Base word authority itself."
      }
    },
    {
      "model": "treatment.certificate",
      "pk": 1,
      "fields": {
        "patient": 6,
        "purpose": "Insurance Claims",
        "requested": "1985-10-06T16:34:44.864Z",
        "is_ready": false,
        "released": false
      }
    },
    {
      "model": "treatment.certificate",
      "pk": 2,
      "fields": {
        "patient": 6,
        "purpose": "Personal Reasons",
        "requested": "2010-07-24T10:15:47.620Z",
        "is_ready": false,
        "released": false
      }
    },
    {
      "model": "treatment.certificate",
      "pk": 3,
      "fields": {
        "patient": 8,
        "purpose": "School or Work Absence",
        "requested": "1975-02-22T09:05:58.093Z",
        "is_ready": false,
        "released": false
      }
    },
    {
      "model": "treatment.certificate",
      "pk": 4,
      "fields": {
        "patient": 4,
        "purpose": "Personal Reasons",
        "requested": "2011-04-05T18:09:02.862Z",
        "is_ready": true,
        "released": false
      }
    },
    {
      "model": "treatment.certificate",
      "pk": 5,
      "fields": {
        "patient": 10,
        "purpose": "School Absence",
        "requested": "1987-11-13T09:20:10.534Z",
        "is_ready": false,
        "released": true
      }
    },
    {
      "model": "treatment.certificate",
      "pk": 6,
      "fields": {
        "patient": 10,
        "purpose": "School Absence",
        "requested": "1996-11-08T01:11:55.664Z",
        "is_ready": false,
        "released": false
      }
    },
    {
      "model": "treatment.certificate",
      "pk": 7,
      "fields": {
        "patient": 9,
        "purpose": "School or Work Absence",
        "requested": "2015-07-22T13:20:39.424Z",
        "is_ready": false,
        "released": false
      }
    },
    {
      "model": "treatment.certificate",
      "pk": 8,
      "fields": {
        "patient": 5,
        "purpose": "Insurance Claims",
        "requested": "2013-04-10T09:32:55.275Z",
        "is_ready": false,
        "released": false
      }
    },
    {
      "model": "treatment.certificate",
      "pk": 9,
      "fields": {
        "patient": 10,
        "purpose": "Personal Reasons",
        "requested": "2004-10-24T05:56:58.379Z",
        "is_ready": true,
        "released": true
      }
    },
    {
      "model": "treatment.certificate",
      "pk": 10,
      "fields": {
        "patient": 12,
        "purpose": "Work Related",
        "requested": "2008-02-03T03:43:48.628Z",
        "is_ready": false,
        "released": false
      }
    },
    {
      "model": "treatment.illnessnote",
      "pk": 1,
      "fields": {
        "patient": 3,
        "attached_to": 9,
        "notes": "Experience particularly say air case soldier executive. Toward argue study result. Success school read see young about.\nKid allow strategy authority.",
        "noted_by": 12,
        "timestamp": "2014-02-09T16:24:37.382Z",
        "updated": "2006-10-25T15:16:43.721Z"
      }
    },
    {
      "model": "treatment.illnessnote",
      "pk": 2,
      "fields": {
        "patient": 5,
        "attached_to": 10,
        "notes": "Job blood rest. Whatever create thus rate federal off writer.\nList company figure five many. Speech spring camera health.\nSix trouble tax media into truth. Treat age practice item push cost which.",
        "noted_by": 11,
        "timestamp": "1990-01-24T20:41:42.335Z",
        "updated": "1981-06-01T10:05:46.385Z"
      }
    },
    {
      "model": "treatment.illnessnote",
      "pk": 3,
      "fields": {
        "patient": 5,
        "attached_to": 9,
        "notes": "Run later event glass. Word happy boy happen stop.\nThrough network window somebody bit another himself. Room base rest read big process program similar. Loss affect talk admit paper.",
        "noted_by": 4,
        "timestamp": "2002-04-21T23:04:17.652Z",
        "updated": "1974-12-26T00:32:55.303Z"
      }
    },
    {
      "model": "treatment.illnessnote",
      "pk": 4,
      "fields": {
        "patient": 8,
        "attached_to": 4,
        "notes": "Behavior never suggest education employee. History finish friend assume.\nEven apply approach call.\nFace image who kitchen mouth treatment executive. Middle kid easy may agree.",
        "noted_by": 10,
        "timestamp": "2016-07-26T17:35:40.823Z",
        "updated": "1971-10-15T22:00:14.056Z"
      }
    },
    {
      "model": "treatment.illnessnote",
      "pk": 5,
      "fields": {
        "patient": 7,
        "attached_to": 11,
        "notes": "Tough floor local event natural important. Physical adult food forget.\nCentury break half investment quality return over. Land value scientist risk point forward.",
        "noted_by": 9,
        "timestamp": "1982-03-17T22:13:41.049Z",
        "updated": "2012-05-27T18:03:46.310Z"
      }
    },
    {
      "model": "treatment.illnessnote",
      "pk": 6,
      "fields": {
        "patient": 5,
        "attached_to": 3,
        "notes": "Long how present husband work. Sound sort social former wear.\nArtist manager must hand I civil company cold. Development road guy three. Machine mouth heart man.",
        "noted_by": 6,
        "timestamp": "1985-01-06T09:33:51.677Z",
        "updated": "2020-02-06T04:04:43.891Z"
      }
    },
    {
      "model": "treatment.illnessnote",
      "pk": 7,
      "fields": {
        "patient": 8,
        "attached_to": 3,
        "notes": "At simple have produce. Pm feel century conference Mr major wide. Process sea recently develop information article final.\nListen population pay let cultural while we become.",
        "noted_by": 12,
        "timestamp": "2009-04-17T16:24:01.741Z",
        "updated": "2019-06-12T06:33:22.745Z"
      }
    },
    {
      "model": "treatment.illnessnote",
      "pk": 8,
      "fields": {
        "patient": 11,
        "attached_to": 7,
        "notes": "Save community activity offer. Church vote pretty your cost interview power piece.\nFast task which hair smile. Phone while wife method machine hour.",
        "noted_by": 12,
        "timestamp": "2011-10-22T03:26:34.908Z",
        "updated": "2009-01-01T20:54:14.274Z"
      }
    },
    {
      "model": "treatment.illnessnote",
      "pk": 9,
      "fields": {
        "patient": 5,
        "attached_to": 11,
        "notes": "Per section minute president record score hand. Door wait management court fear natural college her.",
        "noted_by": 5,
        "timestamp": "2024-07-28T14:14:52.444Z",
        "updated": "1981-02-26T09:46:51.574Z"
      }
    },
    {
      "model": "treatment.illnessnote",
      "pk": 10,
      "fields": {
        "patient": 6,
        "attached_to": 8,
        "notes": "Wish expert move send player information every understand. Possible fear successful join bed. Partner time dream fine traditional.\nFirm which exist chance best choice sense.",
        "noted_by": 3,
        "timestamp": "1970-10-02T03:30:11.014Z",
        "updated": "2017-05-30T19:37:06.690Z"
      }
    }
  ]
